ISO-10303-21;
HEADER;
FILE_DESCRIPTION(('zoo.dev export'), '2;1');
FILE_NAME('output.step', '2026-08-11T07:54:17.241174417+00:00', (''), (''), 'zoo.dev beta', 'zoo.dev', '');
FILE_SCHEMA(('AP242_MANAGED_MODEL_BASED_3D_ENGINEERING_MIM_LF'));
ENDSEC;
DATA;
#1 = (
  LENGTH_UNIT()
  NAMED_UNIT(*)
  SI_UNIT(.MILLI., .METRE.)
);
#2 = (
  NAMED_UNIT(*)
  PLANE_ANGLE_UNIT()
  SI_UNIT($, .RADIAN.)
);
#3 = UNCERTAINTY_MEASURE_WITH_UNIT(LENGTH_MEASURE(0.01), #1, 'DISTANCE_ACCURACY_VALUE', $);
#4 = (
  GEOMETRIC_REPRESENTATION_CONTEXT(3)
  GLOBAL_UNCERTAINTY_ASSIGNED_CONTEXT((#3))
  GLOBAL_UNIT_ASSIGNED_CONTEXT((#1, #2))
  REPRESENTATION_CONTEXT('3D', '3D context')
);
#5 = CARTESIAN_POINT('', (106., 73., 3.));
#6 = VERTEX_POINT('', #5);
#7 = CARTESIAN_POINT('', (106., 73., 27.));
#8 = VERTEX_POINT('', #7);
#9 = CARTESIAN_POINT('', (114., 73., 27.));
#10 = VERTEX_POINT('', #9);
#11 = CARTESIAN_POINT('', (114., 73., 3.));
#12 = VERTEX_POINT('', #11);
#13 = CARTESIAN_POINT('', (106., 43., 27.));
#14 = VERTEX_POINT('', #13);
#15 = CARTESIAN_POINT('', (114., 43., 27.));
#16 = VERTEX_POINT('', #15);
#17 = CARTESIAN_POINT('', (106., 43., 3.));
#18 = VERTEX_POINT('', #17);
#19 = CARTESIAN_POINT('', (114., 43., 3.));
#20 = VERTEX_POINT('', #19);
#21 = CARTESIAN_POINT('', (106., 67., 15.));
#22 = VERTEX_POINT('', #21);
#23 = CARTESIAN_POINT('', (106., 49., 15.));
#24 = VERTEX_POINT('', #23);
#25 = CARTESIAN_POINT('', (114., 67., 15.));
#26 = VERTEX_POINT('', #25);
#27 = CARTESIAN_POINT('', (114., 49., 15.));
#28 = VERTEX_POINT('', #27);
#29 = CARTESIAN_POINT('', (106., 58.0000007, 6.));
#30 = VERTEX_POINT('', #29);
#31 = CARTESIAN_POINT('', (106., 57.9999993, 24.));
#32 = VERTEX_POINT('', #31);
#33 = CARTESIAN_POINT('', (114., 57.99999925, 6.));
#34 = VERTEX_POINT('', #33);
#35 = CARTESIAN_POINT('', (114., 58.00000075, 24.));
#36 = VERTEX_POINT('', #35);
#37 = CARTESIAN_POINT('', (105., 29., -2.));
#38 = VERTEX_POINT('', #37);
#39 = CARTESIAN_POINT('', (105., 41., -2.));
#40 = VERTEX_POINT('', #39);
#41 = CARTESIAN_POINT('', (105., 41., 2.));
#42 = VERTEX_POINT('', #41);
#43 = CARTESIAN_POINT('', (105., 29., 2.));
#44 = VERTEX_POINT('', #43);
#45 = CARTESIAN_POINT('', (45., 41., -2.));
#46 = VERTEX_POINT('', #45);
#47 = CARTESIAN_POINT('', (45., 41., 2.));
#48 = VERTEX_POINT('', #47);
#49 = CARTESIAN_POINT('', (45., 29., -2.));
#50 = VERTEX_POINT('', #49);
#51 = CARTESIAN_POINT('', (45., 29., 2.));
#52 = VERTEX_POINT('', #51);
#53 = CARTESIAN_POINT('', (20., 47., 40.5));
#54 = VERTEX_POINT('', #53);
#55 = CARTESIAN_POINT('', (20., 47., 48.5));
#56 = VERTEX_POINT('', #55);
#57 = CARTESIAN_POINT('', (50., 23., 40.5));
#58 = VERTEX_POINT('', #57);
#59 = CARTESIAN_POINT('', (50., 23., 48.5));
#60 = VERTEX_POINT('', #59);
#61 = CARTESIAN_POINT('', (20., 23., 40.5));
#62 = VERTEX_POINT('', #61);
#63 = CARTESIAN_POINT('', (20., 23., 48.5));
#64 = VERTEX_POINT('', #63);
#65 = CARTESIAN_POINT('', (8., 55., 3.5));
#66 = VERTEX_POINT('', #65);
#67 = CARTESIAN_POINT('', (8., 55., 37.5));
#68 = VERTEX_POINT('', #67);
#69 = CARTESIAN_POINT('', (58., 15., 3.5));
#70 = VERTEX_POINT('', #69);
#71 = CARTESIAN_POINT('', (58., 15., 37.5));
#72 = VERTEX_POINT('', #71);
#73 = CARTESIAN_POINT('', (8., 15., 3.5));
#74 = VERTEX_POINT('', #73);
#75 = CARTESIAN_POINT('', (8., 15., 37.5));
#76 = VERTEX_POINT('', #75);
#77 = CARTESIAN_POINT('', (-66., 28., -65.));
#78 = VERTEX_POINT('', #77);
#79 = CARTESIAN_POINT('', (-66., 28., -2.));
#80 = VERTEX_POINT('', #79);
#81 = CARTESIAN_POINT('', (74., -28., -65.));
#82 = VERTEX_POINT('', #81);
#83 = CARTESIAN_POINT('', (74., -28., -2.));
#84 = VERTEX_POINT('', #83);
#85 = CARTESIAN_POINT('', (74., 28., -65.));
#86 = VERTEX_POINT('', #85);
#87 = CARTESIAN_POINT('', (74., 28., -2.));
#88 = VERTEX_POINT('', #87);
#89 = CARTESIAN_POINT('', (6., 0., 269.));
#90 = VERTEX_POINT('', #89);
#91 = CARTESIAN_POINT('', (6., 0., 279.));
#92 = VERTEX_POINT('', #91);
#93 = CARTESIAN_POINT('', (223.14779886, 92.4308447, -145.));
#94 = VERTEX_POINT('', #93);
#95 = CARTESIAN_POINT('', (223.14779886, 92.4308447, -135.));
#96 = VERTEX_POINT('', #95);
#97 = CARTESIAN_POINT('', (92.4308447, 223.14779886, -145.));
#98 = VERTEX_POINT('', #97);
#99 = CARTESIAN_POINT('', (92.4308447, 223.14779886, -135.));
#100 = VERTEX_POINT('', #99);
#101 = CARTESIAN_POINT('', (-92.4308447, 223.14779886, -145.));
#102 = VERTEX_POINT('', #101);
#103 = CARTESIAN_POINT('', (-92.4308447, 223.14779886, -135.));
#104 = VERTEX_POINT('', #103);
#105 = CARTESIAN_POINT('', (-223.14779886, 92.4308447, -145.));
#106 = VERTEX_POINT('', #105);
#107 = CARTESIAN_POINT('', (-223.14779886, 92.4308447, -135.));
#108 = VERTEX_POINT('', #107);
#109 = CARTESIAN_POINT('', (-223.14779886, -92.4308447, -145.));
#110 = VERTEX_POINT('', #109);
#111 = CARTESIAN_POINT('', (-223.14779886, -92.4308447, -135.));
#112 = VERTEX_POINT('', #111);
#113 = CARTESIAN_POINT('', (-92.4308447, -223.14779886, -145.));
#114 = VERTEX_POINT('', #113);
#115 = CARTESIAN_POINT('', (-92.4308447, -223.14779886, -135.));
#116 = VERTEX_POINT('', #115);
#117 = CARTESIAN_POINT('', (92.4308447, -223.14779886, -145.));
#118 = VERTEX_POINT('', #117);
#119 = CARTESIAN_POINT('', (92.4308447, -223.14779886, -135.));
#120 = VERTEX_POINT('', #119);
#121 = CARTESIAN_POINT('', (223.14779886, -92.4308447, -145.));
#122 = VERTEX_POINT('', #121);
#123 = CARTESIAN_POINT('', (223.14779886, -92.4308447, -135.));
#124 = VERTEX_POINT('', #123);
#125 = CARTESIAN_POINT('', (258.6862691, 107.15136106, -5.));
#126 = VERTEX_POINT('', #125);
#127 = CARTESIAN_POINT('', (258.6862691, 107.15136106, 5.));
#128 = VERTEX_POINT('', #127);
#129 = CARTESIAN_POINT('', (107.15136106, 258.6862691, -5.));
#130 = VERTEX_POINT('', #129);
#131 = CARTESIAN_POINT('', (107.15136106, 258.6862691, 5.));
#132 = VERTEX_POINT('', #131);
#133 = CARTESIAN_POINT('', (-107.15136106, 258.6862691, -5.));
#134 = VERTEX_POINT('', #133);
#135 = CARTESIAN_POINT('', (-107.15136106, 258.6862691, 5.));
#136 = VERTEX_POINT('', #135);
#137 = CARTESIAN_POINT('', (-258.6862691, 107.15136106, -5.));
#138 = VERTEX_POINT('', #137);
#139 = CARTESIAN_POINT('', (-258.6862691, 107.15136106, 5.));
#140 = VERTEX_POINT('', #139);
#141 = CARTESIAN_POINT('', (-258.6862691, -107.15136106, -5.));
#142 = VERTEX_POINT('', #141);
#143 = CARTESIAN_POINT('', (-258.6862691, -107.15136106, 5.));
#144 = VERTEX_POINT('', #143);
#145 = CARTESIAN_POINT('', (-107.15136106, -258.6862691, -5.));
#146 = VERTEX_POINT('', #145);
#147 = CARTESIAN_POINT('', (-107.15136106, -258.6862691, 5.));
#148 = VERTEX_POINT('', #147);
#149 = CARTESIAN_POINT('', (107.15136106, -258.6862691, -5.));
#150 = VERTEX_POINT('', #149);
#151 = CARTESIAN_POINT('', (107.15136106, -258.6862691, 5.));
#152 = VERTEX_POINT('', #151);
#153 = CARTESIAN_POINT('', (258.6862691, -107.15136106, -5.));
#154 = VERTEX_POINT('', #153);
#155 = CARTESIAN_POINT('', (258.6862691, -107.15136106, 5.));
#156 = VERTEX_POINT('', #155);
#157 = CARTESIAN_POINT('', (228.38026266, 94.59820217, 125.));
#158 = VERTEX_POINT('', #157);
#159 = CARTESIAN_POINT('', (228.38026266, 94.59820217, 135.));
#160 = VERTEX_POINT('', #159);
#161 = CARTESIAN_POINT('', (94.59820217, 228.38026266, 125.));
#162 = VERTEX_POINT('', #161);
#163 = CARTESIAN_POINT('', (94.59820217, 228.38026266, 135.));
#164 = VERTEX_POINT('', #163);
#165 = CARTESIAN_POINT('', (-94.59820217, 228.38026266, 125.));
#166 = VERTEX_POINT('', #165);
#167 = CARTESIAN_POINT('', (-94.59820217, 228.38026266, 135.));
#168 = VERTEX_POINT('', #167);
#169 = CARTESIAN_POINT('', (-228.38026266, 94.59820217, 125.));
#170 = VERTEX_POINT('', #169);
#171 = CARTESIAN_POINT('', (-228.38026266, 94.59820217, 135.));
#172 = VERTEX_POINT('', #171);
#173 = CARTESIAN_POINT('', (-228.38026266, -94.59820217, 125.));
#174 = VERTEX_POINT('', #173);
#175 = CARTESIAN_POINT('', (-228.38026266, -94.59820217, 135.));
#176 = VERTEX_POINT('', #175);
#177 = CARTESIAN_POINT('', (-94.59820217, -228.38026266, 125.));
#178 = VERTEX_POINT('', #177);
#179 = CARTESIAN_POINT('', (-94.59820217, -228.38026266, 135.));
#180 = VERTEX_POINT('', #179);
#181 = CARTESIAN_POINT('', (94.59820217, -228.38026266, 125.));
#182 = VERTEX_POINT('', #181);
#183 = CARTESIAN_POINT('', (94.59820217, -228.38026266, 135.));
#184 = VERTEX_POINT('', #183);
#185 = CARTESIAN_POINT('', (228.38026266, -94.59820217, 125.));
#186 = VERTEX_POINT('', #185);
#187 = CARTESIAN_POINT('', (228.38026266, -94.59820217, 135.));
#188 = VERTEX_POINT('', #187);
#189 = CARTESIAN_POINT('', (50., 47., 40.5));
#190 = VERTEX_POINT('', #189);
#191 = CARTESIAN_POINT('', (50., 47., 48.5));
#192 = VERTEX_POINT('', #191);
#193 = CARTESIAN_POINT('', (60., 10., 37.5));
#194 = VERTEX_POINT('', #193);
#195 = CARTESIAN_POINT('', (60., 60., 37.5));
#196 = VERTEX_POINT('', #195);
#197 = CARTESIAN_POINT('', (60., 60., 40.5));
#198 = VERTEX_POINT('', #197);
#199 = CARTESIAN_POINT('', (60., 10., 40.5));
#200 = VERTEX_POINT('', #199);
#201 = CARTESIAN_POINT('', (0., 60., 37.5));
#202 = VERTEX_POINT('', #201);
#203 = CARTESIAN_POINT('', (0., 60., 40.5));
#204 = VERTEX_POINT('', #203);
#205 = CARTESIAN_POINT('', (0., 10., 37.5));
#206 = VERTEX_POINT('', #205);
#207 = CARTESIAN_POINT('', (0., 10., 40.5));
#208 = VERTEX_POINT('', #207);
#209 = CARTESIAN_POINT('', (2., 0., 122.));
#210 = VERTEX_POINT('', #209);
#211 = CARTESIAN_POINT('', (2., 0., 274.));
#212 = VERTEX_POINT('', #211);
#213 = CARTESIAN_POINT('', (42.17171065, -47.8285649, 118.));
#214 = VERTEX_POINT('', #213);
#215 = CARTESIAN_POINT('', (47.8285649, -42.17171065, 118.));
#216 = VERTEX_POINT('', #215);
#217 = CARTESIAN_POINT('', (47.8285649, -42.17171065, 124.));
#218 = VERTEX_POINT('', #217);
#219 = CARTESIAN_POINT('', (42.17171065, -47.8285649, 124.));
#220 = VERTEX_POINT('', #219);
#221 = CARTESIAN_POINT('', (2.82828935, 2.8285649, 118.));
#222 = VERTEX_POINT('', #221);
#223 = CARTESIAN_POINT('', (2.82828935, 2.8285649, 124.));
#224 = VERTEX_POINT('', #223);
#225 = CARTESIAN_POINT('', (-2.8285649, -2.82828935, 118.));
#226 = VERTEX_POINT('', #225);
#227 = CARTESIAN_POINT('', (-2.8285649, -2.82828935, 124.));
#228 = VERTEX_POINT('', #227);
#229 = CARTESIAN_POINT('', (58., 55., 3.5));
#230 = VERTEX_POINT('', #229);
#231 = CARTESIAN_POINT('', (58., 55., 37.5));
#232 = VERTEX_POINT('', #231);
#233 = CARTESIAN_POINT('', (103.5, 50., -5.));
#234 = VERTEX_POINT('', #233);
#235 = CARTESIAN_POINT('', (103.5, 50., 35.));
#236 = VERTEX_POINT('', #235);
#237 = CARTESIAN_POINT('', (106.5, 50., 35.));
#238 = VERTEX_POINT('', #237);
#239 = CARTESIAN_POINT('', (106.5, 50., -5.));
#240 = VERTEX_POINT('', #239);
#241 = CARTESIAN_POINT('', (103.5, -50., 35.));
#242 = VERTEX_POINT('', #241);
#243 = CARTESIAN_POINT('', (106.5, -50., 35.));
#244 = VERTEX_POINT('', #243);
#245 = CARTESIAN_POINT('', (103.5, -50., -5.));
#246 = VERTEX_POINT('', #245);
#247 = CARTESIAN_POINT('', (106.5, -50., -5.));
#248 = VERTEX_POINT('', #247);
#249 = CARTESIAN_POINT('', (105., -41., -2.));
#250 = VERTEX_POINT('', #249);
#251 = CARTESIAN_POINT('', (105., -29., -2.));
#252 = VERTEX_POINT('', #251);
#253 = CARTESIAN_POINT('', (105., -29., 2.));
#254 = VERTEX_POINT('', #253);
#255 = CARTESIAN_POINT('', (105., -41., 2.));
#256 = VERTEX_POINT('', #255);
#257 = CARTESIAN_POINT('', (45., -29., -2.));
#258 = VERTEX_POINT('', #257);
#259 = CARTESIAN_POINT('', (45., -29., 2.));
#260 = VERTEX_POINT('', #259);
#261 = CARTESIAN_POINT('', (45., -41., -2.));
#262 = VERTEX_POINT('', #261);
#263 = CARTESIAN_POINT('', (45., -41., 2.));
#264 = VERTEX_POINT('', #263);
#265 = CARTESIAN_POINT('', (210.84799769, 109.24799769, 38.));
#266 = VERTEX_POINT('', #265);
#267 = CARTESIAN_POINT('', (210.84799769, 109.24799769, 39.));
#268 = VERTEX_POINT('', #267);
#269 = CARTESIAN_POINT('', (-109.24799769, 210.84799769, 38.));
#270 = VERTEX_POINT('', #269);
#271 = CARTESIAN_POINT('', (-109.24799769, 210.84799769, 39.));
#272 = VERTEX_POINT('', #271);
#273 = CARTESIAN_POINT('', (-210.84799769, -109.24799769, 38.));
#274 = VERTEX_POINT('', #273);
#275 = CARTESIAN_POINT('', (-210.84799769, -109.24799769, 39.));
#276 = VERTEX_POINT('', #275);
#277 = CARTESIAN_POINT('', (109.24799769, -210.84799769, 38.));
#278 = VERTEX_POINT('', #277);
#279 = CARTESIAN_POINT('', (109.24799769, -210.84799769, 39.));
#280 = VERTEX_POINT('', #279);
#281 = CARTESIAN_POINT('', (49.4, 19.1, 48.5));
#282 = VERTEX_POINT('', #281);
#283 = CARTESIAN_POINT('', (49.4, 50.9, 48.5));
#284 = VERTEX_POINT('', #283);
#285 = CARTESIAN_POINT('', (49.4, 50.9, 65.3));
#286 = VERTEX_POINT('', #285);
#287 = CARTESIAN_POINT('', (49.4, 19.1, 65.3));
#288 = VERTEX_POINT('', #287);
#289 = CARTESIAN_POINT('', (10.6, 50.9, 48.5));
#290 = VERTEX_POINT('', #289);
#291 = CARTESIAN_POINT('', (10.6, 50.9, 65.3));
#292 = VERTEX_POINT('', #291);
#293 = CARTESIAN_POINT('', (10.6, 19.1, 48.5));
#294 = VERTEX_POINT('', #293);
#295 = CARTESIAN_POINT('', (10.6, 19.1, 65.3));
#296 = VERTEX_POINT('', #295);
#297 = CARTESIAN_POINT('', (49., -45., 2.));
#298 = VERTEX_POINT('', #297);
#299 = CARTESIAN_POINT('', (49., -45., 92.));
#300 = VERTEX_POINT('', #299);
#301 = CARTESIAN_POINT('', (55.49747468, 43.49747468, -73.));
#302 = VERTEX_POINT('', #301);
#303 = CARTESIAN_POINT('', (55.49747468, 55.49747468, -73.));
#304 = VERTEX_POINT('', #303);
#305 = CARTESIAN_POINT('', (55.49747468, 55.49747468, -3.));
#306 = VERTEX_POINT('', #305);
#307 = CARTESIAN_POINT('', (55.49747468, 43.49747468, -3.));
#308 = VERTEX_POINT('', #307);
#309 = CARTESIAN_POINT('', (43.49747468, 55.49747468, -73.));
#310 = VERTEX_POINT('', #309);
#311 = CARTESIAN_POINT('', (43.49747468, 55.49747468, -3.));
#312 = VERTEX_POINT('', #311);
#313 = CARTESIAN_POINT('', (43.49747468, 43.49747468, -73.));
#314 = VERTEX_POINT('', #313);
#315 = CARTESIAN_POINT('', (43.49747468, 43.49747468, -3.));
#316 = VERTEX_POINT('', #315);
#317 = CARTESIAN_POINT('', (-43.49747468, 55.49747468, -73.));
#318 = VERTEX_POINT('', #317);
#319 = CARTESIAN_POINT('', (-55.49747468, 55.49747468, -73.));
#320 = VERTEX_POINT('', #319);
#321 = CARTESIAN_POINT('', (-55.49747468, 55.49747468, -3.));
#322 = VERTEX_POINT('', #321);
#323 = CARTESIAN_POINT('', (-43.49747468, 55.49747468, -3.));
#324 = VERTEX_POINT('', #323);
#325 = CARTESIAN_POINT('', (-55.49747468, 43.49747468, -73.));
#326 = VERTEX_POINT('', #325);
#327 = CARTESIAN_POINT('', (-55.49747468, 43.49747468, -3.));
#328 = VERTEX_POINT('', #327);
#329 = CARTESIAN_POINT('', (-43.49747468, 43.49747468, -73.));
#330 = VERTEX_POINT('', #329);
#331 = CARTESIAN_POINT('', (-43.49747468, 43.49747468, -3.));
#332 = VERTEX_POINT('', #331);
#333 = CARTESIAN_POINT('', (-55.49747468, -43.49747468, -73.));
#334 = VERTEX_POINT('', #333);
#335 = CARTESIAN_POINT('', (-55.49747468, -55.49747468, -73.));
#336 = VERTEX_POINT('', #335);
#337 = CARTESIAN_POINT('', (-55.49747468, -55.49747468, -3.));
#338 = VERTEX_POINT('', #337);
#339 = CARTESIAN_POINT('', (-55.49747468, -43.49747468, -3.));
#340 = VERTEX_POINT('', #339);
#341 = CARTESIAN_POINT('', (-43.49747468, -55.49747468, -73.));
#342 = VERTEX_POINT('', #341);
#343 = CARTESIAN_POINT('', (-43.49747468, -55.49747468, -3.));
#344 = VERTEX_POINT('', #343);
#345 = CARTESIAN_POINT('', (-43.49747468, -43.49747468, -73.));
#346 = VERTEX_POINT('', #345);
#347 = CARTESIAN_POINT('', (-43.49747468, -43.49747468, -3.));
#348 = VERTEX_POINT('', #347);
#349 = CARTESIAN_POINT('', (43.49747468, -55.49747468, -73.));
#350 = VERTEX_POINT('', #349);
#351 = CARTESIAN_POINT('', (55.49747468, -55.49747468, -73.));
#352 = VERTEX_POINT('', #351);
#353 = CARTESIAN_POINT('', (55.49747468, -55.49747468, -3.));
#354 = VERTEX_POINT('', #353);
#355 = CARTESIAN_POINT('', (43.49747468, -55.49747468, -3.));
#356 = VERTEX_POINT('', #355);
#357 = CARTESIAN_POINT('', (55.49747468, -43.49747468, -73.));
#358 = VERTEX_POINT('', #357);
#359 = CARTESIAN_POINT('', (55.49747468, -43.49747468, -3.));
#360 = VERTEX_POINT('', #359);
#361 = CARTESIAN_POINT('', (43.49747468, -43.49747468, -73.));
#362 = VERTEX_POINT('', #361);
#363 = CARTESIAN_POINT('', (43.49747468, -43.49747468, -3.));
#364 = VERTEX_POINT('', #363);
#365 = CARTESIAN_POINT('', (63.49747468, 49.49747468, -85.));
#366 = VERTEX_POINT('', #365);
#367 = CARTESIAN_POINT('', (63.49747468, 49.49747468, -73.));
#368 = VERTEX_POINT('', #367);
#369 = CARTESIAN_POINT('', (-35.49747468, 49.49747468, -85.));
#370 = VERTEX_POINT('', #369);
#371 = CARTESIAN_POINT('', (-35.49747468, 49.49747468, -73.));
#372 = VERTEX_POINT('', #371);
#373 = CARTESIAN_POINT('', (-35.49747468, -49.49747468, -85.));
#374 = VERTEX_POINT('', #373);
#375 = CARTESIAN_POINT('', (-35.49747468, -49.49747468, -73.));
#376 = VERTEX_POINT('', #375);
#377 = CARTESIAN_POINT('', (63.49747468, -49.49747468, -85.));
#378 = VERTEX_POINT('', #377);
#379 = CARTESIAN_POINT('', (63.49747468, -49.49747468, -73.));
#380 = VERTEX_POINT('', #379);
#381 = CARTESIAN_POINT('', (239.697015, 0., 130.));
#382 = VERTEX_POINT('', #381);
#383 = CARTESIAN_POINT('', (107.83543798, 110.6638651, -2.00010674));
#384 = VERTEX_POINT('', #383);
#385 = CARTESIAN_POINT('', (165.13142309, 167.95985022, -139.99989326));
#386 = VERTEX_POINT('', #385);
#387 = CARTESIAN_POINT('', (-110.6638651, 107.83543798, -2.00010674));
#388 = VERTEX_POINT('', #387);
#389 = CARTESIAN_POINT('', (-167.95985022, 165.13142309, -139.99989326));
#390 = VERTEX_POINT('', #389);
#391 = CARTESIAN_POINT('', (-107.83543798, -110.6638651, -2.00010674));
#392 = VERTEX_POINT('', #391);
#393 = CARTESIAN_POINT('', (-165.13142309, -167.95985022, -139.99989326));
#394 = VERTEX_POINT('', #393);
#395 = CARTESIAN_POINT('', (110.6638651, -107.83543798, -2.00010674));
#396 = VERTEX_POINT('', #395);
#397 = CARTESIAN_POINT('', (167.95985022, -165.13142309, -139.99989326));
#398 = VERTEX_POINT('', #397);
#399 = CARTESIAN_POINT('', (6., 0., -279.));
#400 = VERTEX_POINT('', #399);
#401 = CARTESIAN_POINT('', (6., 0., -269.));
#402 = VERTEX_POINT('', #401);
#403 = CARTESIAN_POINT('', (-0.76536686, 1.84775907, 274.));
#404 = VERTEX_POINT('', #403);
#405 = CARTESIAN_POINT('', (-0.76536686, 1.84775907, -274.));
#406 = VERTEX_POINT('', #405);
#407 = CARTESIAN_POINT('', (-1.84775907, 0.76536686, 274.));
#408 = VERTEX_POINT('', #407);
#409 = CARTESIAN_POINT('', (-1.84775907, 0.76536686, -274.));
#410 = VERTEX_POINT('', #409);
#411 = CARTESIAN_POINT('', (-1.84775907, -0.76536686, 274.));
#412 = VERTEX_POINT('', #411);
#413 = CARTESIAN_POINT('', (-1.84775907, -0.76536686, -274.));
#414 = VERTEX_POINT('', #413);
#415 = CARTESIAN_POINT('', (-0.76536686, -1.84775907, 274.));
#416 = VERTEX_POINT('', #415);
#417 = CARTESIAN_POINT('', (-0.76536686, -1.84775907, -274.));
#418 = VERTEX_POINT('', #417);
#419 = CARTESIAN_POINT('', (0.76536686, -1.84775907, 274.));
#420 = VERTEX_POINT('', #419);
#421 = CARTESIAN_POINT('', (0.76536686, -1.84775907, -274.));
#422 = VERTEX_POINT('', #421);
#423 = CARTESIAN_POINT('', (1.84775907, -0.76536686, 274.));
#424 = VERTEX_POINT('', #423);
#425 = CARTESIAN_POINT('', (1.84775907, -0.76536686, -274.));
#426 = VERTEX_POINT('', #425);
#427 = CARTESIAN_POINT('', (1.84775907, 0.76536686, 274.));
#428 = VERTEX_POINT('', #427);
#429 = CARTESIAN_POINT('', (1.84775907, 0.76536686, -274.));
#430 = VERTEX_POINT('', #429);
#431 = CARTESIAN_POINT('', (0.76536686, 1.84775907, 274.));
#432 = VERTEX_POINT('', #431);
#433 = CARTESIAN_POINT('', (0.76536686, 1.84775907, -274.));
#434 = VERTEX_POINT('', #433);
#435 = CARTESIAN_POINT('', (272.5, 0., 0.));
#436 = VERTEX_POINT('', #435);
#437 = CARTESIAN_POINT('', (234.033437, 0., -140.));
#438 = VERTEX_POINT('', #437);
#439 = CARTESIAN_POINT('', (127.632774, 112.07642482, -14.));
#440 = VERTEX_POINT('', #439);
#441 = CARTESIAN_POINT('', (112.07642482, 127.632774, -14.));
#442 = VERTEX_POINT('', #441);
#443 = CARTESIAN_POINT('', (112.07642482, 127.632774, 0.));
#444 = VERTEX_POINT('', #443);
#445 = CARTESIAN_POINT('', (127.632774, 112.07642482, 0.));
#446 = VERTEX_POINT('', #445);
#447 = CARTESIAN_POINT('', (90.86322138, 106.41957057, -14.));
#448 = VERTEX_POINT('', #447);
#449 = CARTESIAN_POINT('', (90.86322138, 106.41957057, 0.));
#450 = VERTEX_POINT('', #449);
#451 = CARTESIAN_POINT('', (106.41957057, 90.86322138, -14.));
#452 = VERTEX_POINT('', #451);
#453 = CARTESIAN_POINT('', (106.41957057, 90.86322138, 0.));
#454 = VERTEX_POINT('', #453);
#455 = CARTESIAN_POINT('', (-112.07642482, 127.632774, -14.));
#456 = VERTEX_POINT('', #455);
#457 = CARTESIAN_POINT('', (-127.632774, 112.07642482, -14.));
#458 = VERTEX_POINT('', #457);
#459 = CARTESIAN_POINT('', (-127.632774, 112.07642482, 0.));
#460 = VERTEX_POINT('', #459);
#461 = CARTESIAN_POINT('', (-112.07642482, 127.632774, 0.));
#462 = VERTEX_POINT('', #461);
#463 = CARTESIAN_POINT('', (-106.41957057, 90.86322138, -14.));
#464 = VERTEX_POINT('', #463);
#465 = CARTESIAN_POINT('', (-106.41957057, 90.86322138, 0.));
#466 = VERTEX_POINT('', #465);
#467 = CARTESIAN_POINT('', (-90.86322138, 106.41957057, -14.));
#468 = VERTEX_POINT('', #467);
#469 = CARTESIAN_POINT('', (-90.86322138, 106.41957057, 0.));
#470 = VERTEX_POINT('', #469);
#471 = CARTESIAN_POINT('', (-127.632774, -112.07642482, -14.));
#472 = VERTEX_POINT('', #471);
#473 = CARTESIAN_POINT('', (-112.07642482, -127.632774, -14.));
#474 = VERTEX_POINT('', #473);
#475 = CARTESIAN_POINT('', (-112.07642482, -127.632774, 0.));
#476 = VERTEX_POINT('', #475);
#477 = CARTESIAN_POINT('', (-127.632774, -112.07642482, 0.));
#478 = VERTEX_POINT('', #477);
#479 = CARTESIAN_POINT('', (-90.86322138, -106.41957057, -14.));
#480 = VERTEX_POINT('', #479);
#481 = CARTESIAN_POINT('', (-90.86322138, -106.41957057, 0.));
#482 = VERTEX_POINT('', #481);
#483 = CARTESIAN_POINT('', (-106.41957057, -90.86322138, -14.));
#484 = VERTEX_POINT('', #483);
#485 = CARTESIAN_POINT('', (-106.41957057, -90.86322138, 0.));
#486 = VERTEX_POINT('', #485);
#487 = CARTESIAN_POINT('', (112.07642482, -127.632774, -14.));
#488 = VERTEX_POINT('', #487);
#489 = CARTESIAN_POINT('', (127.632774, -112.07642482, -14.));
#490 = VERTEX_POINT('', #489);
#491 = CARTESIAN_POINT('', (127.632774, -112.07642482, 0.));
#492 = VERTEX_POINT('', #491);
#493 = CARTESIAN_POINT('', (112.07642482, -127.632774, 0.));
#494 = VERTEX_POINT('', #493);
#495 = CARTESIAN_POINT('', (106.41957057, -90.86322138, -14.));
#496 = VERTEX_POINT('', #495);
#497 = CARTESIAN_POINT('', (106.41957057, -90.86322138, 0.));
#498 = VERTEX_POINT('', #497);
#499 = CARTESIAN_POINT('', (90.86322138, -106.41957057, -14.));
#500 = VERTEX_POINT('', #499);
#501 = CARTESIAN_POINT('', (90.86322138, -106.41957057, 0.));
#502 = VERTEX_POINT('', #501);
#503 = CARTESIAN_POINT('', (-82.5, 32.5, -65.5));
#504 = VERTEX_POINT('', #503);
#505 = CARTESIAN_POINT('', (-82.5, 32.5, -55.5));
#506 = VERTEX_POINT('', #505);
#507 = CARTESIAN_POINT('', (82.5, 32.5, -55.5));
#508 = VERTEX_POINT('', #507);
#509 = CARTESIAN_POINT('', (82.5, 32.5, -65.5));
#510 = VERTEX_POINT('', #509);
#511 = CARTESIAN_POINT('', (-82.5, 28.5, -55.5));
#512 = VERTEX_POINT('', #511);
#513 = CARTESIAN_POINT('', (82.5, 28.5, -55.5));
#514 = VERTEX_POINT('', #513);
#515 = CARTESIAN_POINT('', (-82.5, 28.5, -62.5));
#516 = VERTEX_POINT('', #515);
#517 = CARTESIAN_POINT('', (82.5, 28.5, -62.5));
#518 = VERTEX_POINT('', #517);
#519 = CARTESIAN_POINT('', (-82.5, -28.5, -62.5));
#520 = VERTEX_POINT('', #519);
#521 = CARTESIAN_POINT('', (82.5, -28.5, -62.5));
#522 = VERTEX_POINT('', #521);
#523 = CARTESIAN_POINT('', (-82.5, -28.5, -55.5));
#524 = VERTEX_POINT('', #523);
#525 = CARTESIAN_POINT('', (82.5, -28.5, -55.5));
#526 = VERTEX_POINT('', #525);
#527 = CARTESIAN_POINT('', (-82.5, -32.5, -55.5));
#528 = VERTEX_POINT('', #527);
#529 = CARTESIAN_POINT('', (82.5, -32.5, -55.5));
#530 = VERTEX_POINT('', #529);
#531 = CARTESIAN_POINT('', (-82.5, -32.5, -65.5));
#532 = VERTEX_POINT('', #531);
#533 = CARTESIAN_POINT('', (82.5, -32.5, -65.5));
#534 = VERTEX_POINT('', #533);
#535 = CARTESIAN_POINT('', (-66., -28., -65.));
#536 = VERTEX_POINT('', #535);
#537 = CARTESIAN_POINT('', (-66., -28., -2.));
#538 = VERTEX_POINT('', #537);
#539 = CARTESIAN_POINT('', (77.5, -27.5, -62.5));
#540 = VERTEX_POINT('', #539);
#541 = CARTESIAN_POINT('', (77.5, 27.5, -62.5));
#542 = VERTEX_POINT('', #541);
#543 = CARTESIAN_POINT('', (77.5, 27.5, -7.5));
#544 = VERTEX_POINT('', #543);
#545 = CARTESIAN_POINT('', (77.5, -27.5, -7.5));
#546 = VERTEX_POINT('', #545);
#547 = CARTESIAN_POINT('', (-77.5, 27.5, -62.5));
#548 = VERTEX_POINT('', #547);
#549 = CARTESIAN_POINT('', (-77.5, 27.5, -7.5));
#550 = VERTEX_POINT('', #549);
#551 = CARTESIAN_POINT('', (-77.5, -27.5, -62.5));
#552 = VERTEX_POINT('', #551);
#553 = CARTESIAN_POINT('', (-77.5, -27.5, -7.5));
#554 = VERTEX_POINT('', #553);
#555 = CARTESIAN_POINT('', (116.31906551, 102.17692988, -2.5));
#556 = VERTEX_POINT('', #555);
#557 = CARTESIAN_POINT('', (102.17692988, 116.31906551, -2.5));
#558 = VERTEX_POINT('', #557);
#559 = CARTESIAN_POINT('', (102.17692988, 116.31906551, 2.5));
#560 = VERTEX_POINT('', #559);
#561 = CARTESIAN_POINT('', (116.31906551, 102.17692988, 2.5));
#562 = VERTEX_POINT('', #561);
#563 = CARTESIAN_POINT('', (-7.07106781, 7.07106781, -2.5));
#564 = VERTEX_POINT('', #563);
#565 = CARTESIAN_POINT('', (-7.07106781, 7.07106781, 2.5));
#566 = VERTEX_POINT('', #565);
#567 = CARTESIAN_POINT('', (7.07106781, -7.07106781, -2.5));
#568 = VERTEX_POINT('', #567);
#569 = CARTESIAN_POINT('', (7.07106781, -7.07106781, 2.5));
#570 = VERTEX_POINT('', #569);
#571 = CARTESIAN_POINT('', (-102.17692988, 116.31906551, -2.5));
#572 = VERTEX_POINT('', #571);
#573 = CARTESIAN_POINT('', (-116.31906551, 102.17692988, -2.5));
#574 = VERTEX_POINT('', #573);
#575 = CARTESIAN_POINT('', (-116.31906551, 102.17692988, 2.5));
#576 = VERTEX_POINT('', #575);
#577 = CARTESIAN_POINT('', (-102.17692988, 116.31906551, 2.5));
#578 = VERTEX_POINT('', #577);
#579 = CARTESIAN_POINT('', (-7.07106781, -7.07106781, -2.5));
#580 = VERTEX_POINT('', #579);
#581 = CARTESIAN_POINT('', (-7.07106781, -7.07106781, 2.5));
#582 = VERTEX_POINT('', #581);
#583 = CARTESIAN_POINT('', (7.07106781, 7.07106781, -2.5));
#584 = VERTEX_POINT('', #583);
#585 = CARTESIAN_POINT('', (7.07106781, 7.07106781, 2.5));
#586 = VERTEX_POINT('', #585);
#587 = CARTESIAN_POINT('', (-116.31906551, -102.17692988, -2.5));
#588 = VERTEX_POINT('', #587);
#589 = CARTESIAN_POINT('', (-102.17692988, -116.31906551, -2.5));
#590 = VERTEX_POINT('', #589);
#591 = CARTESIAN_POINT('', (-102.17692988, -116.31906551, 2.5));
#592 = VERTEX_POINT('', #591);
#593 = CARTESIAN_POINT('', (-116.31906551, -102.17692988, 2.5));
#594 = VERTEX_POINT('', #593);
#595 = CARTESIAN_POINT('', (7.07106781, -7.07106781, -2.5));
#596 = VERTEX_POINT('', #595);
#597 = CARTESIAN_POINT('', (7.07106781, -7.07106781, 2.5));
#598 = VERTEX_POINT('', #597);
#599 = CARTESIAN_POINT('', (-7.07106781, 7.07106781, -2.5));
#600 = VERTEX_POINT('', #599);
#601 = CARTESIAN_POINT('', (-7.07106781, 7.07106781, 2.5));
#602 = VERTEX_POINT('', #601);
#603 = CARTESIAN_POINT('', (102.17692988, -116.31906551, -2.5));
#604 = VERTEX_POINT('', #603);
#605 = CARTESIAN_POINT('', (116.31906551, -102.17692988, -2.5));
#606 = VERTEX_POINT('', #605);
#607 = CARTESIAN_POINT('', (116.31906551, -102.17692988, 2.5));
#608 = VERTEX_POINT('', #607);
#609 = CARTESIAN_POINT('', (102.17692988, -116.31906551, 2.5));
#610 = VERTEX_POINT('', #609);
#611 = CARTESIAN_POINT('', (7.07106781, 7.07106781, -2.5));
#612 = VERTEX_POINT('', #611);
#613 = CARTESIAN_POINT('', (7.07106781, 7.07106781, 2.5));
#614 = VERTEX_POINT('', #613);
#615 = CARTESIAN_POINT('', (-7.07106781, -7.07106781, -2.5));
#616 = VERTEX_POINT('', #615);
#617 = CARTESIAN_POINT('', (-7.07106781, -7.07106781, 2.5));
#618 = VERTEX_POINT('', #617);
#619 = CARTESIAN_POINT('', (106., -43., 3.));
#620 = VERTEX_POINT('', #619);
#621 = CARTESIAN_POINT('', (106., -43., 27.));
#622 = VERTEX_POINT('', #621);
#623 = CARTESIAN_POINT('', (114., -43., 27.));
#624 = VERTEX_POINT('', #623);
#625 = CARTESIAN_POINT('', (114., -43., 3.));
#626 = VERTEX_POINT('', #625);
#627 = CARTESIAN_POINT('', (106., -73., 27.));
#628 = VERTEX_POINT('', #627);
#629 = CARTESIAN_POINT('', (114., -73., 27.));
#630 = VERTEX_POINT('', #629);
#631 = CARTESIAN_POINT('', (106., -73., 3.));
#632 = VERTEX_POINT('', #631);
#633 = CARTESIAN_POINT('', (114., -73., 3.));
#634 = VERTEX_POINT('', #633);
#635 = CARTESIAN_POINT('', (106., -49., 15.));
#636 = VERTEX_POINT('', #635);
#637 = CARTESIAN_POINT('', (106., -67., 15.));
#638 = VERTEX_POINT('', #637);
#639 = CARTESIAN_POINT('', (114., -49., 15.));
#640 = VERTEX_POINT('', #639);
#641 = CARTESIAN_POINT('', (114., -67., 15.));
#642 = VERTEX_POINT('', #641);
#643 = CARTESIAN_POINT('', (106., -57.9999993, 6.));
#644 = VERTEX_POINT('', #643);
#645 = CARTESIAN_POINT('', (106., -58.0000007, 24.));
#646 = VERTEX_POINT('', #645);
#647 = CARTESIAN_POINT('', (114., -58.00000075, 6.));
#648 = VERTEX_POINT('', #647);
#649 = CARTESIAN_POINT('', (114., -57.99999925, 24.));
#650 = VERTEX_POINT('', #649);
#651 = CARTESIAN_POINT('', (80., -45., 92.));
#652 = VERTEX_POINT('', #651);
#653 = CARTESIAN_POINT('', (80., -45., 110.));
#654 = VERTEX_POINT('', #653);
#655 = CARTESIAN_POINT('', (10., -45., 92.));
#656 = VERTEX_POINT('', #655);
#657 = CARTESIAN_POINT('', (10., -45., 110.));
#658 = VERTEX_POINT('', #657);
#659 = CARTESIAN_POINT('', (73., -45., 110.));
#660 = VERTEX_POINT('', #659);
#661 = CARTESIAN_POINT('', (73., -45., 118.));
#662 = VERTEX_POINT('', #661);
#663 = CARTESIAN_POINT('', (17., -45., 110.));
#664 = VERTEX_POINT('', #663);
#665 = CARTESIAN_POINT('', (17., -45., 118.));
#666 = VERTEX_POINT('', #665);
#667 = CARTESIAN_POINT('', (45., -73., 110.));
#668 = VERTEX_POINT('', #667);
#669 = CARTESIAN_POINT('', (45., -17., 110.));
#670 = VERTEX_POINT('', #669);
#671 = CARTESIAN_POINT('', (126.74799769, 109.24799769, 2.));
#672 = VERTEX_POINT('', #671);
#673 = CARTESIAN_POINT('', (126.74799769, 109.24799769, 30.));
#674 = VERTEX_POINT('', #673);
#675 = CARTESIAN_POINT('', (91.74799769, 109.24799769, 2.));
#676 = VERTEX_POINT('', #675);
#677 = CARTESIAN_POINT('', (91.74799769, 109.24799769, 30.));
#678 = VERTEX_POINT('', #677);
#679 = CARTESIAN_POINT('', (111.74799769, 109.24799769, 40.));
#680 = VERTEX_POINT('', #679);
#681 = CARTESIAN_POINT('', (106.74799769, 109.24799769, 40.));
#682 = VERTEX_POINT('', #681);
#683 = CARTESIAN_POINT('', (111.74799769, 109.24799769, 30.));
#684 = VERTEX_POINT('', #683);
#685 = CARTESIAN_POINT('', (106.74799769, 109.24799769, 30.));
#686 = VERTEX_POINT('', #685);
#687 = CARTESIAN_POINT('', (109.24799767, 106.74799769, 30.));
#688 = VERTEX_POINT('', #687);
#689 = CARTESIAN_POINT('', (109.24799772, 111.74799769, 30.));
#690 = VERTEX_POINT('', #689);
#691 = CARTESIAN_POINT('', (-109.24799769, 126.74799769, 2.));
#692 = VERTEX_POINT('', #691);
#693 = CARTESIAN_POINT('', (-109.24799769, 126.74799769, 30.));
#694 = VERTEX_POINT('', #693);
#695 = CARTESIAN_POINT('', (-109.24799769, 91.74799769, 2.));
#696 = VERTEX_POINT('', #695);
#697 = CARTESIAN_POINT('', (-109.24799769, 91.74799769, 30.));
#698 = VERTEX_POINT('', #697);
#699 = CARTESIAN_POINT('', (-109.24799769, 111.74799769, 40.));
#700 = VERTEX_POINT('', #699);
#701 = CARTESIAN_POINT('', (-109.24799769, 106.74799769, 40.));
#702 = VERTEX_POINT('', #701);
#703 = CARTESIAN_POINT('', (-109.24799769, 111.74799769, 30.));
#704 = VERTEX_POINT('', #703);
#705 = CARTESIAN_POINT('', (-109.24799769, 106.74799769, 30.));
#706 = VERTEX_POINT('', #705);
#707 = CARTESIAN_POINT('', (-106.74799769, 109.24799767, 30.));
#708 = VERTEX_POINT('', #707);
#709 = CARTESIAN_POINT('', (-111.74799769, 109.24799772, 30.));
#710 = VERTEX_POINT('', #709);
#711 = CARTESIAN_POINT('', (-126.74799769, -109.24799769, 2.));
#712 = VERTEX_POINT('', #711);
#713 = CARTESIAN_POINT('', (-126.74799769, -109.24799769, 30.));
#714 = VERTEX_POINT('', #713);
#715 = CARTESIAN_POINT('', (-91.74799769, -109.24799769, 2.));
#716 = VERTEX_POINT('', #715);
#717 = CARTESIAN_POINT('', (-91.74799769, -109.24799769, 30.));
#718 = VERTEX_POINT('', #717);
#719 = CARTESIAN_POINT('', (-111.74799769, -109.24799769, 40.));
#720 = VERTEX_POINT('', #719);
#721 = CARTESIAN_POINT('', (-106.74799769, -109.24799769, 40.));
#722 = VERTEX_POINT('', #721);
#723 = CARTESIAN_POINT('', (-111.74799769, -109.24799769, 30.));
#724 = VERTEX_POINT('', #723);
#725 = CARTESIAN_POINT('', (-106.74799769, -109.24799769, 30.));
#726 = VERTEX_POINT('', #725);
#727 = CARTESIAN_POINT('', (-109.24799767, -106.74799769, 30.));
#728 = VERTEX_POINT('', #727);
#729 = CARTESIAN_POINT('', (-109.24799772, -111.74799769, 30.));
#730 = VERTEX_POINT('', #729);
#731 = CARTESIAN_POINT('', (109.24799769, -126.74799769, 2.));
#732 = VERTEX_POINT('', #731);
#733 = CARTESIAN_POINT('', (109.24799769, -126.74799769, 30.));
#734 = VERTEX_POINT('', #733);
#735 = CARTESIAN_POINT('', (109.24799769, -91.74799769, 2.));
#736 = VERTEX_POINT('', #735);
#737 = CARTESIAN_POINT('', (109.24799769, -91.74799769, 30.));
#738 = VERTEX_POINT('', #737);
#739 = CARTESIAN_POINT('', (109.24799769, -111.74799769, 40.));
#740 = VERTEX_POINT('', #739);
#741 = CARTESIAN_POINT('', (109.24799769, -106.74799769, 40.));
#742 = VERTEX_POINT('', #741);
#743 = CARTESIAN_POINT('', (109.24799769, -111.74799769, 30.));
#744 = VERTEX_POINT('', #743);
#745 = CARTESIAN_POINT('', (109.24799769, -106.74799769, 30.));
#746 = VERTEX_POINT('', #745);
#747 = CARTESIAN_POINT('', (106.74799769, -109.24799767, 30.));
#748 = VERTEX_POINT('', #747);
#749 = CARTESIAN_POINT('', (111.74799769, -109.24799772, 30.));
#750 = VERTEX_POINT('', #749);
#751 = CARTESIAN_POINT('', (-22., 55., -10.));
#752 = VERTEX_POINT('', #751);
#753 = CARTESIAN_POINT('', (-22., 55., -2.));
#754 = VERTEX_POINT('', #753);
#755 = CARTESIAN_POINT('', (-48., 55., -10.));
#756 = VERTEX_POINT('', #755);
#757 = CARTESIAN_POINT('', (-48., 55., -2.));
#758 = VERTEX_POINT('', #757);
#759 = CARTESIAN_POINT('', (-28., 55., -12.));
#760 = VERTEX_POINT('', #759);
#761 = CARTESIAN_POINT('', (-28., 55., -10.));
#762 = VERTEX_POINT('', #761);
#763 = CARTESIAN_POINT('', (-42., 55., -12.));
#764 = VERTEX_POINT('', #763);
#765 = CARTESIAN_POINT('', (-42., 55., -10.));
#766 = VERTEX_POINT('', #765);
#767 = CARTESIAN_POINT('', (-35., 48., -10.));
#768 = VERTEX_POINT('', #767);
#769 = CARTESIAN_POINT('', (-35., 62., -10.));
#770 = VERTEX_POINT('', #769);
#771 = CARTESIAN_POINT('', (-25., -55., -12.));
#772 = VERTEX_POINT('', #771);
#773 = CARTESIAN_POINT('', (-25., -55., -2.));
#774 = VERTEX_POINT('', #773);
#775 = CARTESIAN_POINT('', (-45., -55., -12.));
#776 = VERTEX_POINT('', #775);
#777 = CARTESIAN_POINT('', (-45., -55., -2.));
#778 = VERTEX_POINT('', #777);
#779 = CARTESIAN_POINT('', (-30., -55., -14.));
#780 = VERTEX_POINT('', #779);
#781 = CARTESIAN_POINT('', (-30., -55., -12.));
#782 = VERTEX_POINT('', #781);
#783 = CARTESIAN_POINT('', (-40., -55., -14.));
#784 = VERTEX_POINT('', #783);
#785 = CARTESIAN_POINT('', (-40., -55., -12.));
#786 = VERTEX_POINT('', #785);
#787 = CARTESIAN_POINT('', (-35., -60., -12.));
#788 = VERTEX_POINT('', #787);
#789 = CARTESIAN_POINT('', (-35., -50., -12.));
#790 = VERTEX_POINT('', #789);
#791 = CARTESIAN_POINT('', (106., 52.5, 0.));
#792 = VERTEX_POINT('', #791);
#793 = CARTESIAN_POINT('', (106., 52.5, 30.));
#794 = VERTEX_POINT('', #793);
#795 = CARTESIAN_POINT('', (136., 52.5, 30.));
#796 = VERTEX_POINT('', #795);
#797 = CARTESIAN_POINT('', (136., 52.5, 0.));
#798 = VERTEX_POINT('', #797);
#799 = CARTESIAN_POINT('', (106., 17.5, 30.));
#800 = VERTEX_POINT('', #799);
#801 = CARTESIAN_POINT('', (136., 17.5, 30.));
#802 = VERTEX_POINT('', #801);
#803 = CARTESIAN_POINT('', (106., 17.5, 0.));
#804 = VERTEX_POINT('', #803);
#805 = CARTESIAN_POINT('', (136., 17.5, 0.));
#806 = VERTEX_POINT('', #805);
#807 = CARTESIAN_POINT('', (136., 44., 15.));
#808 = VERTEX_POINT('', #807);
#809 = CARTESIAN_POINT('', (144., 44., 15.));
#810 = VERTEX_POINT('', #809);
#811 = CARTESIAN_POINT('', (136., 26., 15.));
#812 = VERTEX_POINT('', #811);
#813 = CARTESIAN_POINT('', (144., 26., 15.));
#814 = VERTEX_POINT('', #813);
#815 = CARTESIAN_POINT('', (136., 35., 6.));
#816 = VERTEX_POINT('', #815);
#817 = CARTESIAN_POINT('', (136., 35., 24.));
#818 = VERTEX_POINT('', #817);
#819 = CARTESIAN_POINT('', (55., -4., 27.));
#820 = VERTEX_POINT('', #819);
#821 = CARTESIAN_POINT('', (55., 4., 27.));
#822 = VERTEX_POINT('', #821);
#823 = CARTESIAN_POINT('', (55., 4., 33.));
#824 = VERTEX_POINT('', #823);
#825 = CARTESIAN_POINT('', (55., -4., 33.));
#826 = VERTEX_POINT('', #825);
#827 = CARTESIAN_POINT('', (-55., 4., 27.));
#828 = VERTEX_POINT('', #827);
#829 = CARTESIAN_POINT('', (-55., 4., 33.));
#830 = VERTEX_POINT('', #829);
#831 = CARTESIAN_POINT('', (-55., -4., 27.));
#832 = VERTEX_POINT('', #831);
#833 = CARTESIAN_POINT('', (-55., -4., 33.));
#834 = VERTEX_POINT('', #833);
#835 = CARTESIAN_POINT('', (4., -38., 27.));
#836 = VERTEX_POINT('', #835);
#837 = CARTESIAN_POINT('', (4., 38., 27.));
#838 = VERTEX_POINT('', #837);
#839 = CARTESIAN_POINT('', (4., 38., 33.));
#840 = VERTEX_POINT('', #839);
#841 = CARTESIAN_POINT('', (4., -38., 33.));
#842 = VERTEX_POINT('', #841);
#843 = CARTESIAN_POINT('', (-4., 38., 27.));
#844 = VERTEX_POINT('', #843);
#845 = CARTESIAN_POINT('', (-4., 38., 33.));
#846 = VERTEX_POINT('', #845);
#847 = CARTESIAN_POINT('', (-4., -38., 27.));
#848 = VERTEX_POINT('', #847);
#849 = CARTESIAN_POINT('', (-4., -38., 33.));
#850 = VERTEX_POINT('', #849);
#851 = CARTESIAN_POINT('', (4., 4., 33.));
#852 = VERTEX_POINT('', #851);
#853 = CARTESIAN_POINT('', (4., 4., 27.));
#854 = VERTEX_POINT('', #853);
#855 = CARTESIAN_POINT('', (-4., 4., 27.));
#856 = VERTEX_POINT('', #855);
#857 = CARTESIAN_POINT('', (-4., 4., 33.));
#858 = VERTEX_POINT('', #857);
#859 = CARTESIAN_POINT('', (4., -4., 27.));
#860 = VERTEX_POINT('', #859);
#861 = CARTESIAN_POINT('', (4., -4., 33.));
#862 = VERTEX_POINT('', #861);
#863 = CARTESIAN_POINT('', (-4., -4., 33.));
#864 = VERTEX_POINT('', #863);
#865 = CARTESIAN_POINT('', (-4., -4., 27.));
#866 = VERTEX_POINT('', #865);
#867 = CARTESIAN_POINT('', (30., -69.5, 4.5));
#868 = VERTEX_POINT('', #867);
#869 = CARTESIAN_POINT('', (30., 9.5, 4.5));
#870 = VERTEX_POINT('', #869);
#871 = CARTESIAN_POINT('', (30., 9.5, 7.5));
#872 = VERTEX_POINT('', #871);
#873 = CARTESIAN_POINT('', (30., -69.5, 7.5));
#874 = VERTEX_POINT('', #873);
#875 = CARTESIAN_POINT('', (-70., 9.5, 4.5));
#876 = VERTEX_POINT('', #875);
#877 = CARTESIAN_POINT('', (-70., 9.5, 7.5));
#878 = VERTEX_POINT('', #877);
#879 = CARTESIAN_POINT('', (-70., -69.5, 4.5));
#880 = VERTEX_POINT('', #879);
#881 = CARTESIAN_POINT('', (-70., -69.5, 7.5));
#882 = VERTEX_POINT('', #881);
#883 = CARTESIAN_POINT('', (15., -55., 7.5));
#884 = VERTEX_POINT('', #883);
#885 = CARTESIAN_POINT('', (15., -5., 7.5));
#886 = VERTEX_POINT('', #885);
#887 = CARTESIAN_POINT('', (15., -5., 19.5));
#888 = VERTEX_POINT('', #887);
#889 = CARTESIAN_POINT('', (15., -55., 19.5));
#890 = VERTEX_POINT('', #889);
#891 = CARTESIAN_POINT('', (-55., -5., 7.5));
#892 = VERTEX_POINT('', #891);
#893 = CARTESIAN_POINT('', (-55., -5., 19.5));
#894 = VERTEX_POINT('', #893);
#895 = CARTESIAN_POINT('', (-55., -55., 7.5));
#896 = VERTEX_POINT('', #895);
#897 = CARTESIAN_POINT('', (-55., -55., 19.5));
#898 = VERTEX_POINT('', #897);
#899 = CARTESIAN_POINT('', (2.5, -30., 19.5));
#900 = VERTEX_POINT('', #899);
#901 = CARTESIAN_POINT('', (2.5, -30., 26.5));
#902 = VERTEX_POINT('', #901);
#903 = CARTESIAN_POINT('', (-42.5, -30., 19.5));
#904 = VERTEX_POINT('', #903);
#905 = CARTESIAN_POINT('', (-42.5, -30., 26.5));
#906 = VERTEX_POINT('', #905);
#907 = CARTESIAN_POINT('', (-20., -52.5, 19.5));
#908 = VERTEX_POINT('', #907);
#909 = CARTESIAN_POINT('', (-20., -7.5, 19.5));
#910 = VERTEX_POINT('', #909);
#911 = CARTESIAN_POINT('', (106.5, 15., 2.5));
#912 = VERTEX_POINT('', #911);
#913 = CARTESIAN_POINT('', (106.5, 15., 27.5));
#914 = VERTEX_POINT('', #913);
#915 = CARTESIAN_POINT('', (131.5, 15., 27.5));
#916 = VERTEX_POINT('', #915);
#917 = CARTESIAN_POINT('', (131.5, 15., 2.5));
#918 = VERTEX_POINT('', #917);
#919 = CARTESIAN_POINT('', (106.5, -55., 27.5));
#920 = VERTEX_POINT('', #919);
#921 = CARTESIAN_POINT('', (131.5, -55., 27.5));
#922 = VERTEX_POINT('', #921);
#923 = CARTESIAN_POINT('', (106.5, -55., 2.5));
#924 = VERTEX_POINT('', #923);
#925 = CARTESIAN_POINT('', (131.5, -55., 2.5));
#926 = VERTEX_POINT('', #925);
#927 = CARTESIAN_POINT('', (131.5, -32., 15.));
#928 = VERTEX_POINT('', #927);
#929 = CARTESIAN_POINT('', (137.5, -32., 15.));
#930 = VERTEX_POINT('', #929);
#931 = CARTESIAN_POINT('', (131.5, -44., 15.));
#932 = VERTEX_POINT('', #931);
#933 = CARTESIAN_POINT('', (137.5, -44., 15.));
#934 = VERTEX_POINT('', #933);
#935 = CARTESIAN_POINT('', (131.5, -38., 9.));
#936 = VERTEX_POINT('', #935);
#937 = CARTESIAN_POINT('', (131.5, -38., 21.));
#938 = VERTEX_POINT('', #937);
#939 = CARTESIAN_POINT('', (131.5, 4., 15.));
#940 = VERTEX_POINT('', #939);
#941 = CARTESIAN_POINT('', (137.5, 4., 15.));
#942 = VERTEX_POINT('', #941);
#943 = CARTESIAN_POINT('', (131.5, -8., 15.));
#944 = VERTEX_POINT('', #943);
#945 = CARTESIAN_POINT('', (137.5, -8., 15.));
#946 = VERTEX_POINT('', #945);
#947 = CARTESIAN_POINT('', (131.5, -2., 9.));
#948 = VERTEX_POINT('', #947);
#949 = CARTESIAN_POINT('', (131.5, -2., 21.));
#950 = VERTEX_POINT('', #949);
#951 = CARTESIAN_POINT('', (75., -75., -2.));
#952 = VERTEX_POINT('', #951);
#953 = CARTESIAN_POINT('', (75., 75., -2.));
#954 = VERTEX_POINT('', #953);
#955 = CARTESIAN_POINT('', (75., 75., 2.));
#956 = VERTEX_POINT('', #955);
#957 = CARTESIAN_POINT('', (75., -75., 2.));
#958 = VERTEX_POINT('', #957);
#959 = CARTESIAN_POINT('', (-75., 75., -2.));
#960 = VERTEX_POINT('', #959);
#961 = CARTESIAN_POINT('', (-75., 75., 2.));
#962 = VERTEX_POINT('', #961);
#963 = CARTESIAN_POINT('', (-75., -75., -2.));
#964 = VERTEX_POINT('', #963);
#965 = CARTESIAN_POINT('', (-75., -75., 2.));
#966 = VERTEX_POINT('', #965);
#967 = CARTESIAN_POINT('', (31.7, 30., -2.));
#968 = VERTEX_POINT('', #967);
#969 = CARTESIAN_POINT('', (28.3, 30., -2.));
#970 = VERTEX_POINT('', #969);
#971 = CARTESIAN_POINT('', (31.7, 30., 2.));
#972 = VERTEX_POINT('', #971);
#973 = CARTESIAN_POINT('', (28.3, 30., 2.));
#974 = VERTEX_POINT('', #973);
#975 = CARTESIAN_POINT('', (29.99999999, 28.3, -2.));
#976 = VERTEX_POINT('', #975);
#977 = CARTESIAN_POINT('', (30.00000001, 31.7, -2.));
#978 = VERTEX_POINT('', #977);
#979 = CARTESIAN_POINT('', (30.00000001, 28.3, 2.));
#980 = VERTEX_POINT('', #979);
#981 = CARTESIAN_POINT('', (29.99999999, 31.7, 2.));
#982 = VERTEX_POINT('', #981);
#983 = CARTESIAN_POINT('', (-28.3, 30., -2.));
#984 = VERTEX_POINT('', #983);
#985 = CARTESIAN_POINT('', (-31.7, 30., -2.));
#986 = VERTEX_POINT('', #985);
#987 = CARTESIAN_POINT('', (-28.3, 30., 2.));
#988 = VERTEX_POINT('', #987);
#989 = CARTESIAN_POINT('', (-31.7, 30., 2.));
#990 = VERTEX_POINT('', #989);
#991 = CARTESIAN_POINT('', (-30.00000001, 28.3, -2.));
#992 = VERTEX_POINT('', #991);
#993 = CARTESIAN_POINT('', (-29.99999999, 31.7, -2.));
#994 = VERTEX_POINT('', #993);
#995 = CARTESIAN_POINT('', (-29.99999999, 28.3, 2.));
#996 = VERTEX_POINT('', #995);
#997 = CARTESIAN_POINT('', (-30.00000001, 31.7, 2.));
#998 = VERTEX_POINT('', #997);
#999 = CARTESIAN_POINT('', (-28.3, -30., -2.));
#1000 = VERTEX_POINT('', #999);
#1001 = CARTESIAN_POINT('', (-31.7, -30., -2.));
#1002 = VERTEX_POINT('', #1001);
#1003 = CARTESIAN_POINT('', (-28.3, -30., 2.));
#1004 = VERTEX_POINT('', #1003);
#1005 = CARTESIAN_POINT('', (-31.7, -30., 2.));
#1006 = VERTEX_POINT('', #1005);
#1007 = CARTESIAN_POINT('', (-30.00000001, -31.7, -2.));
#1008 = VERTEX_POINT('', #1007);
#1009 = CARTESIAN_POINT('', (-29.99999999, -28.3, -2.));
#1010 = VERTEX_POINT('', #1009);
#1011 = CARTESIAN_POINT('', (-29.99999999, -31.7, 2.));
#1012 = VERTEX_POINT('', #1011);
#1013 = CARTESIAN_POINT('', (-30.00000001, -28.3, 2.));
#1014 = VERTEX_POINT('', #1013);
#1015 = CARTESIAN_POINT('', (31.7, -30., -2.));
#1016 = VERTEX_POINT('', #1015);
#1017 = CARTESIAN_POINT('', (28.3, -30., -2.));
#1018 = VERTEX_POINT('', #1017);
#1019 = CARTESIAN_POINT('', (31.7, -30., 2.));
#1020 = VERTEX_POINT('', #1019);
#1021 = CARTESIAN_POINT('', (28.3, -30., 2.));
#1022 = VERTEX_POINT('', #1021);
#1023 = CARTESIAN_POINT('', (29.99999999, -31.7, -2.));
#1024 = VERTEX_POINT('', #1023);
#1025 = CARTESIAN_POINT('', (30.00000001, -28.3, -2.));
#1026 = VERTEX_POINT('', #1025);
#1027 = CARTESIAN_POINT('', (30.00000001, -31.7, 2.));
#1028 = VERTEX_POINT('', #1027);
#1029 = CARTESIAN_POINT('', (29.99999999, -28.3, 2.));
#1030 = VERTEX_POINT('', #1029);
#1031 = CARTESIAN_POINT('', (-21., 55., -2.));
#1032 = VERTEX_POINT('', #1031);
#1033 = CARTESIAN_POINT('', (-49., 55., -2.));
#1034 = VERTEX_POINT('', #1033);
#1035 = CARTESIAN_POINT('', (-21., 55., 2.));
#1036 = VERTEX_POINT('', #1035);
#1037 = CARTESIAN_POINT('', (-49., 55., 2.));
#1038 = VERTEX_POINT('', #1037);
#1039 = CARTESIAN_POINT('', (-35., 41., -2.));
#1040 = VERTEX_POINT('', #1039);
#1041 = CARTESIAN_POINT('', (-35., 69., -2.));
#1042 = VERTEX_POINT('', #1041);
#1043 = CARTESIAN_POINT('', (-35., 41., 2.));
#1044 = VERTEX_POINT('', #1043);
#1045 = CARTESIAN_POINT('', (-35., 69., 2.));
#1046 = VERTEX_POINT('', #1045);
#1047 = CARTESIAN_POINT('', (-24., -55., -2.));
#1048 = VERTEX_POINT('', #1047);
#1049 = CARTESIAN_POINT('', (-46., -55., -2.));
#1050 = VERTEX_POINT('', #1049);
#1051 = CARTESIAN_POINT('', (-24., -55., 2.));
#1052 = VERTEX_POINT('', #1051);
#1053 = CARTESIAN_POINT('', (-46., -55., 2.));
#1054 = VERTEX_POINT('', #1053);
#1055 = CARTESIAN_POINT('', (-35., -66., -2.));
#1056 = VERTEX_POINT('', #1055);
#1057 = CARTESIAN_POINT('', (-35.00000004, -44., -2.));
#1058 = VERTEX_POINT('', #1057);
#1059 = CARTESIAN_POINT('', (-34.99999975, -66., 2.));
#1060 = VERTEX_POINT('', #1059);
#1061 = CARTESIAN_POINT('', (-34.99999996, -44., 2.));
#1062 = VERTEX_POINT('', #1061);
#1063 = CARTESIAN_POINT('', (134.24799769, 84.24799769, -2.));
#1064 = VERTEX_POINT('', #1063);
#1065 = CARTESIAN_POINT('', (134.24799769, 134.24799769, -2.));
#1066 = VERTEX_POINT('', #1065);
#1067 = CARTESIAN_POINT('', (134.24799769, 134.24799769, 2.));
#1068 = VERTEX_POINT('', #1067);
#1069 = CARTESIAN_POINT('', (134.24799769, 84.24799769, 2.));
#1070 = VERTEX_POINT('', #1069);
#1071 = CARTESIAN_POINT('', (84.24799769, 134.24799769, -2.));
#1072 = VERTEX_POINT('', #1071);
#1073 = CARTESIAN_POINT('', (84.24799769, 134.24799769, 2.));
#1074 = VERTEX_POINT('', #1073);
#1075 = CARTESIAN_POINT('', (84.24799769, 84.24799769, -2.));
#1076 = VERTEX_POINT('', #1075);
#1077 = CARTESIAN_POINT('', (84.24799769, 84.24799769, 2.));
#1078 = VERTEX_POINT('', #1077);
#1079 = CARTESIAN_POINT('', (115.24799769, 109.24799769, -2.));
#1080 = VERTEX_POINT('', #1079);
#1081 = CARTESIAN_POINT('', (103.24799769, 109.24799769, -2.));
#1082 = VERTEX_POINT('', #1081);
#1083 = CARTESIAN_POINT('', (115.24799769, 109.24799769, 2.));
#1084 = VERTEX_POINT('', #1083);
#1085 = CARTESIAN_POINT('', (103.24799769, 109.24799769, 2.));
#1086 = VERTEX_POINT('', #1085);
#1087 = CARTESIAN_POINT('', (109.24799771, 103.24799769, -2.));
#1088 = VERTEX_POINT('', #1087);
#1089 = CARTESIAN_POINT('', (109.24799768, 115.24799769, -2.));
#1090 = VERTEX_POINT('', #1089);
#1091 = CARTESIAN_POINT('', (109.24799775, 103.24799769, 2.));
#1092 = VERTEX_POINT('', #1091);
#1093 = CARTESIAN_POINT('', (109.24799763, 115.24799769, 2.));
#1094 = VERTEX_POINT('', #1093);
#1095 = CARTESIAN_POINT('', (123.44799769, 121.74799769, -2.));
#1096 = VERTEX_POINT('', #1095);
#1097 = CARTESIAN_POINT('', (120.04799769, 121.74799769, -2.));
#1098 = VERTEX_POINT('', #1097);
#1099 = CARTESIAN_POINT('', (123.44799769, 121.74799769, 2.));
#1100 = VERTEX_POINT('', #1099);
#1101 = CARTESIAN_POINT('', (120.04799769, 121.74799769, 2.));
#1102 = VERTEX_POINT('', #1101);
#1103 = CARTESIAN_POINT('', (121.74799768, 120.04799769, -2.));
#1104 = VERTEX_POINT('', #1103);
#1105 = CARTESIAN_POINT('', (121.74799771, 123.44799769, -2.));
#1106 = VERTEX_POINT('', #1105);
#1107 = CARTESIAN_POINT('', (121.74799771, 120.04799769, 2.));
#1108 = VERTEX_POINT('', #1107);
#1109 = CARTESIAN_POINT('', (121.74799768, 123.44799769, 2.));
#1110 = VERTEX_POINT('', #1109);
#1111 = CARTESIAN_POINT('', (98.44799769, 121.74799769, -2.));
#1112 = VERTEX_POINT('', #1111);
#1113 = CARTESIAN_POINT('', (95.04799769, 121.74799769, -2.));
#1114 = VERTEX_POINT('', #1113);
#1115 = CARTESIAN_POINT('', (98.44799769, 121.74799769, 2.));
#1116 = VERTEX_POINT('', #1115);
#1117 = CARTESIAN_POINT('', (95.04799769, 121.74799769, 2.));
#1118 = VERTEX_POINT('', #1117);
#1119 = CARTESIAN_POINT('', (96.74799768, 120.04799769, -2.));
#1120 = VERTEX_POINT('', #1119);
#1121 = CARTESIAN_POINT('', (96.74799771, 123.44799769, -2.));
#1122 = VERTEX_POINT('', #1121);
#1123 = CARTESIAN_POINT('', (96.74799771, 120.04799769, 2.));
#1124 = VERTEX_POINT('', #1123);
#1125 = CARTESIAN_POINT('', (96.74799768, 123.44799769, 2.));
#1126 = VERTEX_POINT('', #1125);
#1127 = CARTESIAN_POINT('', (98.44799769, 96.74799769, -2.));
#1128 = VERTEX_POINT('', #1127);
#1129 = CARTESIAN_POINT('', (95.04799769, 96.74799769, -2.));
#1130 = VERTEX_POINT('', #1129);
#1131 = CARTESIAN_POINT('', (98.44799769, 96.74799769, 2.));
#1132 = VERTEX_POINT('', #1131);
#1133 = CARTESIAN_POINT('', (95.04799769, 96.74799769, 2.));
#1134 = VERTEX_POINT('', #1133);
#1135 = CARTESIAN_POINT('', (96.74799768, 95.04799769, -2.));
#1136 = VERTEX_POINT('', #1135);
#1137 = CARTESIAN_POINT('', (96.74799771, 98.44799769, -2.));
#1138 = VERTEX_POINT('', #1137);
#1139 = CARTESIAN_POINT('', (96.74799771, 95.04799769, 2.));
#1140 = VERTEX_POINT('', #1139);
#1141 = CARTESIAN_POINT('', (96.74799768, 98.44799769, 2.));
#1142 = VERTEX_POINT('', #1141);
#1143 = CARTESIAN_POINT('', (123.44799769, 96.74799769, -2.));
#1144 = VERTEX_POINT('', #1143);
#1145 = CARTESIAN_POINT('', (120.04799769, 96.74799769, -2.));
#1146 = VERTEX_POINT('', #1145);
#1147 = CARTESIAN_POINT('', (123.44799769, 96.74799769, 2.));
#1148 = VERTEX_POINT('', #1147);
#1149 = CARTESIAN_POINT('', (120.04799769, 96.74799769, 2.));
#1150 = VERTEX_POINT('', #1149);
#1151 = CARTESIAN_POINT('', (121.74799768, 95.04799769, -2.));
#1152 = VERTEX_POINT('', #1151);
#1153 = CARTESIAN_POINT('', (121.74799771, 98.44799769, -2.));
#1154 = VERTEX_POINT('', #1153);
#1155 = CARTESIAN_POINT('', (121.74799771, 95.04799769, 2.));
#1156 = VERTEX_POINT('', #1155);
#1157 = CARTESIAN_POINT('', (121.74799768, 98.44799769, 2.));
#1158 = VERTEX_POINT('', #1157);
#1159 = CARTESIAN_POINT('', (120.44799769, 118.74799769, -2.));
#1160 = VERTEX_POINT('', #1159);
#1161 = CARTESIAN_POINT('', (117.04799769, 118.74799769, -2.));
#1162 = VERTEX_POINT('', #1161);
#1163 = CARTESIAN_POINT('', (120.44799769, 118.74799769, 2.));
#1164 = VERTEX_POINT('', #1163);
#1165 = CARTESIAN_POINT('', (117.04799769, 118.74799769, 2.));
#1166 = VERTEX_POINT('', #1165);
#1167 = CARTESIAN_POINT('', (118.74799768, 117.04799769, -2.));
#1168 = VERTEX_POINT('', #1167);
#1169 = CARTESIAN_POINT('', (118.74799771, 120.44799769, -2.));
#1170 = VERTEX_POINT('', #1169);
#1171 = CARTESIAN_POINT('', (118.74799771, 117.04799769, 2.));
#1172 = VERTEX_POINT('', #1171);
#1173 = CARTESIAN_POINT('', (118.74799768, 120.44799769, 2.));
#1174 = VERTEX_POINT('', #1173);
#1175 = CARTESIAN_POINT('', (101.44799769, 118.74799769, -2.));
#1176 = VERTEX_POINT('', #1175);
#1177 = CARTESIAN_POINT('', (98.04799769, 118.74799769, -2.));
#1178 = VERTEX_POINT('', #1177);
#1179 = CARTESIAN_POINT('', (101.44799769, 118.74799769, 2.));
#1180 = VERTEX_POINT('', #1179);
#1181 = CARTESIAN_POINT('', (98.04799769, 118.74799769, 2.));
#1182 = VERTEX_POINT('', #1181);
#1183 = CARTESIAN_POINT('', (99.74799768, 117.04799769, -2.));
#1184 = VERTEX_POINT('', #1183);
#1185 = CARTESIAN_POINT('', (99.74799771, 120.44799769, -2.));
#1186 = VERTEX_POINT('', #1185);
#1187 = CARTESIAN_POINT('', (99.7479977, 117.04799769, 2.));
#1188 = VERTEX_POINT('', #1187);
#1189 = CARTESIAN_POINT('', (99.74799768, 120.44799769, 2.));
#1190 = VERTEX_POINT('', #1189);
#1191 = CARTESIAN_POINT('', (101.44799769, 99.74799769, -2.));
#1192 = VERTEX_POINT('', #1191);
#1193 = CARTESIAN_POINT('', (98.04799769, 99.74799769, -2.));
#1194 = VERTEX_POINT('', #1193);
#1195 = CARTESIAN_POINT('', (101.44799769, 99.74799769, 2.));
#1196 = VERTEX_POINT('', #1195);
#1197 = CARTESIAN_POINT('', (98.04799769, 99.74799769, 2.));
#1198 = VERTEX_POINT('', #1197);
#1199 = CARTESIAN_POINT('', (99.74799768, 98.04799769, -2.));
#1200 = VERTEX_POINT('', #1199);
#1201 = CARTESIAN_POINT('', (99.74799771, 101.44799769, -2.));
#1202 = VERTEX_POINT('', #1201);
#1203 = CARTESIAN_POINT('', (99.74799771, 98.04799769, 2.));
#1204 = VERTEX_POINT('', #1203);
#1205 = CARTESIAN_POINT('', (99.74799768, 101.44799769, 2.));
#1206 = VERTEX_POINT('', #1205);
#1207 = CARTESIAN_POINT('', (120.44799769, 99.74799769, -2.));
#1208 = VERTEX_POINT('', #1207);
#1209 = CARTESIAN_POINT('', (117.04799769, 99.74799769, -2.));
#1210 = VERTEX_POINT('', #1209);
#1211 = CARTESIAN_POINT('', (120.44799769, 99.74799769, 2.));
#1212 = VERTEX_POINT('', #1211);
#1213 = CARTESIAN_POINT('', (117.04799769, 99.74799769, 2.));
#1214 = VERTEX_POINT('', #1213);
#1215 = CARTESIAN_POINT('', (118.74799768, 98.04799769, -2.));
#1216 = VERTEX_POINT('', #1215);
#1217 = CARTESIAN_POINT('', (118.74799771, 101.44799769, -2.));
#1218 = VERTEX_POINT('', #1217);
#1219 = CARTESIAN_POINT('', (118.7479977, 98.04799769, 2.));
#1220 = VERTEX_POINT('', #1219);
#1221 = CARTESIAN_POINT('', (118.74799768, 101.44799769, 2.));
#1222 = VERTEX_POINT('', #1221);
#1223 = CARTESIAN_POINT('', (-84.24799769, 134.24799769, -2.));
#1224 = VERTEX_POINT('', #1223);
#1225 = CARTESIAN_POINT('', (-134.24799769, 134.24799769, -2.));
#1226 = VERTEX_POINT('', #1225);
#1227 = CARTESIAN_POINT('', (-134.24799769, 134.24799769, 2.));
#1228 = VERTEX_POINT('', #1227);
#1229 = CARTESIAN_POINT('', (-84.24799769, 134.24799769, 2.));
#1230 = VERTEX_POINT('', #1229);
#1231 = CARTESIAN_POINT('', (-134.24799769, 84.24799769, -2.));
#1232 = VERTEX_POINT('', #1231);
#1233 = CARTESIAN_POINT('', (-134.24799769, 84.24799769, 2.));
#1234 = VERTEX_POINT('', #1233);
#1235 = CARTESIAN_POINT('', (-84.24799769, 84.24799769, -2.));
#1236 = VERTEX_POINT('', #1235);
#1237 = CARTESIAN_POINT('', (-84.24799769, 84.24799769, 2.));
#1238 = VERTEX_POINT('', #1237);
#1239 = CARTESIAN_POINT('', (-109.24799769, 115.24799769, -2.));
#1240 = VERTEX_POINT('', #1239);
#1241 = CARTESIAN_POINT('', (-109.24799769, 103.24799769, -2.));
#1242 = VERTEX_POINT('', #1241);
#1243 = CARTESIAN_POINT('', (-109.24799769, 115.24799769, 2.));
#1244 = VERTEX_POINT('', #1243);
#1245 = CARTESIAN_POINT('', (-109.24799769, 103.24799769, 2.));
#1246 = VERTEX_POINT('', #1245);
#1247 = CARTESIAN_POINT('', (-103.24799769, 109.24799771, -2.));
#1248 = VERTEX_POINT('', #1247);
#1249 = CARTESIAN_POINT('', (-115.24799769, 109.24799768, -2.));
#1250 = VERTEX_POINT('', #1249);
#1251 = CARTESIAN_POINT('', (-103.24799769, 109.24799775, 2.));
#1252 = VERTEX_POINT('', #1251);
#1253 = CARTESIAN_POINT('', (-115.24799769, 109.24799763, 2.));
#1254 = VERTEX_POINT('', #1253);
#1255 = CARTESIAN_POINT('', (-121.74799769, 123.44799769, -2.));
#1256 = VERTEX_POINT('', #1255);
#1257 = CARTESIAN_POINT('', (-121.74799769, 120.04799769, -2.));
#1258 = VERTEX_POINT('', #1257);
#1259 = CARTESIAN_POINT('', (-121.74799769, 123.44799769, 2.));
#1260 = VERTEX_POINT('', #1259);
#1261 = CARTESIAN_POINT('', (-121.74799769, 120.04799769, 2.));
#1262 = VERTEX_POINT('', #1261);
#1263 = CARTESIAN_POINT('', (-120.04799769, 121.74799768, -2.));
#1264 = VERTEX_POINT('', #1263);
#1265 = CARTESIAN_POINT('', (-123.44799769, 121.74799771, -2.));
#1266 = VERTEX_POINT('', #1265);
#1267 = CARTESIAN_POINT('', (-120.04799769, 121.74799771, 2.));
#1268 = VERTEX_POINT('', #1267);
#1269 = CARTESIAN_POINT('', (-123.44799769, 121.74799768, 2.));
#1270 = VERTEX_POINT('', #1269);
#1271 = CARTESIAN_POINT('', (-121.74799769, 98.44799769, -2.));
#1272 = VERTEX_POINT('', #1271);
#1273 = CARTESIAN_POINT('', (-121.74799769, 95.04799769, -2.));
#1274 = VERTEX_POINT('', #1273);
#1275 = CARTESIAN_POINT('', (-121.74799769, 98.44799769, 2.));
#1276 = VERTEX_POINT('', #1275);
#1277 = CARTESIAN_POINT('', (-121.74799769, 95.04799769, 2.));
#1278 = VERTEX_POINT('', #1277);
#1279 = CARTESIAN_POINT('', (-120.04799769, 96.74799768, -2.));
#1280 = VERTEX_POINT('', #1279);
#1281 = CARTESIAN_POINT('', (-123.44799769, 96.74799771, -2.));
#1282 = VERTEX_POINT('', #1281);
#1283 = CARTESIAN_POINT('', (-120.04799769, 96.74799771, 2.));
#1284 = VERTEX_POINT('', #1283);
#1285 = CARTESIAN_POINT('', (-123.44799769, 96.74799768, 2.));
#1286 = VERTEX_POINT('', #1285);
#1287 = CARTESIAN_POINT('', (-96.74799769, 98.44799769, -2.));
#1288 = VERTEX_POINT('', #1287);
#1289 = CARTESIAN_POINT('', (-96.74799769, 95.04799769, -2.));
#1290 = VERTEX_POINT('', #1289);
#1291 = CARTESIAN_POINT('', (-96.74799769, 98.44799769, 2.));
#1292 = VERTEX_POINT('', #1291);
#1293 = CARTESIAN_POINT('', (-96.74799769, 95.04799769, 2.));
#1294 = VERTEX_POINT('', #1293);
#1295 = CARTESIAN_POINT('', (-95.04799769, 96.74799768, -2.));
#1296 = VERTEX_POINT('', #1295);
#1297 = CARTESIAN_POINT('', (-98.44799769, 96.74799771, -2.));
#1298 = VERTEX_POINT('', #1297);
#1299 = CARTESIAN_POINT('', (-95.04799769, 96.74799771, 2.));
#1300 = VERTEX_POINT('', #1299);
#1301 = CARTESIAN_POINT('', (-98.44799769, 96.74799768, 2.));
#1302 = VERTEX_POINT('', #1301);
#1303 = CARTESIAN_POINT('', (-96.74799769, 123.44799769, -2.));
#1304 = VERTEX_POINT('', #1303);
#1305 = CARTESIAN_POINT('', (-96.74799769, 120.04799769, -2.));
#1306 = VERTEX_POINT('', #1305);
#1307 = CARTESIAN_POINT('', (-96.74799769, 123.44799769, 2.));
#1308 = VERTEX_POINT('', #1307);
#1309 = CARTESIAN_POINT('', (-96.74799769, 120.04799769, 2.));
#1310 = VERTEX_POINT('', #1309);
#1311 = CARTESIAN_POINT('', (-95.04799769, 121.74799768, -2.));
#1312 = VERTEX_POINT('', #1311);
#1313 = CARTESIAN_POINT('', (-98.44799769, 121.74799771, -2.));
#1314 = VERTEX_POINT('', #1313);
#1315 = CARTESIAN_POINT('', (-95.04799769, 121.74799771, 2.));
#1316 = VERTEX_POINT('', #1315);
#1317 = CARTESIAN_POINT('', (-98.44799769, 121.74799768, 2.));
#1318 = VERTEX_POINT('', #1317);
#1319 = CARTESIAN_POINT('', (-118.74799769, 120.44799769, -2.));
#1320 = VERTEX_POINT('', #1319);
#1321 = CARTESIAN_POINT('', (-118.74799769, 117.04799769, -2.));
#1322 = VERTEX_POINT('', #1321);
#1323 = CARTESIAN_POINT('', (-118.74799769, 120.44799769, 2.));
#1324 = VERTEX_POINT('', #1323);
#1325 = CARTESIAN_POINT('', (-118.74799769, 117.04799769, 2.));
#1326 = VERTEX_POINT('', #1325);
#1327 = CARTESIAN_POINT('', (-117.04799769, 118.74799768, -2.));
#1328 = VERTEX_POINT('', #1327);
#1329 = CARTESIAN_POINT('', (-120.44799769, 118.74799771, -2.));
#1330 = VERTEX_POINT('', #1329);
#1331 = CARTESIAN_POINT('', (-117.04799769, 118.74799771, 2.));
#1332 = VERTEX_POINT('', #1331);
#1333 = CARTESIAN_POINT('', (-120.44799769, 118.74799768, 2.));
#1334 = VERTEX_POINT('', #1333);
#1335 = CARTESIAN_POINT('', (-118.74799769, 101.44799769, -2.));
#1336 = VERTEX_POINT('', #1335);
#1337 = CARTESIAN_POINT('', (-118.74799769, 98.04799769, -2.));
#1338 = VERTEX_POINT('', #1337);
#1339 = CARTESIAN_POINT('', (-118.74799769, 101.44799769, 2.));
#1340 = VERTEX_POINT('', #1339);
#1341 = CARTESIAN_POINT('', (-118.74799769, 98.04799769, 2.));
#1342 = VERTEX_POINT('', #1341);
#1343 = CARTESIAN_POINT('', (-117.04799769, 99.74799768, -2.));
#1344 = VERTEX_POINT('', #1343);
#1345 = CARTESIAN_POINT('', (-120.44799769, 99.74799771, -2.));
#1346 = VERTEX_POINT('', #1345);
#1347 = CARTESIAN_POINT('', (-117.04799769, 99.7479977, 2.));
#1348 = VERTEX_POINT('', #1347);
#1349 = CARTESIAN_POINT('', (-120.44799769, 99.74799768, 2.));
#1350 = VERTEX_POINT('', #1349);
#1351 = CARTESIAN_POINT('', (-99.74799769, 101.44799769, -2.));
#1352 = VERTEX_POINT('', #1351);
#1353 = CARTESIAN_POINT('', (-99.74799769, 98.04799769, -2.));
#1354 = VERTEX_POINT('', #1353);
#1355 = CARTESIAN_POINT('', (-99.74799769, 101.44799769, 2.));
#1356 = VERTEX_POINT('', #1355);
#1357 = CARTESIAN_POINT('', (-99.74799769, 98.04799769, 2.));
#1358 = VERTEX_POINT('', #1357);
#1359 = CARTESIAN_POINT('', (-98.04799769, 99.74799768, -2.));
#1360 = VERTEX_POINT('', #1359);
#1361 = CARTESIAN_POINT('', (-101.44799769, 99.74799771, -2.));
#1362 = VERTEX_POINT('', #1361);
#1363 = CARTESIAN_POINT('', (-98.04799769, 99.74799771, 2.));
#1364 = VERTEX_POINT('', #1363);
#1365 = CARTESIAN_POINT('', (-101.44799769, 99.74799768, 2.));
#1366 = VERTEX_POINT('', #1365);
#1367 = CARTESIAN_POINT('', (-99.74799769, 120.44799769, -2.));
#1368 = VERTEX_POINT('', #1367);
#1369 = CARTESIAN_POINT('', (-99.74799769, 117.04799769, -2.));
#1370 = VERTEX_POINT('', #1369);
#1371 = CARTESIAN_POINT('', (-99.74799769, 120.44799769, 2.));
#1372 = VERTEX_POINT('', #1371);
#1373 = CARTESIAN_POINT('', (-99.74799769, 117.04799769, 2.));
#1374 = VERTEX_POINT('', #1373);
#1375 = CARTESIAN_POINT('', (-98.04799769, 118.74799768, -2.));
#1376 = VERTEX_POINT('', #1375);
#1377 = CARTESIAN_POINT('', (-101.44799769, 118.74799771, -2.));
#1378 = VERTEX_POINT('', #1377);
#1379 = CARTESIAN_POINT('', (-98.04799769, 118.7479977, 2.));
#1380 = VERTEX_POINT('', #1379);
#1381 = CARTESIAN_POINT('', (-101.44799769, 118.74799768, 2.));
#1382 = VERTEX_POINT('', #1381);
#1383 = CARTESIAN_POINT('', (-134.24799769, -84.24799769, -2.));
#1384 = VERTEX_POINT('', #1383);
#1385 = CARTESIAN_POINT('', (-134.24799769, -134.24799769, -2.));
#1386 = VERTEX_POINT('', #1385);
#1387 = CARTESIAN_POINT('', (-134.24799769, -134.24799769, 2.));
#1388 = VERTEX_POINT('', #1387);
#1389 = CARTESIAN_POINT('', (-134.24799769, -84.24799769, 2.));
#1390 = VERTEX_POINT('', #1389);
#1391 = CARTESIAN_POINT('', (-84.24799769, -134.24799769, -2.));
#1392 = VERTEX_POINT('', #1391);
#1393 = CARTESIAN_POINT('', (-84.24799769, -134.24799769, 2.));
#1394 = VERTEX_POINT('', #1393);
#1395 = CARTESIAN_POINT('', (-84.24799769, -84.24799769, -2.));
#1396 = VERTEX_POINT('', #1395);
#1397 = CARTESIAN_POINT('', (-84.24799769, -84.24799769, 2.));
#1398 = VERTEX_POINT('', #1397);
#1399 = CARTESIAN_POINT('', (-115.24799769, -109.24799769, -2.));
#1400 = VERTEX_POINT('', #1399);
#1401 = CARTESIAN_POINT('', (-103.24799769, -109.24799769, -2.));
#1402 = VERTEX_POINT('', #1401);
#1403 = CARTESIAN_POINT('', (-115.24799769, -109.24799769, 2.));
#1404 = VERTEX_POINT('', #1403);
#1405 = CARTESIAN_POINT('', (-103.24799769, -109.24799769, 2.));
#1406 = VERTEX_POINT('', #1405);
#1407 = CARTESIAN_POINT('', (-109.24799771, -103.24799769, -2.));
#1408 = VERTEX_POINT('', #1407);
#1409 = CARTESIAN_POINT('', (-109.24799768, -115.24799769, -2.));
#1410 = VERTEX_POINT('', #1409);
#1411 = CARTESIAN_POINT('', (-109.24799775, -103.24799769, 2.));
#1412 = VERTEX_POINT('', #1411);
#1413 = CARTESIAN_POINT('', (-109.24799763, -115.24799769, 2.));
#1414 = VERTEX_POINT('', #1413);
#1415 = CARTESIAN_POINT('', (-123.44799769, -121.74799769, -2.));
#1416 = VERTEX_POINT('', #1415);
#1417 = CARTESIAN_POINT('', (-120.04799769, -121.74799769, -2.));
#1418 = VERTEX_POINT('', #1417);
#1419 = CARTESIAN_POINT('', (-123.44799769, -121.74799769, 2.));
#1420 = VERTEX_POINT('', #1419);
#1421 = CARTESIAN_POINT('', (-120.04799769, -121.74799769, 2.));
#1422 = VERTEX_POINT('', #1421);
#1423 = CARTESIAN_POINT('', (-121.74799768, -120.04799769, -2.));
#1424 = VERTEX_POINT('', #1423);
#1425 = CARTESIAN_POINT('', (-121.74799771, -123.44799769, -2.));
#1426 = VERTEX_POINT('', #1425);
#1427 = CARTESIAN_POINT('', (-121.74799771, -120.04799769, 2.));
#1428 = VERTEX_POINT('', #1427);
#1429 = CARTESIAN_POINT('', (-121.74799768, -123.44799769, 2.));
#1430 = VERTEX_POINT('', #1429);
#1431 = CARTESIAN_POINT('', (-98.44799769, -121.74799769, -2.));
#1432 = VERTEX_POINT('', #1431);
#1433 = CARTESIAN_POINT('', (-95.04799769, -121.74799769, -2.));
#1434 = VERTEX_POINT('', #1433);
#1435 = CARTESIAN_POINT('', (-98.44799769, -121.74799769, 2.));
#1436 = VERTEX_POINT('', #1435);
#1437 = CARTESIAN_POINT('', (-95.04799769, -121.74799769, 2.));
#1438 = VERTEX_POINT('', #1437);
#1439 = CARTESIAN_POINT('', (-96.74799768, -120.04799769, -2.));
#1440 = VERTEX_POINT('', #1439);
#1441 = CARTESIAN_POINT('', (-96.74799771, -123.44799769, -2.));
#1442 = VERTEX_POINT('', #1441);
#1443 = CARTESIAN_POINT('', (-96.74799771, -120.04799769, 2.));
#1444 = VERTEX_POINT('', #1443);
#1445 = CARTESIAN_POINT('', (-96.74799768, -123.44799769, 2.));
#1446 = VERTEX_POINT('', #1445);
#1447 = CARTESIAN_POINT('', (-98.44799769, -96.74799769, -2.));
#1448 = VERTEX_POINT('', #1447);
#1449 = CARTESIAN_POINT('', (-95.04799769, -96.74799769, -2.));
#1450 = VERTEX_POINT('', #1449);
#1451 = CARTESIAN_POINT('', (-98.44799769, -96.74799769, 2.));
#1452 = VERTEX_POINT('', #1451);
#1453 = CARTESIAN_POINT('', (-95.04799769, -96.74799769, 2.));
#1454 = VERTEX_POINT('', #1453);
#1455 = CARTESIAN_POINT('', (-96.74799768, -95.04799769, -2.));
#1456 = VERTEX_POINT('', #1455);
#1457 = CARTESIAN_POINT('', (-96.74799771, -98.44799769, -2.));
#1458 = VERTEX_POINT('', #1457);
#1459 = CARTESIAN_POINT('', (-96.74799771, -95.04799769, 2.));
#1460 = VERTEX_POINT('', #1459);
#1461 = CARTESIAN_POINT('', (-96.74799768, -98.44799769, 2.));
#1462 = VERTEX_POINT('', #1461);
#1463 = CARTESIAN_POINT('', (-123.44799769, -96.74799769, -2.));
#1464 = VERTEX_POINT('', #1463);
#1465 = CARTESIAN_POINT('', (-120.04799769, -96.74799769, -2.));
#1466 = VERTEX_POINT('', #1465);
#1467 = CARTESIAN_POINT('', (-123.44799769, -96.74799769, 2.));
#1468 = VERTEX_POINT('', #1467);
#1469 = CARTESIAN_POINT('', (-120.04799769, -96.74799769, 2.));
#1470 = VERTEX_POINT('', #1469);
#1471 = CARTESIAN_POINT('', (-121.74799768, -95.04799769, -2.));
#1472 = VERTEX_POINT('', #1471);
#1473 = CARTESIAN_POINT('', (-121.74799771, -98.44799769, -2.));
#1474 = VERTEX_POINT('', #1473);
#1475 = CARTESIAN_POINT('', (-121.74799771, -95.04799769, 2.));
#1476 = VERTEX_POINT('', #1475);
#1477 = CARTESIAN_POINT('', (-121.74799768, -98.44799769, 2.));
#1478 = VERTEX_POINT('', #1477);
#1479 = CARTESIAN_POINT('', (-120.44799769, -118.74799769, -2.));
#1480 = VERTEX_POINT('', #1479);
#1481 = CARTESIAN_POINT('', (-117.04799769, -118.74799769, -2.));
#1482 = VERTEX_POINT('', #1481);
#1483 = CARTESIAN_POINT('', (-120.44799769, -118.74799769, 2.));
#1484 = VERTEX_POINT('', #1483);
#1485 = CARTESIAN_POINT('', (-117.04799769, -118.74799769, 2.));
#1486 = VERTEX_POINT('', #1485);
#1487 = CARTESIAN_POINT('', (-118.74799768, -117.04799769, -2.));
#1488 = VERTEX_POINT('', #1487);
#1489 = CARTESIAN_POINT('', (-118.74799771, -120.44799769, -2.));
#1490 = VERTEX_POINT('', #1489);
#1491 = CARTESIAN_POINT('', (-118.74799771, -117.04799769, 2.));
#1492 = VERTEX_POINT('', #1491);
#1493 = CARTESIAN_POINT('', (-118.74799768, -120.44799769, 2.));
#1494 = VERTEX_POINT('', #1493);
#1495 = CARTESIAN_POINT('', (-101.44799769, -118.74799769, -2.));
#1496 = VERTEX_POINT('', #1495);
#1497 = CARTESIAN_POINT('', (-98.04799769, -118.74799769, -2.));
#1498 = VERTEX_POINT('', #1497);
#1499 = CARTESIAN_POINT('', (-101.44799769, -118.74799769, 2.));
#1500 = VERTEX_POINT('', #1499);
#1501 = CARTESIAN_POINT('', (-98.04799769, -118.74799769, 2.));
#1502 = VERTEX_POINT('', #1501);
#1503 = CARTESIAN_POINT('', (-99.74799768, -117.04799769, -2.));
#1504 = VERTEX_POINT('', #1503);
#1505 = CARTESIAN_POINT('', (-99.74799771, -120.44799769, -2.));
#1506 = VERTEX_POINT('', #1505);
#1507 = CARTESIAN_POINT('', (-99.7479977, -117.04799769, 2.));
#1508 = VERTEX_POINT('', #1507);
#1509 = CARTESIAN_POINT('', (-99.74799768, -120.44799769, 2.));
#1510 = VERTEX_POINT('', #1509);
#1511 = CARTESIAN_POINT('', (-101.44799769, -99.74799769, -2.));
#1512 = VERTEX_POINT('', #1511);
#1513 = CARTESIAN_POINT('', (-98.04799769, -99.74799769, -2.));
#1514 = VERTEX_POINT('', #1513);
#1515 = CARTESIAN_POINT('', (-101.44799769, -99.74799769, 2.));
#1516 = VERTEX_POINT('', #1515);
#1517 = CARTESIAN_POINT('', (-98.04799769, -99.74799769, 2.));
#1518 = VERTEX_POINT('', #1517);
#1519 = CARTESIAN_POINT('', (-99.74799768, -98.04799769, -2.));
#1520 = VERTEX_POINT('', #1519);
#1521 = CARTESIAN_POINT('', (-99.74799771, -101.44799769, -2.));
#1522 = VERTEX_POINT('', #1521);
#1523 = CARTESIAN_POINT('', (-99.74799771, -98.04799769, 2.));
#1524 = VERTEX_POINT('', #1523);
#1525 = CARTESIAN_POINT('', (-99.74799768, -101.44799769, 2.));
#1526 = VERTEX_POINT('', #1525);
#1527 = CARTESIAN_POINT('', (-120.44799769, -99.74799769, -2.));
#1528 = VERTEX_POINT('', #1527);
#1529 = CARTESIAN_POINT('', (-117.04799769, -99.74799769, -2.));
#1530 = VERTEX_POINT('', #1529);
#1531 = CARTESIAN_POINT('', (-120.44799769, -99.74799769, 2.));
#1532 = VERTEX_POINT('', #1531);
#1533 = CARTESIAN_POINT('', (-117.04799769, -99.74799769, 2.));
#1534 = VERTEX_POINT('', #1533);
#1535 = CARTESIAN_POINT('', (-118.74799768, -98.04799769, -2.));
#1536 = VERTEX_POINT('', #1535);
#1537 = CARTESIAN_POINT('', (-118.74799771, -101.44799769, -2.));
#1538 = VERTEX_POINT('', #1537);
#1539 = CARTESIAN_POINT('', (-118.7479977, -98.04799769, 2.));
#1540 = VERTEX_POINT('', #1539);
#1541 = CARTESIAN_POINT('', (-118.74799768, -101.44799769, 2.));
#1542 = VERTEX_POINT('', #1541);
#1543 = CARTESIAN_POINT('', (84.24799769, -134.24799769, -2.));
#1544 = VERTEX_POINT('', #1543);
#1545 = CARTESIAN_POINT('', (134.24799769, -134.24799769, -2.));
#1546 = VERTEX_POINT('', #1545);
#1547 = CARTESIAN_POINT('', (134.24799769, -134.24799769, 2.));
#1548 = VERTEX_POINT('', #1547);
#1549 = CARTESIAN_POINT('', (84.24799769, -134.24799769, 2.));
#1550 = VERTEX_POINT('', #1549);
#1551 = CARTESIAN_POINT('', (134.24799769, -84.24799769, -2.));
#1552 = VERTEX_POINT('', #1551);
#1553 = CARTESIAN_POINT('', (134.24799769, -84.24799769, 2.));
#1554 = VERTEX_POINT('', #1553);
#1555 = CARTESIAN_POINT('', (84.24799769, -84.24799769, -2.));
#1556 = VERTEX_POINT('', #1555);
#1557 = CARTESIAN_POINT('', (84.24799769, -84.24799769, 2.));
#1558 = VERTEX_POINT('', #1557);
#1559 = CARTESIAN_POINT('', (109.24799769, -115.24799769, -2.));
#1560 = VERTEX_POINT('', #1559);
#1561 = CARTESIAN_POINT('', (109.24799769, -103.24799769, -2.));
#1562 = VERTEX_POINT('', #1561);
#1563 = CARTESIAN_POINT('', (109.24799769, -115.24799769, 2.));
#1564 = VERTEX_POINT('', #1563);
#1565 = CARTESIAN_POINT('', (109.24799769, -103.24799769, 2.));
#1566 = VERTEX_POINT('', #1565);
#1567 = CARTESIAN_POINT('', (103.24799769, -109.24799771, -2.));
#1568 = VERTEX_POINT('', #1567);
#1569 = CARTESIAN_POINT('', (115.24799769, -109.24799768, -2.));
#1570 = VERTEX_POINT('', #1569);
#1571 = CARTESIAN_POINT('', (103.24799769, -109.24799775, 2.));
#1572 = VERTEX_POINT('', #1571);
#1573 = CARTESIAN_POINT('', (115.24799769, -109.24799763, 2.));
#1574 = VERTEX_POINT('', #1573);
#1575 = CARTESIAN_POINT('', (121.74799769, -123.44799769, -2.));
#1576 = VERTEX_POINT('', #1575);
#1577 = CARTESIAN_POINT('', (121.74799769, -120.04799769, -2.));
#1578 = VERTEX_POINT('', #1577);
#1579 = CARTESIAN_POINT('', (121.74799769, -123.44799769, 2.));
#1580 = VERTEX_POINT('', #1579);
#1581 = CARTESIAN_POINT('', (121.74799769, -120.04799769, 2.));
#1582 = VERTEX_POINT('', #1581);
#1583 = CARTESIAN_POINT('', (120.04799769, -121.74799768, -2.));
#1584 = VERTEX_POINT('', #1583);
#1585 = CARTESIAN_POINT('', (123.44799769, -121.74799771, -2.));
#1586 = VERTEX_POINT('', #1585);
#1587 = CARTESIAN_POINT('', (120.04799769, -121.74799771, 2.));
#1588 = VERTEX_POINT('', #1587);
#1589 = CARTESIAN_POINT('', (123.44799769, -121.74799768, 2.));
#1590 = VERTEX_POINT('', #1589);
#1591 = CARTESIAN_POINT('', (121.74799769, -98.44799769, -2.));
#1592 = VERTEX_POINT('', #1591);
#1593 = CARTESIAN_POINT('', (121.74799769, -95.04799769, -2.));
#1594 = VERTEX_POINT('', #1593);
#1595 = CARTESIAN_POINT('', (121.74799769, -98.44799769, 2.));
#1596 = VERTEX_POINT('', #1595);
#1597 = CARTESIAN_POINT('', (121.74799769, -95.04799769, 2.));
#1598 = VERTEX_POINT('', #1597);
#1599 = CARTESIAN_POINT('', (120.04799769, -96.74799768, -2.));
#1600 = VERTEX_POINT('', #1599);
#1601 = CARTESIAN_POINT('', (123.44799769, -96.74799771, -2.));
#1602 = VERTEX_POINT('', #1601);
#1603 = CARTESIAN_POINT('', (120.04799769, -96.74799771, 2.));
#1604 = VERTEX_POINT('', #1603);
#1605 = CARTESIAN_POINT('', (123.44799769, -96.74799768, 2.));
#1606 = VERTEX_POINT('', #1605);
#1607 = CARTESIAN_POINT('', (96.74799769, -98.44799769, -2.));
#1608 = VERTEX_POINT('', #1607);
#1609 = CARTESIAN_POINT('', (96.74799769, -95.04799769, -2.));
#1610 = VERTEX_POINT('', #1609);
#1611 = CARTESIAN_POINT('', (96.74799769, -98.44799769, 2.));
#1612 = VERTEX_POINT('', #1611);
#1613 = CARTESIAN_POINT('', (96.74799769, -95.04799769, 2.));
#1614 = VERTEX_POINT('', #1613);
#1615 = CARTESIAN_POINT('', (95.04799769, -96.74799768, -2.));
#1616 = VERTEX_POINT('', #1615);
#1617 = CARTESIAN_POINT('', (98.44799769, -96.74799771, -2.));
#1618 = VERTEX_POINT('', #1617);
#1619 = CARTESIAN_POINT('', (95.04799769, -96.74799771, 2.));
#1620 = VERTEX_POINT('', #1619);
#1621 = CARTESIAN_POINT('', (98.44799769, -96.74799768, 2.));
#1622 = VERTEX_POINT('', #1621);
#1623 = CARTESIAN_POINT('', (96.74799769, -123.44799769, -2.));
#1624 = VERTEX_POINT('', #1623);
#1625 = CARTESIAN_POINT('', (96.74799769, -120.04799769, -2.));
#1626 = VERTEX_POINT('', #1625);
#1627 = CARTESIAN_POINT('', (96.74799769, -123.44799769, 2.));
#1628 = VERTEX_POINT('', #1627);
#1629 = CARTESIAN_POINT('', (96.74799769, -120.04799769, 2.));
#1630 = VERTEX_POINT('', #1629);
#1631 = CARTESIAN_POINT('', (95.04799769, -121.74799768, -2.));
#1632 = VERTEX_POINT('', #1631);
#1633 = CARTESIAN_POINT('', (98.44799769, -121.74799771, -2.));
#1634 = VERTEX_POINT('', #1633);
#1635 = CARTESIAN_POINT('', (95.04799769, -121.74799771, 2.));
#1636 = VERTEX_POINT('', #1635);
#1637 = CARTESIAN_POINT('', (98.44799769, -121.74799768, 2.));
#1638 = VERTEX_POINT('', #1637);
#1639 = CARTESIAN_POINT('', (118.74799769, -120.44799769, -2.));
#1640 = VERTEX_POINT('', #1639);
#1641 = CARTESIAN_POINT('', (118.74799769, -117.04799769, -2.));
#1642 = VERTEX_POINT('', #1641);
#1643 = CARTESIAN_POINT('', (118.74799769, -120.44799769, 2.));
#1644 = VERTEX_POINT('', #1643);
#1645 = CARTESIAN_POINT('', (118.74799769, -117.04799769, 2.));
#1646 = VERTEX_POINT('', #1645);
#1647 = CARTESIAN_POINT('', (117.04799769, -118.74799768, -2.));
#1648 = VERTEX_POINT('', #1647);
#1649 = CARTESIAN_POINT('', (120.44799769, -118.74799771, -2.));
#1650 = VERTEX_POINT('', #1649);
#1651 = CARTESIAN_POINT('', (117.04799769, -118.74799771, 2.));
#1652 = VERTEX_POINT('', #1651);
#1653 = CARTESIAN_POINT('', (120.44799769, -118.74799768, 2.));
#1654 = VERTEX_POINT('', #1653);
#1655 = CARTESIAN_POINT('', (118.74799769, -101.44799769, -2.));
#1656 = VERTEX_POINT('', #1655);
#1657 = CARTESIAN_POINT('', (118.74799769, -98.04799769, -2.));
#1658 = VERTEX_POINT('', #1657);
#1659 = CARTESIAN_POINT('', (118.74799769, -101.44799769, 2.));
#1660 = VERTEX_POINT('', #1659);
#1661 = CARTESIAN_POINT('', (118.74799769, -98.04799769, 2.));
#1662 = VERTEX_POINT('', #1661);
#1663 = CARTESIAN_POINT('', (117.04799769, -99.74799768, -2.));
#1664 = VERTEX_POINT('', #1663);
#1665 = CARTESIAN_POINT('', (120.44799769, -99.74799771, -2.));
#1666 = VERTEX_POINT('', #1665);
#1667 = CARTESIAN_POINT('', (117.04799769, -99.7479977, 2.));
#1668 = VERTEX_POINT('', #1667);
#1669 = CARTESIAN_POINT('', (120.44799769, -99.74799768, 2.));
#1670 = VERTEX_POINT('', #1669);
#1671 = CARTESIAN_POINT('', (99.74799769, -101.44799769, -2.));
#1672 = VERTEX_POINT('', #1671);
#1673 = CARTESIAN_POINT('', (99.74799769, -98.04799769, -2.));
#1674 = VERTEX_POINT('', #1673);
#1675 = CARTESIAN_POINT('', (99.74799769, -101.44799769, 2.));
#1676 = VERTEX_POINT('', #1675);
#1677 = CARTESIAN_POINT('', (99.74799769, -98.04799769, 2.));
#1678 = VERTEX_POINT('', #1677);
#1679 = CARTESIAN_POINT('', (98.04799769, -99.74799768, -2.));
#1680 = VERTEX_POINT('', #1679);
#1681 = CARTESIAN_POINT('', (101.44799769, -99.74799771, -2.));
#1682 = VERTEX_POINT('', #1681);
#1683 = CARTESIAN_POINT('', (98.04799769, -99.74799771, 2.));
#1684 = VERTEX_POINT('', #1683);
#1685 = CARTESIAN_POINT('', (101.44799769, -99.74799768, 2.));
#1686 = VERTEX_POINT('', #1685);
#1687 = CARTESIAN_POINT('', (99.74799769, -120.44799769, -2.));
#1688 = VERTEX_POINT('', #1687);
#1689 = CARTESIAN_POINT('', (99.74799769, -117.04799769, -2.));
#1690 = VERTEX_POINT('', #1689);
#1691 = CARTESIAN_POINT('', (99.74799769, -120.44799769, 2.));
#1692 = VERTEX_POINT('', #1691);
#1693 = CARTESIAN_POINT('', (99.74799769, -117.04799769, 2.));
#1694 = VERTEX_POINT('', #1693);
#1695 = CARTESIAN_POINT('', (98.04799769, -118.74799768, -2.));
#1696 = VERTEX_POINT('', #1695);
#1697 = CARTESIAN_POINT('', (101.44799769, -118.74799771, -2.));
#1698 = VERTEX_POINT('', #1697);
#1699 = CARTESIAN_POINT('', (98.04799769, -118.7479977, 2.));
#1700 = VERTEX_POINT('', #1699);
#1701 = CARTESIAN_POINT('', (101.44799769, -118.74799768, 2.));
#1702 = VERTEX_POINT('', #1701);
#1703 = DIRECTION('', (0., -0., 1.));
#1704 = VECTOR('', #1703, 1.);
#1705 = CARTESIAN_POINT('', (106., 73., 3.));
#1706 = LINE('', #1705, #1704);
#1707 = DIRECTION('', (1., -0., 0.));
#1708 = VECTOR('', #1707, 1.);
#1709 = CARTESIAN_POINT('', (106., 73., 27.));
#1710 = LINE('', #1709, #1708);
#1711 = DIRECTION('', (0., -0., 1.));
#1712 = VECTOR('', #1711, 1.);
#1713 = CARTESIAN_POINT('', (114., 73., 3.));
#1714 = LINE('', #1713, #1712);
#1715 = DIRECTION('', (1., -0., 0.));
#1716 = VECTOR('', #1715, 1.);
#1717 = CARTESIAN_POINT('', (106., 73., 3.));
#1718 = LINE('', #1717, #1716);
#1719 = DIRECTION('', (0., -1., 0.));
#1720 = VECTOR('', #1719, 1.);
#1721 = CARTESIAN_POINT('', (106., 73., 27.));
#1722 = LINE('', #1721, #1720);
#1723 = DIRECTION('', (1., -0., 0.));
#1724 = VECTOR('', #1723, 1.);
#1725 = CARTESIAN_POINT('', (106., 43., 27.));
#1726 = LINE('', #1725, #1724);
#1727 = DIRECTION('', (0., -1., 0.));
#1728 = VECTOR('', #1727, 1.);
#1729 = CARTESIAN_POINT('', (114., 73., 27.));
#1730 = LINE('', #1729, #1728);
#1731 = DIRECTION('', (0., -0., -1.));
#1732 = VECTOR('', #1731, 1.);
#1733 = CARTESIAN_POINT('', (106., 43., 27.));
#1734 = LINE('', #1733, #1732);
#1735 = DIRECTION('', (1., -0., 0.));
#1736 = VECTOR('', #1735, 1.);
#1737 = CARTESIAN_POINT('', (106., 43., 3.));
#1738 = LINE('', #1737, #1736);
#1739 = DIRECTION('', (0., -0., -1.));
#1740 = VECTOR('', #1739, 1.);
#1741 = CARTESIAN_POINT('', (114., 43., 27.));
#1742 = LINE('', #1741, #1740);
#1743 = DIRECTION('', (0., 1., 0.));
#1744 = VECTOR('', #1743, 1.);
#1745 = CARTESIAN_POINT('', (106., 43., 3.));
#1746 = LINE('', #1745, #1744);
#1747 = DIRECTION('', (0., 1., 0.));
#1748 = VECTOR('', #1747, 1.);
#1749 = CARTESIAN_POINT('', (114., 43., 3.));
#1750 = LINE('', #1749, #1748);
#1751 = DIRECTION('', (0., 1., -0.));
#1752 = DIRECTION('', (1., -0., -0.));
#1753 = CARTESIAN_POINT('', (106., 58., 15.));
#1754 = AXIS2_PLACEMENT_3D('', #1753, #1752, #1751);
#1755 = CIRCLE('', #1754, 9.);
#1756 = DIRECTION('', (0., 1., -0.));
#1757 = DIRECTION('', (-1., 0., -0.));
#1758 = CARTESIAN_POINT('', (106., 58., 15.));
#1759 = AXIS2_PLACEMENT_3D('', #1758, #1757, #1756);
#1760 = CIRCLE('', #1759, 9.);
#1761 = DIRECTION('', (-0., 1., 0.));
#1762 = DIRECTION('', (1., 0., 0.));
#1763 = CARTESIAN_POINT('', (114., 58., 15.));
#1764 = AXIS2_PLACEMENT_3D('', #1763, #1762, #1761);
#1765 = CIRCLE('', #1764, 9.);
#1766 = DIRECTION('', (0., 1., -0.));
#1767 = DIRECTION('', (-1., 0., -0.));
#1768 = CARTESIAN_POINT('', (114., 58., 15.));
#1769 = AXIS2_PLACEMENT_3D('', #1768, #1767, #1766);
#1770 = CIRCLE('', #1769, 9.);
#1771 = DIRECTION('', (0., 0.00000008, -1.));
#1772 = DIRECTION('', (-1., -0., -0.));
#1773 = CARTESIAN_POINT('', (106., 58., 15.));
#1774 = AXIS2_PLACEMENT_3D('', #1773, #1772, #1771);
#1775 = CIRCLE('', #1774, 9.);
#1776 = DIRECTION('', (-0., -0.00000008, 1.));
#1777 = DIRECTION('', (1., -0., 0.));
#1778 = CARTESIAN_POINT('', (106., 58., 15.));
#1779 = AXIS2_PLACEMENT_3D('', #1778, #1777, #1776);
#1780 = CIRCLE('', #1779, 9.);
#1781 = DIRECTION('', (0., -0.00000008, -1.));
#1782 = DIRECTION('', (-1., -0., 0.));
#1783 = CARTESIAN_POINT('', (114., 58., 15.));
#1784 = AXIS2_PLACEMENT_3D('', #1783, #1782, #1781);
#1785 = CIRCLE('', #1784, 9.);
#1786 = DIRECTION('', (0., 0.00000008, 1.));
#1787 = DIRECTION('', (1., -0., -0.));
#1788 = CARTESIAN_POINT('', (114., 58., 15.));
#1789 = AXIS2_PLACEMENT_3D('', #1788, #1787, #1786);
#1790 = CIRCLE('', #1789, 9.);
#1791 = DIRECTION('', (1., -0., 0.));
#1792 = VECTOR('', #1791, 1.);
#1793 = CARTESIAN_POINT('', (106., 49., 15.));
#1794 = LINE('', #1793, #1792);
#1795 = DIRECTION('', (1., -0., 0.));
#1796 = VECTOR('', #1795, 1.);
#1797 = CARTESIAN_POINT('', (106., 67., 15.));
#1798 = LINE('', #1797, #1796);
#1799 = DIRECTION('', (0., 1., 0.));
#1800 = VECTOR('', #1799, 1.);
#1801 = CARTESIAN_POINT('', (105., 29., -2.));
#1802 = LINE('', #1801, #1800);
#1803 = DIRECTION('', (0., -0., 1.));
#1804 = VECTOR('', #1803, 1.);
#1805 = CARTESIAN_POINT('', (105., 41., -2.));
#1806 = LINE('', #1805, #1804);
#1807 = DIRECTION('', (0., 1., 0.));
#1808 = VECTOR('', #1807, 1.);
#1809 = CARTESIAN_POINT('', (105., 29., 2.));
#1810 = LINE('', #1809, #1808);
#1811 = DIRECTION('', (0., -0., 1.));
#1812 = VECTOR('', #1811, 1.);
#1813 = CARTESIAN_POINT('', (105., 29., -2.));
#1814 = LINE('', #1813, #1812);
#1815 = DIRECTION('', (-1., -0., 0.));
#1816 = VECTOR('', #1815, 1.);
#1817 = CARTESIAN_POINT('', (105., 41., -2.));
#1818 = LINE('', #1817, #1816);
#1819 = DIRECTION('', (0., -0., 1.));
#1820 = VECTOR('', #1819, 1.);
#1821 = CARTESIAN_POINT('', (45., 41., -2.));
#1822 = LINE('', #1821, #1820);
#1823 = DIRECTION('', (-1., -0., 0.));
#1824 = VECTOR('', #1823, 1.);
#1825 = CARTESIAN_POINT('', (105., 41., 2.));
#1826 = LINE('', #1825, #1824);
#1827 = DIRECTION('', (0., -1., 0.));
#1828 = VECTOR('', #1827, 1.);
#1829 = CARTESIAN_POINT('', (45., 41., -2.));
#1830 = LINE('', #1829, #1828);
#1831 = DIRECTION('', (0., -0., 1.));
#1832 = VECTOR('', #1831, 1.);
#1833 = CARTESIAN_POINT('', (45., 29., -2.));
#1834 = LINE('', #1833, #1832);
#1835 = DIRECTION('', (0., -1., 0.));
#1836 = VECTOR('', #1835, 1.);
#1837 = CARTESIAN_POINT('', (45., 41., 2.));
#1838 = LINE('', #1837, #1836);
#1839 = DIRECTION('', (1., -0., 0.));
#1840 = VECTOR('', #1839, 1.);
#1841 = CARTESIAN_POINT('', (45., 29., -2.));
#1842 = LINE('', #1841, #1840);
#1843 = DIRECTION('', (1., -0., 0.));
#1844 = VECTOR('', #1843, 1.);
#1845 = CARTESIAN_POINT('', (45., 29., 2.));
#1846 = LINE('', #1845, #1844);
#1847 = DIRECTION('', (1., 0., 0.));
#1848 = DIRECTION('', (0., -0., 1.));
#1849 = CARTESIAN_POINT('', (15., 47., 40.5));
#1850 = AXIS2_PLACEMENT_3D('', #1849, #1848, #1847);
#1851 = CIRCLE('', #1850, 5.);
#1852 = DIRECTION('', (0., -0., 1.));
#1853 = VECTOR('', #1852, 1.);
#1854 = CARTESIAN_POINT('', (20., 47., 40.5));
#1855 = LINE('', #1854, #1853);
#1856 = DIRECTION('', (1., 0., 0.));
#1857 = DIRECTION('', (0., -0., 1.));
#1858 = CARTESIAN_POINT('', (15., 47., 48.5));
#1859 = AXIS2_PLACEMENT_3D('', #1858, #1857, #1856);
#1860 = CIRCLE('', #1859, 5.);
#1861 = DIRECTION('', (1., 0., 0.));
#1862 = DIRECTION('', (0., -0., 1.));
#1863 = CARTESIAN_POINT('', (45., 23., 40.5));
#1864 = AXIS2_PLACEMENT_3D('', #1863, #1862, #1861);
#1865 = CIRCLE('', #1864, 5.);
#1866 = DIRECTION('', (0., -0., 1.));
#1867 = VECTOR('', #1866, 1.);
#1868 = CARTESIAN_POINT('', (50., 23., 40.5));
#1869 = LINE('', #1868, #1867);
#1870 = DIRECTION('', (1., 0., 0.));
#1871 = DIRECTION('', (0., -0., 1.));
#1872 = CARTESIAN_POINT('', (45., 23., 48.5));
#1873 = AXIS2_PLACEMENT_3D('', #1872, #1871, #1870);
#1874 = CIRCLE('', #1873, 5.);
#1875 = DIRECTION('', (1., 0., 0.));
#1876 = DIRECTION('', (0., -0., 1.));
#1877 = CARTESIAN_POINT('', (15., 23., 40.5));
#1878 = AXIS2_PLACEMENT_3D('', #1877, #1876, #1875);
#1879 = CIRCLE('', #1878, 5.);
#1880 = DIRECTION('', (0., -0., 1.));
#1881 = VECTOR('', #1880, 1.);
#1882 = CARTESIAN_POINT('', (20., 23., 40.5));
#1883 = LINE('', #1882, #1881);
#1884 = DIRECTION('', (1., 0., 0.));
#1885 = DIRECTION('', (0., -0., 1.));
#1886 = CARTESIAN_POINT('', (15., 23., 48.5));
#1887 = AXIS2_PLACEMENT_3D('', #1886, #1885, #1884);
#1888 = CIRCLE('', #1887, 5.);
#1889 = DIRECTION('', (1., 0., 0.));
#1890 = DIRECTION('', (0., -0., 1.));
#1891 = CARTESIAN_POINT('', (5., 55., 3.5));
#1892 = AXIS2_PLACEMENT_3D('', #1891, #1890, #1889);
#1893 = CIRCLE('', #1892, 3.);
#1894 = DIRECTION('', (0., -0., 1.));
#1895 = VECTOR('', #1894, 1.);
#1896 = CARTESIAN_POINT('', (8., 55., 3.5));
#1897 = LINE('', #1896, #1895);
#1898 = DIRECTION('', (1., 0., 0.));
#1899 = DIRECTION('', (0., -0., 1.));
#1900 = CARTESIAN_POINT('', (5., 55., 37.5));
#1901 = AXIS2_PLACEMENT_3D('', #1900, #1899, #1898);
#1902 = CIRCLE('', #1901, 3.);
#1903 = DIRECTION('', (1., -0., 0.));
#1904 = DIRECTION('', (-0., -0., 1.));
#1905 = CARTESIAN_POINT('', (55., 15., 3.5));
#1906 = AXIS2_PLACEMENT_3D('', #1905, #1904, #1903);
#1907 = CIRCLE('', #1906, 3.);
#1908 = DIRECTION('', (0., -0., 1.));
#1909 = VECTOR('', #1908, 1.);
#1910 = CARTESIAN_POINT('', (58., 15., 3.5));
#1911 = LINE('', #1910, #1909);
#1912 = DIRECTION('', (1., -0., 0.));
#1913 = DIRECTION('', (-0., -0., 1.));
#1914 = CARTESIAN_POINT('', (55., 15., 37.5));
#1915 = AXIS2_PLACEMENT_3D('', #1914, #1913, #1912);
#1916 = CIRCLE('', #1915, 3.);
#1917 = DIRECTION('', (1., 0., 0.));
#1918 = DIRECTION('', (0., -0., 1.));
#1919 = CARTESIAN_POINT('', (5., 15., 3.5));
#1920 = AXIS2_PLACEMENT_3D('', #1919, #1918, #1917);
#1921 = CIRCLE('', #1920, 3.);
#1922 = DIRECTION('', (0., -0., 1.));
#1923 = VECTOR('', #1922, 1.);
#1924 = CARTESIAN_POINT('', (8., 15., 3.5));
#1925 = LINE('', #1924, #1923);
#1926 = DIRECTION('', (1., 0., 0.));
#1927 = DIRECTION('', (0., -0., 1.));
#1928 = CARTESIAN_POINT('', (5., 15., 37.5));
#1929 = AXIS2_PLACEMENT_3D('', #1928, #1927, #1926);
#1930 = CIRCLE('', #1929, 3.);
#1931 = DIRECTION('', (1., 0., 0.));
#1932 = DIRECTION('', (0., -0., 1.));
#1933 = CARTESIAN_POINT('', (-70., 28., -65.));
#1934 = AXIS2_PLACEMENT_3D('', #1933, #1932, #1931);
#1935 = CIRCLE('', #1934, 4.);
#1936 = DIRECTION('', (0., -0., 1.));
#1937 = VECTOR('', #1936, 1.);
#1938 = CARTESIAN_POINT('', (-66., 28., -65.));
#1939 = LINE('', #1938, #1937);
#1940 = DIRECTION('', (1., 0., 0.));
#1941 = DIRECTION('', (0., -0., 1.));
#1942 = CARTESIAN_POINT('', (-70., 28., -2.));
#1943 = AXIS2_PLACEMENT_3D('', #1942, #1941, #1940);
#1944 = CIRCLE('', #1943, 4.);
#1945 = DIRECTION('', (1., 0., 0.));
#1946 = DIRECTION('', (0., -0., 1.));
#1947 = CARTESIAN_POINT('', (70., -28., -65.));
#1948 = AXIS2_PLACEMENT_3D('', #1947, #1946, #1945);
#1949 = CIRCLE('', #1948, 4.);
#1950 = DIRECTION('', (0., -0., 1.));
#1951 = VECTOR('', #1950, 1.);
#1952 = CARTESIAN_POINT('', (74., -28., -65.));
#1953 = LINE('', #1952, #1951);
#1954 = DIRECTION('', (1., 0., 0.));
#1955 = DIRECTION('', (0., -0., 1.));
#1956 = CARTESIAN_POINT('', (70., -28., -2.));
#1957 = AXIS2_PLACEMENT_3D('', #1956, #1955, #1954);
#1958 = CIRCLE('', #1957, 4.);
#1959 = DIRECTION('', (1., 0., 0.));
#1960 = DIRECTION('', (0., -0., 1.));
#1961 = CARTESIAN_POINT('', (70., 28., -65.));
#1962 = AXIS2_PLACEMENT_3D('', #1961, #1960, #1959);
#1963 = CIRCLE('', #1962, 4.);
#1964 = DIRECTION('', (0., -0., 1.));
#1965 = VECTOR('', #1964, 1.);
#1966 = CARTESIAN_POINT('', (74., 28., -65.));
#1967 = LINE('', #1966, #1965);
#1968 = DIRECTION('', (1., 0., 0.));
#1969 = DIRECTION('', (0., -0., 1.));
#1970 = CARTESIAN_POINT('', (70., 28., -2.));
#1971 = AXIS2_PLACEMENT_3D('', #1970, #1969, #1968);
#1972 = CIRCLE('', #1971, 4.);
#1973 = DIRECTION('', (1., 0., 0.));
#1974 = DIRECTION('', (0., -0., 1.));
#1975 = CARTESIAN_POINT('', (0., -0., 269.));
#1976 = AXIS2_PLACEMENT_3D('', #1975, #1974, #1973);
#1977 = CIRCLE('', #1976, 6.);
#1978 = DIRECTION('', (0., -0., 1.));
#1979 = VECTOR('', #1978, 1.);
#1980 = CARTESIAN_POINT('', (6., 0., 269.));
#1981 = LINE('', #1980, #1979);
#1982 = DIRECTION('', (1., 0., 0.));
#1983 = DIRECTION('', (0., -0., 1.));
#1984 = CARTESIAN_POINT('', (0., -0., 279.));
#1985 = AXIS2_PLACEMENT_3D('', #1984, #1983, #1982);
#1986 = CIRCLE('', #1985, 6.);
#1987 = DIRECTION('', (0.92387953, 0.38268343, 0.));
#1988 = DIRECTION('', (0., -0., 1.));
#1989 = CARTESIAN_POINT('', (217.60452167, 90.13474411, -145.));
#1990 = AXIS2_PLACEMENT_3D('', #1989, #1988, #1987);
#1991 = CIRCLE('', #1990, 6.);
#1992 = DIRECTION('', (0., -0., 1.));
#1993 = VECTOR('', #1992, 1.);
#1994 = CARTESIAN_POINT('', (223.14779886, 92.4308447, -145.));
#1995 = LINE('', #1994, #1993);
#1996 = DIRECTION('', (0.92387953, 0.38268343, 0.));
#1997 = DIRECTION('', (0., -0., 1.));
#1998 = CARTESIAN_POINT('', (217.60452167, 90.13474411, -135.));
#1999 = AXIS2_PLACEMENT_3D('', #1998, #1997, #1996);
#2000 = CIRCLE('', #1999, 6.);
#2001 = DIRECTION('', (0.38268343, 0.92387953, 0.));
#2002 = DIRECTION('', (0., -0., 1.));
#2003 = CARTESIAN_POINT('', (90.13474411, 217.60452167, -145.));
#2004 = AXIS2_PLACEMENT_3D('', #2003, #2002, #2001);
#2005 = CIRCLE('', #2004, 6.);
#2006 = DIRECTION('', (0., -0., 1.));
#2007 = VECTOR('', #2006, 1.);
#2008 = CARTESIAN_POINT('', (92.4308447, 223.14779886, -145.));
#2009 = LINE('', #2008, #2007);
#2010 = DIRECTION('', (0.38268343, 0.92387953, 0.));
#2011 = DIRECTION('', (0., -0., 1.));
#2012 = CARTESIAN_POINT('', (90.13474411, 217.60452167, -135.));
#2013 = AXIS2_PLACEMENT_3D('', #2012, #2011, #2010);
#2014 = CIRCLE('', #2013, 6.);
#2015 = DIRECTION('', (-0.38268343, 0.92387953, 0.));
#2016 = DIRECTION('', (0., -0., 1.));
#2017 = CARTESIAN_POINT('', (-90.13474411, 217.60452167, -145.));
#2018 = AXIS2_PLACEMENT_3D('', #2017, #2016, #2015);
#2019 = CIRCLE('', #2018, 6.);
#2020 = DIRECTION('', (0., -0., 1.));
#2021 = VECTOR('', #2020, 1.);
#2022 = CARTESIAN_POINT('', (-92.4308447, 223.14779886, -145.));
#2023 = LINE('', #2022, #2021);
#2024 = DIRECTION('', (-0.38268343, 0.92387953, 0.));
#2025 = DIRECTION('', (0., -0., 1.));
#2026 = CARTESIAN_POINT('', (-90.13474411, 217.60452167, -135.));
#2027 = AXIS2_PLACEMENT_3D('', #2026, #2025, #2024);
#2028 = CIRCLE('', #2027, 6.);
#2029 = DIRECTION('', (-0.92387953, 0.38268343, 0.));
#2030 = DIRECTION('', (0., -0., 1.));
#2031 = CARTESIAN_POINT('', (-217.60452167, 90.13474411, -145.));
#2032 = AXIS2_PLACEMENT_3D('', #2031, #2030, #2029);
#2033 = CIRCLE('', #2032, 6.);
#2034 = DIRECTION('', (0., -0., 1.));
#2035 = VECTOR('', #2034, 1.);
#2036 = CARTESIAN_POINT('', (-223.14779886, 92.4308447, -145.));
#2037 = LINE('', #2036, #2035);
#2038 = DIRECTION('', (-0.92387953, 0.38268343, 0.));
#2039 = DIRECTION('', (0., -0., 1.));
#2040 = CARTESIAN_POINT('', (-217.60452167, 90.13474411, -135.));
#2041 = AXIS2_PLACEMENT_3D('', #2040, #2039, #2038);
#2042 = CIRCLE('', #2041, 6.);
#2043 = DIRECTION('', (-0.92387953, -0.38268343, 0.));
#2044 = DIRECTION('', (0., 0., 1.));
#2045 = CARTESIAN_POINT('', (-217.60452167, -90.13474411, -145.));
#2046 = AXIS2_PLACEMENT_3D('', #2045, #2044, #2043);
#2047 = CIRCLE('', #2046, 6.);
#2048 = DIRECTION('', (0., -0., 1.));
#2049 = VECTOR('', #2048, 1.);
#2050 = CARTESIAN_POINT('', (-223.14779886, -92.4308447, -145.));
#2051 = LINE('', #2050, #2049);
#2052 = DIRECTION('', (-0.92387953, -0.38268343, 0.));
#2053 = DIRECTION('', (0., 0., 1.));
#2054 = CARTESIAN_POINT('', (-217.60452167, -90.13474411, -135.));
#2055 = AXIS2_PLACEMENT_3D('', #2054, #2053, #2052);
#2056 = CIRCLE('', #2055, 6.);
#2057 = DIRECTION('', (-0.38268343, -0.92387953, 0.));
#2058 = DIRECTION('', (0., 0., 1.));
#2059 = CARTESIAN_POINT('', (-90.13474411, -217.60452167, -145.));
#2060 = AXIS2_PLACEMENT_3D('', #2059, #2058, #2057);
#2061 = CIRCLE('', #2060, 6.);
#2062 = DIRECTION('', (0., -0., 1.));
#2063 = VECTOR('', #2062, 1.);
#2064 = CARTESIAN_POINT('', (-92.4308447, -223.14779886, -145.));
#2065 = LINE('', #2064, #2063);
#2066 = DIRECTION('', (-0.38268343, -0.92387953, 0.));
#2067 = DIRECTION('', (0., 0., 1.));
#2068 = CARTESIAN_POINT('', (-90.13474411, -217.60452167, -135.));
#2069 = AXIS2_PLACEMENT_3D('', #2068, #2067, #2066);
#2070 = CIRCLE('', #2069, 6.);
#2071 = DIRECTION('', (0.38268343, -0.92387953, 0.));
#2072 = DIRECTION('', (-0., -0., 1.));
#2073 = CARTESIAN_POINT('', (90.13474411, -217.60452167, -145.));
#2074 = AXIS2_PLACEMENT_3D('', #2073, #2072, #2071);
#2075 = CIRCLE('', #2074, 6.);
#2076 = DIRECTION('', (0., -0., 1.));
#2077 = VECTOR('', #2076, 1.);
#2078 = CARTESIAN_POINT('', (92.4308447, -223.14779886, -145.));
#2079 = LINE('', #2078, #2077);
#2080 = DIRECTION('', (0.38268343, -0.92387953, 0.));
#2081 = DIRECTION('', (-0., -0., 1.));
#2082 = CARTESIAN_POINT('', (90.13474411, -217.60452167, -135.));
#2083 = AXIS2_PLACEMENT_3D('', #2082, #2081, #2080);
#2084 = CIRCLE('', #2083, 6.);
#2085 = DIRECTION('', (0.92387953, -0.38268343, 0.));
#2086 = DIRECTION('', (-0., -0., 1.));
#2087 = CARTESIAN_POINT('', (217.60452167, -90.13474411, -145.));
#2088 = AXIS2_PLACEMENT_3D('', #2087, #2086, #2085);
#2089 = CIRCLE('', #2088, 6.);
#2090 = DIRECTION('', (0., -0., 1.));
#2091 = VECTOR('', #2090, 1.);
#2092 = CARTESIAN_POINT('', (223.14779886, -92.4308447, -145.));
#2093 = LINE('', #2092, #2091);
#2094 = DIRECTION('', (0.92387953, -0.38268343, 0.));
#2095 = DIRECTION('', (-0., -0., 1.));
#2096 = CARTESIAN_POINT('', (217.60452167, -90.13474411, -135.));
#2097 = AXIS2_PLACEMENT_3D('', #2096, #2095, #2094);
#2098 = CIRCLE('', #2097, 6.);
#2099 = DIRECTION('', (0.92387953, 0.38268343, 0.));
#2100 = DIRECTION('', (0., -0., 1.));
#2101 = CARTESIAN_POINT('', (253.14299191, 104.85526047, -5.));
#2102 = AXIS2_PLACEMENT_3D('', #2101, #2100, #2099);
#2103 = CIRCLE('', #2102, 6.);
#2104 = DIRECTION('', (0., -0., 1.));
#2105 = VECTOR('', #2104, 1.);
#2106 = CARTESIAN_POINT('', (258.6862691, 107.15136106, -5.));
#2107 = LINE('', #2106, #2105);
#2108 = DIRECTION('', (0.92387953, 0.38268343, 0.));
#2109 = DIRECTION('', (0., -0., 1.));
#2110 = CARTESIAN_POINT('', (253.14299191, 104.85526047, 5.));
#2111 = AXIS2_PLACEMENT_3D('', #2110, #2109, #2108);
#2112 = CIRCLE('', #2111, 6.);
#2113 = DIRECTION('', (0.38268343, 0.92387953, 0.));
#2114 = DIRECTION('', (0., -0., 1.));
#2115 = CARTESIAN_POINT('', (104.85526047, 253.14299191, -5.));
#2116 = AXIS2_PLACEMENT_3D('', #2115, #2114, #2113);
#2117 = CIRCLE('', #2116, 6.);
#2118 = DIRECTION('', (0., -0., 1.));
#2119 = VECTOR('', #2118, 1.);
#2120 = CARTESIAN_POINT('', (107.15136106, 258.6862691, -5.));
#2121 = LINE('', #2120, #2119);
#2122 = DIRECTION('', (0.38268343, 0.92387953, 0.));
#2123 = DIRECTION('', (0., -0., 1.));
#2124 = CARTESIAN_POINT('', (104.85526047, 253.14299191, 5.));
#2125 = AXIS2_PLACEMENT_3D('', #2124, #2123, #2122);
#2126 = CIRCLE('', #2125, 6.);
#2127 = DIRECTION('', (-0.38268343, 0.92387953, 0.));
#2128 = DIRECTION('', (0., -0., 1.));
#2129 = CARTESIAN_POINT('', (-104.85526047, 253.14299191, -5.));
#2130 = AXIS2_PLACEMENT_3D('', #2129, #2128, #2127);
#2131 = CIRCLE('', #2130, 6.);
#2132 = DIRECTION('', (0., -0., 1.));
#2133 = VECTOR('', #2132, 1.);
#2134 = CARTESIAN_POINT('', (-107.15136106, 258.6862691, -5.));
#2135 = LINE('', #2134, #2133);
#2136 = DIRECTION('', (-0.38268343, 0.92387953, 0.));
#2137 = DIRECTION('', (0., -0., 1.));
#2138 = CARTESIAN_POINT('', (-104.85526047, 253.14299191, 5.));
#2139 = AXIS2_PLACEMENT_3D('', #2138, #2137, #2136);
#2140 = CIRCLE('', #2139, 6.);
#2141 = DIRECTION('', (-0.92387953, 0.38268343, 0.));
#2142 = DIRECTION('', (0., -0., 1.));
#2143 = CARTESIAN_POINT('', (-253.14299191, 104.85526047, -5.));
#2144 = AXIS2_PLACEMENT_3D('', #2143, #2142, #2141);
#2145 = CIRCLE('', #2144, 6.);
#2146 = DIRECTION('', (0., -0., 1.));
#2147 = VECTOR('', #2146, 1.);
#2148 = CARTESIAN_POINT('', (-258.6862691, 107.15136106, -5.));
#2149 = LINE('', #2148, #2147);
#2150 = DIRECTION('', (-0.92387953, 0.38268343, 0.));
#2151 = DIRECTION('', (0., -0., 1.));
#2152 = CARTESIAN_POINT('', (-253.14299191, 104.85526047, 5.));
#2153 = AXIS2_PLACEMENT_3D('', #2152, #2151, #2150);
#2154 = CIRCLE('', #2153, 6.);
#2155 = DIRECTION('', (-0.92387953, -0.38268343, 0.));
#2156 = DIRECTION('', (0., 0., 1.));
#2157 = CARTESIAN_POINT('', (-253.14299191, -104.85526047, -5.));
#2158 = AXIS2_PLACEMENT_3D('', #2157, #2156, #2155);
#2159 = CIRCLE('', #2158, 6.);
#2160 = DIRECTION('', (0., -0., 1.));
#2161 = VECTOR('', #2160, 1.);
#2162 = CARTESIAN_POINT('', (-258.6862691, -107.15136106, -5.));
#2163 = LINE('', #2162, #2161);
#2164 = DIRECTION('', (-0.92387953, -0.38268343, 0.));
#2165 = DIRECTION('', (0., 0., 1.));
#2166 = CARTESIAN_POINT('', (-253.14299191, -104.85526047, 5.));
#2167 = AXIS2_PLACEMENT_3D('', #2166, #2165, #2164);
#2168 = CIRCLE('', #2167, 6.);
#2169 = DIRECTION('', (-0.38268343, -0.92387953, 0.));
#2170 = DIRECTION('', (0., 0., 1.));
#2171 = CARTESIAN_POINT('', (-104.85526047, -253.14299191, -5.));
#2172 = AXIS2_PLACEMENT_3D('', #2171, #2170, #2169);
#2173 = CIRCLE('', #2172, 6.);
#2174 = DIRECTION('', (0., -0., 1.));
#2175 = VECTOR('', #2174, 1.);
#2176 = CARTESIAN_POINT('', (-107.15136106, -258.6862691, -5.));
#2177 = LINE('', #2176, #2175);
#2178 = DIRECTION('', (-0.38268343, -0.92387953, 0.));
#2179 = DIRECTION('', (0., 0., 1.));
#2180 = CARTESIAN_POINT('', (-104.85526047, -253.14299191, 5.));
#2181 = AXIS2_PLACEMENT_3D('', #2180, #2179, #2178);
#2182 = CIRCLE('', #2181, 6.);
#2183 = DIRECTION('', (0.38268343, -0.92387953, 0.));
#2184 = DIRECTION('', (-0., -0., 1.));
#2185 = CARTESIAN_POINT('', (104.85526047, -253.14299191, -5.));
#2186 = AXIS2_PLACEMENT_3D('', #2185, #2184, #2183);
#2187 = CIRCLE('', #2186, 6.);
#2188 = DIRECTION('', (0., -0., 1.));
#2189 = VECTOR('', #2188, 1.);
#2190 = CARTESIAN_POINT('', (107.15136106, -258.6862691, -5.));
#2191 = LINE('', #2190, #2189);
#2192 = DIRECTION('', (0.38268343, -0.92387953, 0.));
#2193 = DIRECTION('', (-0., -0., 1.));
#2194 = CARTESIAN_POINT('', (104.85526047, -253.14299191, 5.));
#2195 = AXIS2_PLACEMENT_3D('', #2194, #2193, #2192);
#2196 = CIRCLE('', #2195, 6.);
#2197 = DIRECTION('', (0.92387953, -0.38268343, 0.));
#2198 = DIRECTION('', (-0., -0., 1.));
#2199 = CARTESIAN_POINT('', (253.14299191, -104.85526047, -5.));
#2200 = AXIS2_PLACEMENT_3D('', #2199, #2198, #2197);
#2201 = CIRCLE('', #2200, 6.);
#2202 = DIRECTION('', (0., -0., 1.));
#2203 = VECTOR('', #2202, 1.);
#2204 = CARTESIAN_POINT('', (258.6862691, -107.15136106, -5.));
#2205 = LINE('', #2204, #2203);
#2206 = DIRECTION('', (0.92387953, -0.38268343, 0.));
#2207 = DIRECTION('', (-0., -0., 1.));
#2208 = CARTESIAN_POINT('', (253.14299191, -104.85526047, 5.));
#2209 = AXIS2_PLACEMENT_3D('', #2208, #2207, #2206);
#2210 = CIRCLE('', #2209, 6.);
#2211 = DIRECTION('', (0.92387953, 0.38268343, 0.));
#2212 = DIRECTION('', (0., -0., 1.));
#2213 = CARTESIAN_POINT('', (222.83698546, 92.30210158, 125.));
#2214 = AXIS2_PLACEMENT_3D('', #2213, #2212, #2211);
#2215 = CIRCLE('', #2214, 6.);
#2216 = DIRECTION('', (0., -0., 1.));
#2217 = VECTOR('', #2216, 1.);
#2218 = CARTESIAN_POINT('', (228.38026266, 94.59820217, 125.));
#2219 = LINE('', #2218, #2217);
#2220 = DIRECTION('', (0.92387953, 0.38268343, 0.));
#2221 = DIRECTION('', (0., -0., 1.));
#2222 = CARTESIAN_POINT('', (222.83698546, 92.30210158, 135.));
#2223 = AXIS2_PLACEMENT_3D('', #2222, #2221, #2220);
#2224 = CIRCLE('', #2223, 6.);
#2225 = DIRECTION('', (0.38268343, 0.92387953, 0.));
#2226 = DIRECTION('', (0., -0., 1.));
#2227 = CARTESIAN_POINT('', (92.30210158, 222.83698546, 125.));
#2228 = AXIS2_PLACEMENT_3D('', #2227, #2226, #2225);
#2229 = CIRCLE('', #2228, 6.);
#2230 = DIRECTION('', (0., -0., 1.));
#2231 = VECTOR('', #2230, 1.);
#2232 = CARTESIAN_POINT('', (94.59820217, 228.38026266, 125.));
#2233 = LINE('', #2232, #2231);
#2234 = DIRECTION('', (0.38268343, 0.92387953, 0.));
#2235 = DIRECTION('', (0., -0., 1.));
#2236 = CARTESIAN_POINT('', (92.30210158, 222.83698546, 135.));
#2237 = AXIS2_PLACEMENT_3D('', #2236, #2235, #2234);
#2238 = CIRCLE('', #2237, 6.);
#2239 = DIRECTION('', (-0.38268343, 0.92387953, 0.));
#2240 = DIRECTION('', (0., -0., 1.));
#2241 = CARTESIAN_POINT('', (-92.30210158, 222.83698546, 125.));
#2242 = AXIS2_PLACEMENT_3D('', #2241, #2240, #2239);
#2243 = CIRCLE('', #2242, 6.);
#2244 = DIRECTION('', (0., -0., 1.));
#2245 = VECTOR('', #2244, 1.);
#2246 = CARTESIAN_POINT('', (-94.59820217, 228.38026266, 125.));
#2247 = LINE('', #2246, #2245);
#2248 = DIRECTION('', (-0.38268343, 0.92387953, 0.));
#2249 = DIRECTION('', (0., -0., 1.));
#2250 = CARTESIAN_POINT('', (-92.30210158, 222.83698546, 135.));
#2251 = AXIS2_PLACEMENT_3D('', #2250, #2249, #2248);
#2252 = CIRCLE('', #2251, 6.);
#2253 = DIRECTION('', (-0.92387953, 0.38268343, 0.));
#2254 = DIRECTION('', (0., -0., 1.));
#2255 = CARTESIAN_POINT('', (-222.83698546, 92.30210158, 125.));
#2256 = AXIS2_PLACEMENT_3D('', #2255, #2254, #2253);
#2257 = CIRCLE('', #2256, 6.);
#2258 = DIRECTION('', (0., -0., 1.));
#2259 = VECTOR('', #2258, 1.);
#2260 = CARTESIAN_POINT('', (-228.38026266, 94.59820217, 125.));
#2261 = LINE('', #2260, #2259);
#2262 = DIRECTION('', (-0.92387953, 0.38268343, 0.));
#2263 = DIRECTION('', (0., -0., 1.));
#2264 = CARTESIAN_POINT('', (-222.83698546, 92.30210158, 135.));
#2265 = AXIS2_PLACEMENT_3D('', #2264, #2263, #2262);
#2266 = CIRCLE('', #2265, 6.);
#2267 = DIRECTION('', (-0.92387953, -0.38268343, 0.));
#2268 = DIRECTION('', (0., 0., 1.));
#2269 = CARTESIAN_POINT('', (-222.83698546, -92.30210158, 125.));
#2270 = AXIS2_PLACEMENT_3D('', #2269, #2268, #2267);
#2271 = CIRCLE('', #2270, 6.);
#2272 = DIRECTION('', (0., -0., 1.));
#2273 = VECTOR('', #2272, 1.);
#2274 = CARTESIAN_POINT('', (-228.38026266, -94.59820217, 125.));
#2275 = LINE('', #2274, #2273);
#2276 = DIRECTION('', (-0.92387953, -0.38268343, 0.));
#2277 = DIRECTION('', (0., 0., 1.));
#2278 = CARTESIAN_POINT('', (-222.83698546, -92.30210158, 135.));
#2279 = AXIS2_PLACEMENT_3D('', #2278, #2277, #2276);
#2280 = CIRCLE('', #2279, 6.);
#2281 = DIRECTION('', (-0.38268343, -0.92387953, 0.));
#2282 = DIRECTION('', (0., 0., 1.));
#2283 = CARTESIAN_POINT('', (-92.30210158, -222.83698546, 125.));
#2284 = AXIS2_PLACEMENT_3D('', #2283, #2282, #2281);
#2285 = CIRCLE('', #2284, 6.);
#2286 = DIRECTION('', (0., -0., 1.));
#2287 = VECTOR('', #2286, 1.);
#2288 = CARTESIAN_POINT('', (-94.59820217, -228.38026266, 125.));
#2289 = LINE('', #2288, #2287);
#2290 = DIRECTION('', (-0.38268343, -0.92387953, 0.));
#2291 = DIRECTION('', (0., 0., 1.));
#2292 = CARTESIAN_POINT('', (-92.30210158, -222.83698546, 135.));
#2293 = AXIS2_PLACEMENT_3D('', #2292, #2291, #2290);
#2294 = CIRCLE('', #2293, 6.);
#2295 = DIRECTION('', (0.38268343, -0.92387953, 0.));
#2296 = DIRECTION('', (-0., -0., 1.));
#2297 = CARTESIAN_POINT('', (92.30210158, -222.83698546, 125.));
#2298 = AXIS2_PLACEMENT_3D('', #2297, #2296, #2295);
#2299 = CIRCLE('', #2298, 6.);
#2300 = DIRECTION('', (0., -0., 1.));
#2301 = VECTOR('', #2300, 1.);
#2302 = CARTESIAN_POINT('', (94.59820217, -228.38026266, 125.));
#2303 = LINE('', #2302, #2301);
#2304 = DIRECTION('', (0.38268343, -0.92387953, 0.));
#2305 = DIRECTION('', (-0., -0., 1.));
#2306 = CARTESIAN_POINT('', (92.30210158, -222.83698546, 135.));
#2307 = AXIS2_PLACEMENT_3D('', #2306, #2305, #2304);
#2308 = CIRCLE('', #2307, 6.);
#2309 = DIRECTION('', (0.92387953, -0.38268343, 0.));
#2310 = DIRECTION('', (-0., -0., 1.));
#2311 = CARTESIAN_POINT('', (222.83698546, -92.30210158, 125.));
#2312 = AXIS2_PLACEMENT_3D('', #2311, #2310, #2309);
#2313 = CIRCLE('', #2312, 6.);
#2314 = DIRECTION('', (0., -0., 1.));
#2315 = VECTOR('', #2314, 1.);
#2316 = CARTESIAN_POINT('', (228.38026266, -94.59820217, 125.));
#2317 = LINE('', #2316, #2315);
#2318 = DIRECTION('', (0.92387953, -0.38268343, 0.));
#2319 = DIRECTION('', (-0., -0., 1.));
#2320 = CARTESIAN_POINT('', (222.83698546, -92.30210158, 135.));
#2321 = AXIS2_PLACEMENT_3D('', #2320, #2319, #2318);
#2322 = CIRCLE('', #2321, 6.);
#2323 = DIRECTION('', (1., -0., 0.));
#2324 = DIRECTION('', (-0., -0., 1.));
#2325 = CARTESIAN_POINT('', (45., 47., 40.5));
#2326 = AXIS2_PLACEMENT_3D('', #2325, #2324, #2323);
#2327 = CIRCLE('', #2326, 5.);
#2328 = DIRECTION('', (0., -0., 1.));
#2329 = VECTOR('', #2328, 1.);
#2330 = CARTESIAN_POINT('', (50., 47., 40.5));
#2331 = LINE('', #2330, #2329);
#2332 = DIRECTION('', (1., -0., 0.));
#2333 = DIRECTION('', (-0., -0., 1.));
#2334 = CARTESIAN_POINT('', (45., 47., 48.5));
#2335 = AXIS2_PLACEMENT_3D('', #2334, #2333, #2332);
#2336 = CIRCLE('', #2335, 5.);
#2337 = DIRECTION('', (0., 1., 0.));
#2338 = VECTOR('', #2337, 1.);
#2339 = CARTESIAN_POINT('', (60., 10., 37.5));
#2340 = LINE('', #2339, #2338);
#2341 = DIRECTION('', (0., -0., 1.));
#2342 = VECTOR('', #2341, 1.);
#2343 = CARTESIAN_POINT('', (60., 60., 37.5));
#2344 = LINE('', #2343, #2342);
#2345 = DIRECTION('', (0., 1., 0.));
#2346 = VECTOR('', #2345, 1.);
#2347 = CARTESIAN_POINT('', (60., 10., 40.5));
#2348 = LINE('', #2347, #2346);
#2349 = DIRECTION('', (0., -0., 1.));
#2350 = VECTOR('', #2349, 1.);
#2351 = CARTESIAN_POINT('', (60., 10., 37.5));
#2352 = LINE('', #2351, #2350);
#2353 = DIRECTION('', (-1., -0., 0.));
#2354 = VECTOR('', #2353, 1.);
#2355 = CARTESIAN_POINT('', (60., 60., 37.5));
#2356 = LINE('', #2355, #2354);
#2357 = DIRECTION('', (0., -0., 1.));
#2358 = VECTOR('', #2357, 1.);
#2359 = CARTESIAN_POINT('', (0., 60., 37.5));
#2360 = LINE('', #2359, #2358);
#2361 = DIRECTION('', (-1., -0., 0.));
#2362 = VECTOR('', #2361, 1.);
#2363 = CARTESIAN_POINT('', (60., 60., 40.5));
#2364 = LINE('', #2363, #2362);
#2365 = DIRECTION('', (0., -1., 0.));
#2366 = VECTOR('', #2365, 1.);
#2367 = CARTESIAN_POINT('', (0., 60., 37.5));
#2368 = LINE('', #2367, #2366);
#2369 = DIRECTION('', (0., -0., 1.));
#2370 = VECTOR('', #2369, 1.);
#2371 = CARTESIAN_POINT('', (0., 10., 37.5));
#2372 = LINE('', #2371, #2370);
#2373 = DIRECTION('', (0., -1., 0.));
#2374 = VECTOR('', #2373, 1.);
#2375 = CARTESIAN_POINT('', (0., 60., 40.5));
#2376 = LINE('', #2375, #2374);
#2377 = DIRECTION('', (1., -0., 0.));
#2378 = VECTOR('', #2377, 1.);
#2379 = CARTESIAN_POINT('', (0., 10., 37.5));
#2380 = LINE('', #2379, #2378);
#2381 = DIRECTION('', (1., -0., 0.));
#2382 = VECTOR('', #2381, 1.);
#2383 = CARTESIAN_POINT('', (0., 10., 40.5));
#2384 = LINE('', #2383, #2382);
#2385 = DIRECTION('', (1., -0., 0.));
#2386 = DIRECTION('', (-0., -0., 1.));
#2387 = CARTESIAN_POINT('', (0., 0., 122.));
#2388 = AXIS2_PLACEMENT_3D('', #2387, #2386, #2385);
#2389 = CIRCLE('', #2388, 2.);
#2390 = DIRECTION('', (0., -0., 1.));
#2391 = VECTOR('', #2390, 1.);
#2392 = CARTESIAN_POINT('', (2., 0., 122.));
#2393 = LINE('', #2392, #2391);
#2394 = DIRECTION('', (1., -0., 0.));
#2395 = DIRECTION('', (-0., -0., 1.));
#2396 = CARTESIAN_POINT('', (0., 0., 274.));
#2397 = AXIS2_PLACEMENT_3D('', #2396, #2395, #2394);
#2398 = CIRCLE('', #2397, 2.);
#2399 = DIRECTION('', (0.70710678, 0.70710678, 0.));
#2400 = VECTOR('', #2399, 1.);
#2401 = CARTESIAN_POINT('', (42.17171065, -47.8285649, 118.));
#2402 = LINE('', #2401, #2400);
#2403 = DIRECTION('', (0., -0., 1.));
#2404 = VECTOR('', #2403, 1.);
#2405 = CARTESIAN_POINT('', (47.8285649, -42.17171065, 118.));
#2406 = LINE('', #2405, #2404);
#2407 = DIRECTION('', (0.70710678, 0.70710678, 0.));
#2408 = VECTOR('', #2407, 1.);
#2409 = CARTESIAN_POINT('', (42.17171065, -47.8285649, 124.));
#2410 = LINE('', #2409, #2408);
#2411 = DIRECTION('', (0., -0., 1.));
#2412 = VECTOR('', #2411, 1.);
#2413 = CARTESIAN_POINT('', (42.17171065, -47.8285649, 118.));
#2414 = LINE('', #2413, #2412);
#2415 = DIRECTION('', (-0.70710678, 0.70710678, 0.));
#2416 = VECTOR('', #2415, 1.);
#2417 = CARTESIAN_POINT('', (47.8285649, -42.17171065, 118.));
#2418 = LINE('', #2417, #2416);
#2419 = DIRECTION('', (0., -0., 1.));
#2420 = VECTOR('', #2419, 1.);
#2421 = CARTESIAN_POINT('', (2.82828935, 2.8285649, 118.));
#2422 = LINE('', #2421, #2420);
#2423 = DIRECTION('', (-0.70710678, 0.70710678, 0.));
#2424 = VECTOR('', #2423, 1.);
#2425 = CARTESIAN_POINT('', (47.8285649, -42.17171065, 124.));
#2426 = LINE('', #2425, #2424);
#2427 = DIRECTION('', (-0.70710678, -0.70710678, 0.));
#2428 = VECTOR('', #2427, 1.);
#2429 = CARTESIAN_POINT('', (2.82828935, 2.8285649, 118.));
#2430 = LINE('', #2429, #2428);
#2431 = DIRECTION('', (0., -0., 1.));
#2432 = VECTOR('', #2431, 1.);
#2433 = CARTESIAN_POINT('', (-2.8285649, -2.82828935, 118.));
#2434 = LINE('', #2433, #2432);
#2435 = DIRECTION('', (-0.70710678, -0.70710678, 0.));
#2436 = VECTOR('', #2435, 1.);
#2437 = CARTESIAN_POINT('', (2.82828935, 2.8285649, 124.));
#2438 = LINE('', #2437, #2436);
#2439 = DIRECTION('', (0.70710678, -0.70710678, 0.));
#2440 = VECTOR('', #2439, 1.);
#2441 = CARTESIAN_POINT('', (-2.8285649, -2.82828935, 118.));
#2442 = LINE('', #2441, #2440);
#2443 = DIRECTION('', (0.70710678, -0.70710678, 0.));
#2444 = VECTOR('', #2443, 1.);
#2445 = CARTESIAN_POINT('', (-2.8285649, -2.82828935, 124.));
#2446 = LINE('', #2445, #2444);
#2447 = DIRECTION('', (1., -0., 0.));
#2448 = DIRECTION('', (-0., -0., 1.));
#2449 = CARTESIAN_POINT('', (55., 55., 3.5));
#2450 = AXIS2_PLACEMENT_3D('', #2449, #2448, #2447);
#2451 = CIRCLE('', #2450, 3.);
#2452 = DIRECTION('', (0., -0., 1.));
#2453 = VECTOR('', #2452, 1.);
#2454 = CARTESIAN_POINT('', (58., 55., 3.5));
#2455 = LINE('', #2454, #2453);
#2456 = DIRECTION('', (1., -0., 0.));
#2457 = DIRECTION('', (-0., -0., 1.));
#2458 = CARTESIAN_POINT('', (55., 55., 37.5));
#2459 = AXIS2_PLACEMENT_3D('', #2458, #2457, #2456);
#2460 = CIRCLE('', #2459, 3.);
#2461 = DIRECTION('', (0., -0., 1.));
#2462 = VECTOR('', #2461, 1.);
#2463 = CARTESIAN_POINT('', (103.5, 50., -5.));
#2464 = LINE('', #2463, #2462);
#2465 = DIRECTION('', (1., -0., 0.));
#2466 = VECTOR('', #2465, 1.);
#2467 = CARTESIAN_POINT('', (103.5, 50., 35.));
#2468 = LINE('', #2467, #2466);
#2469 = DIRECTION('', (0., -0., 1.));
#2470 = VECTOR('', #2469, 1.);
#2471 = CARTESIAN_POINT('', (106.5, 50., -5.));
#2472 = LINE('', #2471, #2470);
#2473 = DIRECTION('', (1., -0., 0.));
#2474 = VECTOR('', #2473, 1.);
#2475 = CARTESIAN_POINT('', (103.5, 50., -5.));
#2476 = LINE('', #2475, #2474);
#2477 = DIRECTION('', (0., -1., 0.));
#2478 = VECTOR('', #2477, 1.);
#2479 = CARTESIAN_POINT('', (103.5, 50., 35.));
#2480 = LINE('', #2479, #2478);
#2481 = DIRECTION('', (1., -0., 0.));
#2482 = VECTOR('', #2481, 1.);
#2483 = CARTESIAN_POINT('', (103.5, -50., 35.));
#2484 = LINE('', #2483, #2482);
#2485 = DIRECTION('', (0., -1., 0.));
#2486 = VECTOR('', #2485, 1.);
#2487 = CARTESIAN_POINT('', (106.5, 50., 35.));
#2488 = LINE('', #2487, #2486);
#2489 = DIRECTION('', (0., -0., -1.));
#2490 = VECTOR('', #2489, 1.);
#2491 = CARTESIAN_POINT('', (103.5, -50., 35.));
#2492 = LINE('', #2491, #2490);
#2493 = DIRECTION('', (1., -0., 0.));
#2494 = VECTOR('', #2493, 1.);
#2495 = CARTESIAN_POINT('', (103.5, -50., -5.));
#2496 = LINE('', #2495, #2494);
#2497 = DIRECTION('', (0., -0., -1.));
#2498 = VECTOR('', #2497, 1.);
#2499 = CARTESIAN_POINT('', (106.5, -50., 35.));
#2500 = LINE('', #2499, #2498);
#2501 = DIRECTION('', (0., 1., 0.));
#2502 = VECTOR('', #2501, 1.);
#2503 = CARTESIAN_POINT('', (103.5, -50., -5.));
#2504 = LINE('', #2503, #2502);
#2505 = DIRECTION('', (0., 1., 0.));
#2506 = VECTOR('', #2505, 1.);
#2507 = CARTESIAN_POINT('', (106.5, -50., -5.));
#2508 = LINE('', #2507, #2506);
#2509 = DIRECTION('', (0., 1., 0.));
#2510 = VECTOR('', #2509, 1.);
#2511 = CARTESIAN_POINT('', (105., -41., -2.));
#2512 = LINE('', #2511, #2510);
#2513 = DIRECTION('', (0., -0., 1.));
#2514 = VECTOR('', #2513, 1.);
#2515 = CARTESIAN_POINT('', (105., -29., -2.));
#2516 = LINE('', #2515, #2514);
#2517 = DIRECTION('', (0., 1., 0.));
#2518 = VECTOR('', #2517, 1.);
#2519 = CARTESIAN_POINT('', (105., -41., 2.));
#2520 = LINE('', #2519, #2518);
#2521 = DIRECTION('', (0., -0., 1.));
#2522 = VECTOR('', #2521, 1.);
#2523 = CARTESIAN_POINT('', (105., -41., -2.));
#2524 = LINE('', #2523, #2522);
#2525 = DIRECTION('', (-1., -0., 0.));
#2526 = VECTOR('', #2525, 1.);
#2527 = CARTESIAN_POINT('', (105., -29., -2.));
#2528 = LINE('', #2527, #2526);
#2529 = DIRECTION('', (0., -0., 1.));
#2530 = VECTOR('', #2529, 1.);
#2531 = CARTESIAN_POINT('', (45., -29., -2.));
#2532 = LINE('', #2531, #2530);
#2533 = DIRECTION('', (-1., -0., 0.));
#2534 = VECTOR('', #2533, 1.);
#2535 = CARTESIAN_POINT('', (105., -29., 2.));
#2536 = LINE('', #2535, #2534);
#2537 = DIRECTION('', (0., -1., 0.));
#2538 = VECTOR('', #2537, 1.);
#2539 = CARTESIAN_POINT('', (45., -29., -2.));
#2540 = LINE('', #2539, #2538);
#2541 = DIRECTION('', (0., -0., 1.));
#2542 = VECTOR('', #2541, 1.);
#2543 = CARTESIAN_POINT('', (45., -41., -2.));
#2544 = LINE('', #2543, #2542);
#2545 = DIRECTION('', (0., -1., 0.));
#2546 = VECTOR('', #2545, 1.);
#2547 = CARTESIAN_POINT('', (45., -29., 2.));
#2548 = LINE('', #2547, #2546);
#2549 = DIRECTION('', (1., -0., 0.));
#2550 = VECTOR('', #2549, 1.);
#2551 = CARTESIAN_POINT('', (45., -41., -2.));
#2552 = LINE('', #2551, #2550);
#2553 = DIRECTION('', (1., -0., 0.));
#2554 = VECTOR('', #2553, 1.);
#2555 = CARTESIAN_POINT('', (45., -41., 2.));
#2556 = LINE('', #2555, #2554);
#2557 = DIRECTION('', (1., 0., 0.));
#2558 = DIRECTION('', (0., -0., 1.));
#2559 = CARTESIAN_POINT('', (109.24799769, 109.24799769, 38.));
#2560 = AXIS2_PLACEMENT_3D('', #2559, #2558, #2557);
#2561 = CIRCLE('', #2560, 101.6);
#2562 = DIRECTION('', (0., -0., 1.));
#2563 = VECTOR('', #2562, 1.);
#2564 = CARTESIAN_POINT('', (210.84799769, 109.24799769, 38.));
#2565 = LINE('', #2564, #2563);
#2566 = DIRECTION('', (1., 0., 0.));
#2567 = DIRECTION('', (0., -0., 1.));
#2568 = CARTESIAN_POINT('', (109.24799769, 109.24799769, 39.));
#2569 = AXIS2_PLACEMENT_3D('', #2568, #2567, #2566);
#2570 = CIRCLE('', #2569, 101.6);
#2571 = DIRECTION('', (0., 1., 0.));
#2572 = DIRECTION('', (0., -0., 1.));
#2573 = CARTESIAN_POINT('', (-109.24799769, 109.24799769, 38.));
#2574 = AXIS2_PLACEMENT_3D('', #2573, #2572, #2571);
#2575 = CIRCLE('', #2574, 101.6);
#2576 = DIRECTION('', (0., -0., 1.));
#2577 = VECTOR('', #2576, 1.);
#2578 = CARTESIAN_POINT('', (-109.24799769, 210.84799769, 38.));
#2579 = LINE('', #2578, #2577);
#2580 = DIRECTION('', (0., 1., 0.));
#2581 = DIRECTION('', (0., -0., 1.));
#2582 = CARTESIAN_POINT('', (-109.24799769, 109.24799769, 39.));
#2583 = AXIS2_PLACEMENT_3D('', #2582, #2581, #2580);
#2584 = CIRCLE('', #2583, 101.6);
#2585 = DIRECTION('', (-1., 0., 0.));
#2586 = DIRECTION('', (0., -0., 1.));
#2587 = CARTESIAN_POINT('', (-109.24799769, -109.24799769, 38.));
#2588 = AXIS2_PLACEMENT_3D('', #2587, #2586, #2585);
#2589 = CIRCLE('', #2588, 101.6);
#2590 = DIRECTION('', (0., -0., 1.));
#2591 = VECTOR('', #2590, 1.);
#2592 = CARTESIAN_POINT('', (-210.84799769, -109.24799769, 38.));
#2593 = LINE('', #2592, #2591);
#2594 = DIRECTION('', (-1., 0., 0.));
#2595 = DIRECTION('', (0., -0., 1.));
#2596 = CARTESIAN_POINT('', (-109.24799769, -109.24799769, 39.));
#2597 = AXIS2_PLACEMENT_3D('', #2596, #2595, #2594);
#2598 = CIRCLE('', #2597, 101.6);
#2599 = DIRECTION('', (-0., -1., 0.));
#2600 = DIRECTION('', (0., 0., 1.));
#2601 = CARTESIAN_POINT('', (109.24799769, -109.24799769, 38.));
#2602 = AXIS2_PLACEMENT_3D('', #2601, #2600, #2599);
#2603 = CIRCLE('', #2602, 101.6);
#2604 = DIRECTION('', (0., -0., 1.));
#2605 = VECTOR('', #2604, 1.);
#2606 = CARTESIAN_POINT('', (109.24799769, -210.84799769, 38.));
#2607 = LINE('', #2606, #2605);
#2608 = DIRECTION('', (-0., -1., 0.));
#2609 = DIRECTION('', (0., 0., 1.));
#2610 = CARTESIAN_POINT('', (109.24799769, -109.24799769, 39.));
#2611 = AXIS2_PLACEMENT_3D('', #2610, #2609, #2608);
#2612 = CIRCLE('', #2611, 101.6);
#2613 = DIRECTION('', (0., 1., 0.));
#2614 = VECTOR('', #2613, 1.);
#2615 = CARTESIAN_POINT('', (49.4, 19.1, 48.5));
#2616 = LINE('', #2615, #2614);
#2617 = DIRECTION('', (0., -0., 1.));
#2618 = VECTOR('', #2617, 1.);
#2619 = CARTESIAN_POINT('', (49.4, 50.9, 48.5));
#2620 = LINE('', #2619, #2618);
#2621 = DIRECTION('', (0., 1., 0.));
#2622 = VECTOR('', #2621, 1.);
#2623 = CARTESIAN_POINT('', (49.4, 19.1, 65.3));
#2624 = LINE('', #2623, #2622);
#2625 = DIRECTION('', (0., -0., 1.));
#2626 = VECTOR('', #2625, 1.);
#2627 = CARTESIAN_POINT('', (49.4, 19.1, 48.5));
#2628 = LINE('', #2627, #2626);
#2629 = DIRECTION('', (-1., -0., 0.));
#2630 = VECTOR('', #2629, 1.);
#2631 = CARTESIAN_POINT('', (49.4, 50.9, 48.5));
#2632 = LINE('', #2631, #2630);
#2633 = DIRECTION('', (0., -0., 1.));
#2634 = VECTOR('', #2633, 1.);
#2635 = CARTESIAN_POINT('', (10.6, 50.9, 48.5));
#2636 = LINE('', #2635, #2634);
#2637 = DIRECTION('', (-1., -0., 0.));
#2638 = VECTOR('', #2637, 1.);
#2639 = CARTESIAN_POINT('', (49.4, 50.9, 65.3));
#2640 = LINE('', #2639, #2638);
#2641 = DIRECTION('', (0., -1., 0.));
#2642 = VECTOR('', #2641, 1.);
#2643 = CARTESIAN_POINT('', (10.6, 50.9, 48.5));
#2644 = LINE('', #2643, #2642);
#2645 = DIRECTION('', (0., -0., 1.));
#2646 = VECTOR('', #2645, 1.);
#2647 = CARTESIAN_POINT('', (10.6, 19.1, 48.5));
#2648 = LINE('', #2647, #2646);
#2649 = DIRECTION('', (0., -1., 0.));
#2650 = VECTOR('', #2649, 1.);
#2651 = CARTESIAN_POINT('', (10.6, 50.9, 65.3));
#2652 = LINE('', #2651, #2650);
#2653 = DIRECTION('', (1., -0., 0.));
#2654 = VECTOR('', #2653, 1.);
#2655 = CARTESIAN_POINT('', (10.6, 19.1, 48.5));
#2656 = LINE('', #2655, #2654);
#2657 = DIRECTION('', (1., -0., 0.));
#2658 = VECTOR('', #2657, 1.);
#2659 = CARTESIAN_POINT('', (10.6, 19.1, 65.3));
#2660 = LINE('', #2659, #2658);
#2661 = DIRECTION('', (1., 0., 0.));
#2662 = DIRECTION('', (0., -0., 1.));
#2663 = CARTESIAN_POINT('', (45., -45., 2.));
#2664 = AXIS2_PLACEMENT_3D('', #2663, #2662, #2661);
#2665 = CIRCLE('', #2664, 4.);
#2666 = DIRECTION('', (0., -0., 1.));
#2667 = VECTOR('', #2666, 1.);
#2668 = CARTESIAN_POINT('', (49., -45., 2.));
#2669 = LINE('', #2668, #2667);
#2670 = DIRECTION('', (1., 0., 0.));
#2671 = DIRECTION('', (0., -0., 1.));
#2672 = CARTESIAN_POINT('', (45., -45., 92.));
#2673 = AXIS2_PLACEMENT_3D('', #2672, #2671, #2670);
#2674 = CIRCLE('', #2673, 4.);
#2675 = DIRECTION('', (0., 1., 0.));
#2676 = VECTOR('', #2675, 1.);
#2677 = CARTESIAN_POINT('', (55.49747468, 43.49747468, -73.));
#2678 = LINE('', #2677, #2676);
#2679 = DIRECTION('', (0., -0., 1.));
#2680 = VECTOR('', #2679, 1.);
#2681 = CARTESIAN_POINT('', (55.49747468, 55.49747468, -73.));
#2682 = LINE('', #2681, #2680);
#2683 = DIRECTION('', (0., 1., 0.));
#2684 = VECTOR('', #2683, 1.);
#2685 = CARTESIAN_POINT('', (55.49747468, 43.49747468, -3.));
#2686 = LINE('', #2685, #2684);
#2687 = DIRECTION('', (0., -0., 1.));
#2688 = VECTOR('', #2687, 1.);
#2689 = CARTESIAN_POINT('', (55.49747468, 43.49747468, -73.));
#2690 = LINE('', #2689, #2688);
#2691 = DIRECTION('', (-1., -0., 0.));
#2692 = VECTOR('', #2691, 1.);
#2693 = CARTESIAN_POINT('', (55.49747468, 55.49747468, -73.));
#2694 = LINE('', #2693, #2692);
#2695 = DIRECTION('', (0., -0., 1.));
#2696 = VECTOR('', #2695, 1.);
#2697 = CARTESIAN_POINT('', (43.49747468, 55.49747468, -73.));
#2698 = LINE('', #2697, #2696);
#2699 = DIRECTION('', (-1., -0., 0.));
#2700 = VECTOR('', #2699, 1.);
#2701 = CARTESIAN_POINT('', (55.49747468, 55.49747468, -3.));
#2702 = LINE('', #2701, #2700);
#2703 = DIRECTION('', (0., -1., 0.));
#2704 = VECTOR('', #2703, 1.);
#2705 = CARTESIAN_POINT('', (43.49747468, 55.49747468, -73.));
#2706 = LINE('', #2705, #2704);
#2707 = DIRECTION('', (0., -0., 1.));
#2708 = VECTOR('', #2707, 1.);
#2709 = CARTESIAN_POINT('', (43.49747468, 43.49747468, -73.));
#2710 = LINE('', #2709, #2708);
#2711 = DIRECTION('', (0., -1., 0.));
#2712 = VECTOR('', #2711, 1.);
#2713 = CARTESIAN_POINT('', (43.49747468, 55.49747468, -3.));
#2714 = LINE('', #2713, #2712);
#2715 = DIRECTION('', (1., -0., 0.));
#2716 = VECTOR('', #2715, 1.);
#2717 = CARTESIAN_POINT('', (43.49747468, 43.49747468, -73.));
#2718 = LINE('', #2717, #2716);
#2719 = DIRECTION('', (1., -0., 0.));
#2720 = VECTOR('', #2719, 1.);
#2721 = CARTESIAN_POINT('', (43.49747468, 43.49747468, -3.));
#2722 = LINE('', #2721, #2720);
#2723 = DIRECTION('', (-1., -0., 0.));
#2724 = VECTOR('', #2723, 1.);
#2725 = CARTESIAN_POINT('', (-43.49747468, 55.49747468, -73.));
#2726 = LINE('', #2725, #2724);
#2727 = DIRECTION('', (0., -0., 1.));
#2728 = VECTOR('', #2727, 1.);
#2729 = CARTESIAN_POINT('', (-55.49747468, 55.49747468, -73.));
#2730 = LINE('', #2729, #2728);
#2731 = DIRECTION('', (-1., -0., 0.));
#2732 = VECTOR('', #2731, 1.);
#2733 = CARTESIAN_POINT('', (-43.49747468, 55.49747468, -3.));
#2734 = LINE('', #2733, #2732);
#2735 = DIRECTION('', (0., -0., 1.));
#2736 = VECTOR('', #2735, 1.);
#2737 = CARTESIAN_POINT('', (-43.49747468, 55.49747468, -73.));
#2738 = LINE('', #2737, #2736);
#2739 = DIRECTION('', (0., -1., 0.));
#2740 = VECTOR('', #2739, 1.);
#2741 = CARTESIAN_POINT('', (-55.49747468, 55.49747468, -73.));
#2742 = LINE('', #2741, #2740);
#2743 = DIRECTION('', (0., -0., 1.));
#2744 = VECTOR('', #2743, 1.);
#2745 = CARTESIAN_POINT('', (-55.49747468, 43.49747468, -73.));
#2746 = LINE('', #2745, #2744);
#2747 = DIRECTION('', (0., -1., 0.));
#2748 = VECTOR('', #2747, 1.);
#2749 = CARTESIAN_POINT('', (-55.49747468, 55.49747468, -3.));
#2750 = LINE('', #2749, #2748);
#2751 = DIRECTION('', (1., -0., 0.));
#2752 = VECTOR('', #2751, 1.);
#2753 = CARTESIAN_POINT('', (-55.49747468, 43.49747468, -73.));
#2754 = LINE('', #2753, #2752);
#2755 = DIRECTION('', (0., -0., 1.));
#2756 = VECTOR('', #2755, 1.);
#2757 = CARTESIAN_POINT('', (-43.49747468, 43.49747468, -73.));
#2758 = LINE('', #2757, #2756);
#2759 = DIRECTION('', (1., -0., 0.));
#2760 = VECTOR('', #2759, 1.);
#2761 = CARTESIAN_POINT('', (-55.49747468, 43.49747468, -3.));
#2762 = LINE('', #2761, #2760);
#2763 = DIRECTION('', (0., 1., 0.));
#2764 = VECTOR('', #2763, 1.);
#2765 = CARTESIAN_POINT('', (-43.49747468, 43.49747468, -73.));
#2766 = LINE('', #2765, #2764);
#2767 = DIRECTION('', (0., 1., 0.));
#2768 = VECTOR('', #2767, 1.);
#2769 = CARTESIAN_POINT('', (-43.49747468, 43.49747468, -3.));
#2770 = LINE('', #2769, #2768);
#2771 = DIRECTION('', (0., -1., 0.));
#2772 = VECTOR('', #2771, 1.);
#2773 = CARTESIAN_POINT('', (-55.49747468, -43.49747468, -73.));
#2774 = LINE('', #2773, #2772);
#2775 = DIRECTION('', (0., -0., 1.));
#2776 = VECTOR('', #2775, 1.);
#2777 = CARTESIAN_POINT('', (-55.49747468, -55.49747468, -73.));
#2778 = LINE('', #2777, #2776);
#2779 = DIRECTION('', (0., -1., 0.));
#2780 = VECTOR('', #2779, 1.);
#2781 = CARTESIAN_POINT('', (-55.49747468, -43.49747468, -3.));
#2782 = LINE('', #2781, #2780);
#2783 = DIRECTION('', (0., -0., 1.));
#2784 = VECTOR('', #2783, 1.);
#2785 = CARTESIAN_POINT('', (-55.49747468, -43.49747468, -73.));
#2786 = LINE('', #2785, #2784);
#2787 = DIRECTION('', (1., -0., 0.));
#2788 = VECTOR('', #2787, 1.);
#2789 = CARTESIAN_POINT('', (-55.49747468, -55.49747468, -73.));
#2790 = LINE('', #2789, #2788);
#2791 = DIRECTION('', (0., -0., 1.));
#2792 = VECTOR('', #2791, 1.);
#2793 = CARTESIAN_POINT('', (-43.49747468, -55.49747468, -73.));
#2794 = LINE('', #2793, #2792);
#2795 = DIRECTION('', (1., -0., 0.));
#2796 = VECTOR('', #2795, 1.);
#2797 = CARTESIAN_POINT('', (-55.49747468, -55.49747468, -3.));
#2798 = LINE('', #2797, #2796);
#2799 = DIRECTION('', (0., 1., 0.));
#2800 = VECTOR('', #2799, 1.);
#2801 = CARTESIAN_POINT('', (-43.49747468, -55.49747468, -73.));
#2802 = LINE('', #2801, #2800);
#2803 = DIRECTION('', (0., -0., 1.));
#2804 = VECTOR('', #2803, 1.);
#2805 = CARTESIAN_POINT('', (-43.49747468, -43.49747468, -73.));
#2806 = LINE('', #2805, #2804);
#2807 = DIRECTION('', (0., 1., 0.));
#2808 = VECTOR('', #2807, 1.);
#2809 = CARTESIAN_POINT('', (-43.49747468, -55.49747468, -3.));
#2810 = LINE('', #2809, #2808);
#2811 = DIRECTION('', (-1., -0., 0.));
#2812 = VECTOR('', #2811, 1.);
#2813 = CARTESIAN_POINT('', (-43.49747468, -43.49747468, -73.));
#2814 = LINE('', #2813, #2812);
#2815 = DIRECTION('', (-1., -0., 0.));
#2816 = VECTOR('', #2815, 1.);
#2817 = CARTESIAN_POINT('', (-43.49747468, -43.49747468, -3.));
#2818 = LINE('', #2817, #2816);
#2819 = DIRECTION('', (1., -0., 0.));
#2820 = VECTOR('', #2819, 1.);
#2821 = CARTESIAN_POINT('', (43.49747468, -55.49747468, -73.));
#2822 = LINE('', #2821, #2820);
#2823 = DIRECTION('', (0., -0., 1.));
#2824 = VECTOR('', #2823, 1.);
#2825 = CARTESIAN_POINT('', (55.49747468, -55.49747468, -73.));
#2826 = LINE('', #2825, #2824);
#2827 = DIRECTION('', (1., -0., 0.));
#2828 = VECTOR('', #2827, 1.);
#2829 = CARTESIAN_POINT('', (43.49747468, -55.49747468, -3.));
#2830 = LINE('', #2829, #2828);
#2831 = DIRECTION('', (0., -0., 1.));
#2832 = VECTOR('', #2831, 1.);
#2833 = CARTESIAN_POINT('', (43.49747468, -55.49747468, -73.));
#2834 = LINE('', #2833, #2832);
#2835 = DIRECTION('', (0., 1., 0.));
#2836 = VECTOR('', #2835, 1.);
#2837 = CARTESIAN_POINT('', (55.49747468, -55.49747468, -73.));
#2838 = LINE('', #2837, #2836);
#2839 = DIRECTION('', (0., -0., 1.));
#2840 = VECTOR('', #2839, 1.);
#2841 = CARTESIAN_POINT('', (55.49747468, -43.49747468, -73.));
#2842 = LINE('', #2841, #2840);
#2843 = DIRECTION('', (0., 1., 0.));
#2844 = VECTOR('', #2843, 1.);
#2845 = CARTESIAN_POINT('', (55.49747468, -55.49747468, -3.));
#2846 = LINE('', #2845, #2844);
#2847 = DIRECTION('', (-1., -0., 0.));
#2848 = VECTOR('', #2847, 1.);
#2849 = CARTESIAN_POINT('', (55.49747468, -43.49747468, -73.));
#2850 = LINE('', #2849, #2848);
#2851 = DIRECTION('', (0., -0., 1.));
#2852 = VECTOR('', #2851, 1.);
#2853 = CARTESIAN_POINT('', (43.49747468, -43.49747468, -73.));
#2854 = LINE('', #2853, #2852);
#2855 = DIRECTION('', (-1., -0., 0.));
#2856 = VECTOR('', #2855, 1.);
#2857 = CARTESIAN_POINT('', (55.49747468, -43.49747468, -3.));
#2858 = LINE('', #2857, #2856);
#2859 = DIRECTION('', (0., -1., 0.));
#2860 = VECTOR('', #2859, 1.);
#2861 = CARTESIAN_POINT('', (43.49747468, -43.49747468, -73.));
#2862 = LINE('', #2861, #2860);
#2863 = DIRECTION('', (0., -1., 0.));
#2864 = VECTOR('', #2863, 1.);
#2865 = CARTESIAN_POINT('', (43.49747468, -43.49747468, -3.));
#2866 = LINE('', #2865, #2864);
#2867 = DIRECTION('', (1., 0., 0.));
#2868 = DIRECTION('', (0., -0., 1.));
#2869 = CARTESIAN_POINT('', (49.49747468, 49.49747468, -85.));
#2870 = AXIS2_PLACEMENT_3D('', #2869, #2868, #2867);
#2871 = CIRCLE('', #2870, 14.);
#2872 = DIRECTION('', (0., -0., 1.));
#2873 = VECTOR('', #2872, 1.);
#2874 = CARTESIAN_POINT('', (63.49747468, 49.49747468, -85.));
#2875 = LINE('', #2874, #2873);
#2876 = DIRECTION('', (1., 0., 0.));
#2877 = DIRECTION('', (0., -0., 1.));
#2878 = CARTESIAN_POINT('', (49.49747468, 49.49747468, -73.));
#2879 = AXIS2_PLACEMENT_3D('', #2878, #2877, #2876);
#2880 = CIRCLE('', #2879, 14.);
#2881 = DIRECTION('', (1., 0., 0.));
#2882 = DIRECTION('', (0., -0., 1.));
#2883 = CARTESIAN_POINT('', (-49.49747468, 49.49747468, -85.));
#2884 = AXIS2_PLACEMENT_3D('', #2883, #2882, #2881);
#2885 = CIRCLE('', #2884, 14.);
#2886 = DIRECTION('', (0., -0., 1.));
#2887 = VECTOR('', #2886, 1.);
#2888 = CARTESIAN_POINT('', (-35.49747468, 49.49747468, -85.));
#2889 = LINE('', #2888, #2887);
#2890 = DIRECTION('', (1., 0., 0.));
#2891 = DIRECTION('', (0., -0., 1.));
#2892 = CARTESIAN_POINT('', (-49.49747468, 49.49747468, -73.));
#2893 = AXIS2_PLACEMENT_3D('', #2892, #2891, #2890);
#2894 = CIRCLE('', #2893, 14.);
#2895 = DIRECTION('', (1., 0., 0.));
#2896 = DIRECTION('', (0., -0., 1.));
#2897 = CARTESIAN_POINT('', (-49.49747468, -49.49747468, -85.));
#2898 = AXIS2_PLACEMENT_3D('', #2897, #2896, #2895);
#2899 = CIRCLE('', #2898, 14.);
#2900 = DIRECTION('', (0., -0., 1.));
#2901 = VECTOR('', #2900, 1.);
#2902 = CARTESIAN_POINT('', (-35.49747468, -49.49747468, -85.));
#2903 = LINE('', #2902, #2901);
#2904 = DIRECTION('', (1., 0., 0.));
#2905 = DIRECTION('', (0., -0., 1.));
#2906 = CARTESIAN_POINT('', (-49.49747468, -49.49747468, -73.));
#2907 = AXIS2_PLACEMENT_3D('', #2906, #2905, #2904);
#2908 = CIRCLE('', #2907, 14.);
#2909 = DIRECTION('', (1., -0., 0.));
#2910 = DIRECTION('', (-0., -0., 1.));
#2911 = CARTESIAN_POINT('', (49.49747468, -49.49747468, -85.));
#2912 = AXIS2_PLACEMENT_3D('', #2911, #2910, #2909);
#2913 = CIRCLE('', #2912, 14.);
#2914 = DIRECTION('', (0., -0., 1.));
#2915 = VECTOR('', #2914, 1.);
#2916 = CARTESIAN_POINT('', (63.49747468, -49.49747468, -85.));
#2917 = LINE('', #2916, #2915);
#2918 = DIRECTION('', (1., -0., 0.));
#2919 = DIRECTION('', (-0., -0., 1.));
#2920 = CARTESIAN_POINT('', (49.49747468, -49.49747468, -73.));
#2921 = AXIS2_PLACEMENT_3D('', #2920, #2919, #2918);
#2922 = CIRCLE('', #2921, 14.);
#2923 = DIRECTION('', (1., -0., 0.));
#2924 = DIRECTION('', (0., -0., -1.));
#2925 = CARTESIAN_POINT('', (0., 0., 130.));
#2926 = AXIS2_PLACEMENT_3D('', #2925, #2924, #2923);
#2927 = CIRCLE('', #2926, 239.697015);
#2928 = DIRECTION('', (-1., -0., 0.));
#2929 = DIRECTION('', (-0., 1., 0.));
#2930 = CARTESIAN_POINT('', (241.197015, 0., 130.));
#2931 = AXIS2_PLACEMENT_3D('', #2930, #2929, #2928);
#2932 = CIRCLE('', #2931, 1.5);
#2933 = DIRECTION('', (-0.70710678, 0.70710678, -0.));
#2934 = DIRECTION('', (0.35803278, 0.35803278, -0.86233698));
#2935 = CARTESIAN_POINT('', (109.24965154, 109.24965154, -2.00010674));
#2936 = AXIS2_PLACEMENT_3D('', #2935, #2934, #2933);
#2937 = CIRCLE('', #2936, 2.);
#2938 = DIRECTION('', (0.35803278, 0.35803278, -0.86233698));
#2939 = VECTOR('', #2938, 1.);
#2940 = CARTESIAN_POINT('', (107.83543798, 110.6638651, -2.00010674));
#2941 = LINE('', #2940, #2939);
#2942 = DIRECTION('', (-0.70710678, 0.70710678, -0.));
#2943 = DIRECTION('', (0.35803278, 0.35803278, -0.86233698));
#2944 = CARTESIAN_POINT('', (166.54563665, 166.54563665, -139.99989326));
#2945 = AXIS2_PLACEMENT_3D('', #2944, #2943, #2942);
#2946 = CIRCLE('', #2945, 2.);
#2947 = DIRECTION('', (-0.70710678, -0.70710678, -0.));
#2948 = DIRECTION('', (-0.35803278, 0.35803278, -0.86233698));
#2949 = CARTESIAN_POINT('', (-109.24965154, 109.24965154, -2.00010674));
#2950 = AXIS2_PLACEMENT_3D('', #2949, #2948, #2947);
#2951 = CIRCLE('', #2950, 2.);
#2952 = DIRECTION('', (-0.35803278, 0.35803278, -0.86233698));
#2953 = VECTOR('', #2952, 1.);
#2954 = CARTESIAN_POINT('', (-110.6638651, 107.83543798, -2.00010674));
#2955 = LINE('', #2954, #2953);
#2956 = DIRECTION('', (-0.70710678, -0.70710678, -0.));
#2957 = DIRECTION('', (-0.35803278, 0.35803278, -0.86233698));
#2958 = CARTESIAN_POINT('', (-166.54563665, 166.54563665, -139.99989326));
#2959 = AXIS2_PLACEMENT_3D('', #2958, #2957, #2956);
#2960 = CIRCLE('', #2959, 2.);
#2961 = DIRECTION('', (0.70710678, -0.70710678, 0.));
#2962 = DIRECTION('', (-0.35803278, -0.35803278, -0.86233698));
#2963 = CARTESIAN_POINT('', (-109.24965154, -109.24965154, -2.00010674));
#2964 = AXIS2_PLACEMENT_3D('', #2963, #2962, #2961);
#2965 = CIRCLE('', #2964, 2.);
#2966 = DIRECTION('', (-0.35803278, -0.35803278, -0.86233698));
#2967 = VECTOR('', #2966, 1.);
#2968 = CARTESIAN_POINT('', (-107.83543798, -110.6638651, -2.00010674));
#2969 = LINE('', #2968, #2967);
#2970 = DIRECTION('', (0.70710678, -0.70710678, 0.));
#2971 = DIRECTION('', (-0.35803278, -0.35803278, -0.86233698));
#2972 = CARTESIAN_POINT('', (-166.54563665, -166.54563665, -139.99989326));
#2973 = AXIS2_PLACEMENT_3D('', #2972, #2971, #2970);
#2974 = CIRCLE('', #2973, 2.);
#2975 = DIRECTION('', (0.70710678, 0.70710678, 0.));
#2976 = DIRECTION('', (0.35803278, -0.35803278, -0.86233698));
#2977 = CARTESIAN_POINT('', (109.24965154, -109.24965154, -2.00010674));
#2978 = AXIS2_PLACEMENT_3D('', #2977, #2976, #2975);
#2979 = CIRCLE('', #2978, 2.);
#2980 = DIRECTION('', (0.35803278, -0.35803278, -0.86233698));
#2981 = VECTOR('', #2980, 1.);
#2982 = CARTESIAN_POINT('', (110.6638651, -107.83543798, -2.00010674));
#2983 = LINE('', #2982, #2981);
#2984 = DIRECTION('', (0.70710678, 0.70710678, 0.));
#2985 = DIRECTION('', (0.35803278, -0.35803278, -0.86233698));
#2986 = CARTESIAN_POINT('', (166.54563665, -166.54563665, -139.99989326));
#2987 = AXIS2_PLACEMENT_3D('', #2986, #2985, #2984);
#2988 = CIRCLE('', #2987, 2.);
#2989 = DIRECTION('', (1., 0., 0.));
#2990 = DIRECTION('', (0., -0., 1.));
#2991 = CARTESIAN_POINT('', (0., -0., -279.));
#2992 = AXIS2_PLACEMENT_3D('', #2991, #2990, #2989);
#2993 = CIRCLE('', #2992, 6.);
#2994 = DIRECTION('', (0., -0., 1.));
#2995 = VECTOR('', #2994, 1.);
#2996 = CARTESIAN_POINT('', (6., 0., -279.));
#2997 = LINE('', #2996, #2995);
#2998 = DIRECTION('', (1., 0., 0.));
#2999 = DIRECTION('', (0., -0., 1.));
#3000 = CARTESIAN_POINT('', (0., -0., -269.));
#3001 = AXIS2_PLACEMENT_3D('', #3000, #2999, #2998);
#3002 = CIRCLE('', #3001, 6.);
#3003 = CARTESIAN_POINT('', (-0.76536686, 1.84775907, -274.));
#3004 = CARTESIAN_POINT('', (100.35896153, 43.73482737, -275.51996737));
#3005 = CARTESIAN_POINT('', (253.78189179, 107.28468586, -109.45618432));
#3006 = CARTESIAN_POINT('', (252.37762504, 106.70301953, -0.));
#3007 = CARTESIAN_POINT('', (253.22904693, 107.05569002, 109.28414043));
#3008 = CARTESIAN_POINT('', (140.64965112, 60.42377744, 234.60617519));
#3009 = CARTESIAN_POINT('', (46.07684707, 21.25043937, 274.22565408));
#3010 = CARTESIAN_POINT('', (-0.76536686, 1.84775907, 274.));
#3011 = (
  BOUNDED_CURVE()
  B_SPLINE_CURVE(2, (#3003, #3004, #3005, #3006, #3007, #3008, #3009, #3010), .UNSPECIFIED., .F., .F.)
  B_SPLINE_CURVE_WITH_KNOTS((3, 1, 2, 1, 1, 3), (-1., -0.75, -0.5, -0.25, -0.125, -0.), .UNSPECIFIED.)
  CURVE()
  GEOMETRIC_REPRESENTATION_ITEM()
  RATIONAL_B_SPLINE_CURVE((2., 1.85355339, 1.85355339, 2., 1.85355339, 1.85355339, 1.9267767, 2.))
  REPRESENTATION_ITEM('')
);
#3012 = DIRECTION('', (-0.38268343, 0.92387953, 0.));
#3013 = DIRECTION('', (0.92387953, 0.38268343, -0.));
#3014 = CARTESIAN_POINT('', (0., 0., 274.));
#3015 = AXIS2_PLACEMENT_3D('', #3014, #3013, #3012);
#3016 = CIRCLE('', #3015, 2.);
#3017 = DIRECTION('', (-0.38268343, 0.92387953, 0.));
#3018 = DIRECTION('', (-0.92387953, -0.38268343, 0.));
#3019 = CARTESIAN_POINT('', (-0., -0., -274.));
#3020 = AXIS2_PLACEMENT_3D('', #3019, #3018, #3017);
#3021 = CIRCLE('', #3020, 2.);
#3022 = CARTESIAN_POINT('', (-1.84775907, 0.76536686, -274.));
#3023 = CARTESIAN_POINT('', (40.03930924, 101.88969526, -275.51996737));
#3024 = CARTESIAN_POINT('', (103.58916773, 255.31262552, -109.45618432));
#3025 = CARTESIAN_POINT('', (103.0075014, 253.90835877, -0.));
#3026 = CARTESIAN_POINT('', (103.36017189, 254.75978066, 109.28414043));
#3027 = CARTESIAN_POINT('', (56.72825931, 142.18038485, 234.60617519));
#3028 = CARTESIAN_POINT('', (17.55492124, 47.6075808, 274.22565408));
#3029 = CARTESIAN_POINT('', (-1.84775907, 0.76536686, 274.));
#3030 = (
  BOUNDED_CURVE()
  B_SPLINE_CURVE(2, (#3022, #3023, #3024, #3025, #3026, #3027, #3028, #3029), .UNSPECIFIED., .F., .F.)
  B_SPLINE_CURVE_WITH_KNOTS((3, 1, 2, 1, 1, 3), (-1., -0.75, -0.5, -0.25, -0.125, -0.), .UNSPECIFIED.)
  CURVE()
  GEOMETRIC_REPRESENTATION_ITEM()
  RATIONAL_B_SPLINE_CURVE((2., 1.85355339, 1.85355339, 2., 1.85355339, 1.85355339, 1.9267767, 2.))
  REPRESENTATION_ITEM('')
);
#3031 = DIRECTION('', (-0.92387953, 0.38268343, 0.));
#3032 = DIRECTION('', (0.38268343, 0.92387953, -0.));
#3033 = CARTESIAN_POINT('', (0., 0., 274.));
#3034 = AXIS2_PLACEMENT_3D('', #3033, #3032, #3031);
#3035 = CIRCLE('', #3034, 2.);
#3036 = DIRECTION('', (-0.92387953, 0.38268343, 0.));
#3037 = DIRECTION('', (-0.38268343, -0.92387953, 0.));
#3038 = CARTESIAN_POINT('', (-0., -0., -274.));
#3039 = AXIS2_PLACEMENT_3D('', #3038, #3037, #3036);
#3040 = CIRCLE('', #3039, 2.);
#3041 = CARTESIAN_POINT('', (-1.84775907, -0.76536686, -274.));
#3042 = CARTESIAN_POINT('', (-43.73482737, 100.35896153, -275.51996737));
#3043 = CARTESIAN_POINT('', (-107.28468586, 253.78189179, -109.45618432));
#3044 = CARTESIAN_POINT('', (-106.70301953, 252.37762504, -0.));
#3045 = CARTESIAN_POINT('', (-107.05569002, 253.22904693, 109.28414043));
#3046 = CARTESIAN_POINT('', (-60.42377744, 140.64965112, 234.60617519));
#3047 = CARTESIAN_POINT('', (-21.25043937, 46.07684707, 274.22565408));
#3048 = CARTESIAN_POINT('', (-1.84775907, -0.76536686, 274.));
#3049 = (
  BOUNDED_CURVE()
  B_SPLINE_CURVE(2, (#3041, #3042, #3043, #3044, #3045, #3046, #3047, #3048), .UNSPECIFIED., .F., .F.)
  B_SPLINE_CURVE_WITH_KNOTS((3, 1, 2, 1, 1, 3), (-1., -0.75, -0.5, -0.25, -0.125, -0.), .UNSPECIFIED.)
  CURVE()
  GEOMETRIC_REPRESENTATION_ITEM()
  RATIONAL_B_SPLINE_CURVE((2., 1.85355339, 1.85355339, 2., 1.85355339, 1.85355339, 1.9267767, 2.))
  REPRESENTATION_ITEM('')
);
#3050 = DIRECTION('', (-0.92387953, -0.38268343, 0.));
#3051 = DIRECTION('', (-0.38268343, 0.92387953, 0.));
#3052 = CARTESIAN_POINT('', (-0., 0., 274.));
#3053 = AXIS2_PLACEMENT_3D('', #3052, #3051, #3050);
#3054 = CIRCLE('', #3053, 2.);
#3055 = DIRECTION('', (-0.92387953, -0.38268343, 0.));
#3056 = DIRECTION('', (0.38268343, -0.92387953, 0.));
#3057 = CARTESIAN_POINT('', (0., -0., -274.));
#3058 = AXIS2_PLACEMENT_3D('', #3057, #3056, #3055);
#3059 = CIRCLE('', #3058, 2.);
#3060 = CARTESIAN_POINT('', (-0.76536686, -1.84775907, -274.));
#3061 = CARTESIAN_POINT('', (-101.88969526, 40.03930924, -275.51996737));
#3062 = CARTESIAN_POINT('', (-255.31262552, 103.58916773, -109.45618432));
#3063 = CARTESIAN_POINT('', (-253.90835877, 103.0075014, -0.));
#3064 = CARTESIAN_POINT('', (-254.75978066, 103.36017189, 109.28414043));
#3065 = CARTESIAN_POINT('', (-142.18038485, 56.72825931, 234.60617519));
#3066 = CARTESIAN_POINT('', (-47.6075808, 17.55492124, 274.22565408));
#3067 = CARTESIAN_POINT('', (-0.76536686, -1.84775907, 274.));
#3068 = (
  BOUNDED_CURVE()
  B_SPLINE_CURVE(2, (#3060, #3061, #3062, #3063, #3064, #3065, #3066, #3067), .UNSPECIFIED., .F., .F.)
  B_SPLINE_CURVE_WITH_KNOTS((3, 1, 2, 1, 1, 3), (-1., -0.75, -0.5, -0.25, -0.125, -0.), .UNSPECIFIED.)
  CURVE()
  GEOMETRIC_REPRESENTATION_ITEM()
  RATIONAL_B_SPLINE_CURVE((2., 1.85355339, 1.85355339, 2., 1.85355339, 1.85355339, 1.9267767, 2.))
  REPRESENTATION_ITEM('')
);
#3069 = DIRECTION('', (-0.38268343, -0.92387953, 0.));
#3070 = DIRECTION('', (-0.92387953, 0.38268343, 0.));
#3071 = CARTESIAN_POINT('', (-0., 0., 274.));
#3072 = AXIS2_PLACEMENT_3D('', #3071, #3070, #3069);
#3073 = CIRCLE('', #3072, 2.);
#3074 = DIRECTION('', (-0.38268343, -0.92387953, 0.));
#3075 = DIRECTION('', (0.92387953, -0.38268343, 0.));
#3076 = CARTESIAN_POINT('', (0., -0., -274.));
#3077 = AXIS2_PLACEMENT_3D('', #3076, #3075, #3074);
#3078 = CIRCLE('', #3077, 2.);
#3079 = CARTESIAN_POINT('', (0.76536686, -1.84775907, -274.));
#3080 = CARTESIAN_POINT('', (-100.35896153, -43.73482737, -275.51996737));
#3081 = CARTESIAN_POINT('', (-253.78189179, -107.28468586, -109.45618432));
#3082 = CARTESIAN_POINT('', (-252.37762504, -106.70301953, -0.));
#3083 = CARTESIAN_POINT('', (-253.22904693, -107.05569002, 109.28414043));
#3084 = CARTESIAN_POINT('', (-140.64965112, -60.42377744, 234.60617519));
#3085 = CARTESIAN_POINT('', (-46.07684707, -21.25043937, 274.22565408));
#3086 = CARTESIAN_POINT('', (0.76536686, -1.84775907, 274.));
#3087 = (
  BOUNDED_CURVE()
  B_SPLINE_CURVE(2, (#3079, #3080, #3081, #3082, #3083, #3084, #3085, #3086), .UNSPECIFIED., .F., .F.)
  B_SPLINE_CURVE_WITH_KNOTS((3, 1, 2, 1, 1, 3), (-1., -0.75, -0.5, -0.25, -0.125, -0.), .UNSPECIFIED.)
  CURVE()
  GEOMETRIC_REPRESENTATION_ITEM()
  RATIONAL_B_SPLINE_CURVE((2., 1.85355339, 1.85355339, 2., 1.85355339, 1.85355339, 1.9267767, 2.))
  REPRESENTATION_ITEM('')
);
#3088 = DIRECTION('', (0.38268343, -0.92387953, 0.));
#3089 = DIRECTION('', (-0.92387953, -0.38268343, 0.));
#3090 = CARTESIAN_POINT('', (-0., -0., 274.));
#3091 = AXIS2_PLACEMENT_3D('', #3090, #3089, #3088);
#3092 = CIRCLE('', #3091, 2.);
#3093 = DIRECTION('', (0.38268343, -0.92387953, 0.));
#3094 = DIRECTION('', (0.92387953, 0.38268343, 0.));
#3095 = CARTESIAN_POINT('', (0., 0., -274.));
#3096 = AXIS2_PLACEMENT_3D('', #3095, #3094, #3093);
#3097 = CIRCLE('', #3096, 2.);
#3098 = CARTESIAN_POINT('', (1.84775907, -0.76536686, -274.));
#3099 = CARTESIAN_POINT('', (-40.03930924, -101.88969526, -275.51996737));
#3100 = CARTESIAN_POINT('', (-103.58916773, -255.31262552, -109.45618432));
#3101 = CARTESIAN_POINT('', (-103.0075014, -253.90835877, -0.));
#3102 = CARTESIAN_POINT('', (-103.36017189, -254.75978066, 109.28414043));
#3103 = CARTESIAN_POINT('', (-56.72825931, -142.18038485, 234.60617519));
#3104 = CARTESIAN_POINT('', (-17.55492124, -47.6075808, 274.22565408));
#3105 = CARTESIAN_POINT('', (1.84775907, -0.76536686, 274.));
#3106 = (
  BOUNDED_CURVE()
  B_SPLINE_CURVE(2, (#3098, #3099, #3100, #3101, #3102, #3103, #3104, #3105), .UNSPECIFIED., .F., .F.)
  B_SPLINE_CURVE_WITH_KNOTS((3, 1, 2, 1, 1, 3), (-1., -0.75, -0.5, -0.25, -0.125, -0.), .UNSPECIFIED.)
  CURVE()
  GEOMETRIC_REPRESENTATION_ITEM()
  RATIONAL_B_SPLINE_CURVE((2., 1.85355339, 1.85355339, 2., 1.85355339, 1.85355339, 1.9267767, 2.))
  REPRESENTATION_ITEM('')
);
#3107 = DIRECTION('', (0.92387953, -0.38268343, 0.));
#3108 = DIRECTION('', (-0.38268343, -0.92387953, 0.));
#3109 = CARTESIAN_POINT('', (-0., -0., 274.));
#3110 = AXIS2_PLACEMENT_3D('', #3109, #3108, #3107);
#3111 = CIRCLE('', #3110, 2.);
#3112 = DIRECTION('', (0.92387953, -0.38268343, 0.));
#3113 = DIRECTION('', (0.38268343, 0.92387953, 0.));
#3114 = CARTESIAN_POINT('', (0., 0., -274.));
#3115 = AXIS2_PLACEMENT_3D('', #3114, #3113, #3112);
#3116 = CIRCLE('', #3115, 2.);
#3117 = CARTESIAN_POINT('', (1.84775907, 0.76536686, -274.));
#3118 = CARTESIAN_POINT('', (43.73482737, -100.35896153, -275.51996737));
#3119 = CARTESIAN_POINT('', (107.28468586, -253.78189179, -109.45618432));
#3120 = CARTESIAN_POINT('', (106.70301953, -252.37762504, -0.));
#3121 = CARTESIAN_POINT('', (107.05569002, -253.22904693, 109.28414043));
#3122 = CARTESIAN_POINT('', (60.42377744, -140.64965112, 234.60617519));
#3123 = CARTESIAN_POINT('', (21.25043937, -46.07684707, 274.22565408));
#3124 = CARTESIAN_POINT('', (1.84775907, 0.76536686, 274.));
#3125 = (
  BOUNDED_CURVE()
  B_SPLINE_CURVE(2, (#3117, #3118, #3119, #3120, #3121, #3122, #3123, #3124), .UNSPECIFIED., .F., .F.)
  B_SPLINE_CURVE_WITH_KNOTS((3, 1, 2, 1, 1, 3), (-1., -0.75, -0.5, -0.25, -0.125, -0.), .UNSPECIFIED.)
  CURVE()
  GEOMETRIC_REPRESENTATION_ITEM()
  RATIONAL_B_SPLINE_CURVE((2., 1.85355339, 1.85355339, 2., 1.85355339, 1.85355339, 1.9267767, 2.))
  REPRESENTATION_ITEM('')
);
#3126 = DIRECTION('', (0.92387953, 0.38268343, 0.));
#3127 = DIRECTION('', (0.38268343, -0.92387953, 0.));
#3128 = CARTESIAN_POINT('', (0., -0., 274.));
#3129 = AXIS2_PLACEMENT_3D('', #3128, #3127, #3126);
#3130 = CIRCLE('', #3129, 2.);
#3131 = DIRECTION('', (0.92387953, 0.38268343, 0.));
#3132 = DIRECTION('', (-0.38268343, 0.92387953, 0.));
#3133 = CARTESIAN_POINT('', (-0., 0., -274.));
#3134 = AXIS2_PLACEMENT_3D('', #3133, #3132, #3131);
#3135 = CIRCLE('', #3134, 2.);
#3136 = CARTESIAN_POINT('', (0.76536686, 1.84775907, -274.));
#3137 = CARTESIAN_POINT('', (101.88969526, -40.03930924, -275.51996737));
#3138 = CARTESIAN_POINT('', (255.31262552, -103.58916773, -109.45618432));
#3139 = CARTESIAN_POINT('', (253.90835877, -103.0075014, -0.));
#3140 = CARTESIAN_POINT('', (254.75978066, -103.36017189, 109.28414043));
#3141 = CARTESIAN_POINT('', (142.18038485, -56.72825931, 234.60617519));
#3142 = CARTESIAN_POINT('', (47.6075808, -17.55492124, 274.22565408));
#3143 = CARTESIAN_POINT('', (0.76536686, 1.84775907, 274.));
#3144 = (
  BOUNDED_CURVE()
  B_SPLINE_CURVE(2, (#3136, #3137, #3138, #3139, #3140, #3141, #3142, #3143), .UNSPECIFIED., .F., .F.)
  B_SPLINE_CURVE_WITH_KNOTS((3, 1, 2, 1, 1, 3), (-1., -0.75, -0.5, -0.25, -0.125, -0.), .UNSPECIFIED.)
  CURVE()
  GEOMETRIC_REPRESENTATION_ITEM()
  RATIONAL_B_SPLINE_CURVE((2., 1.85355339, 1.85355339, 2., 1.85355339, 1.85355339, 1.9267767, 2.))
  REPRESENTATION_ITEM('')
);
#3145 = DIRECTION('', (0.38268343, 0.92387953, 0.));
#3146 = DIRECTION('', (0.92387953, -0.38268343, 0.));
#3147 = CARTESIAN_POINT('', (0., -0., 274.));
#3148 = AXIS2_PLACEMENT_3D('', #3147, #3146, #3145);
#3149 = CIRCLE('', #3148, 2.);
#3150 = DIRECTION('', (0.38268343, 0.92387953, 0.));
#3151 = DIRECTION('', (-0.92387953, 0.38268343, 0.));
#3152 = CARTESIAN_POINT('', (-0., 0., -274.));
#3153 = AXIS2_PLACEMENT_3D('', #3152, #3151, #3150);
#3154 = CIRCLE('', #3153, 2.);
#3155 = DIRECTION('', (1., 0., 0.));
#3156 = DIRECTION('', (0., -0., -1.));
#3157 = CARTESIAN_POINT('', (-0., -0., -0.));
#3158 = AXIS2_PLACEMENT_3D('', #3157, #3156, #3155);
#3159 = CIRCLE('', #3158, 272.5);
#3160 = DIRECTION('', (-1., -0., 0.));
#3161 = DIRECTION('', (-0., 1., 0.));
#3162 = CARTESIAN_POINT('', (274., 0., -0.));
#3163 = AXIS2_PLACEMENT_3D('', #3162, #3161, #3160);
#3164 = CIRCLE('', #3163, 1.5);
#3165 = DIRECTION('', (1., 0., 0.));
#3166 = DIRECTION('', (0., -0., -1.));
#3167 = CARTESIAN_POINT('', (-0., -0., -140.));
#3168 = AXIS2_PLACEMENT_3D('', #3167, #3166, #3165);
#3169 = CIRCLE('', #3168, 234.033437);
#3170 = DIRECTION('', (-1., -0., 0.));
#3171 = DIRECTION('', (-0., 1., 0.));
#3172 = CARTESIAN_POINT('', (235.533437, 0., -140.));
#3173 = AXIS2_PLACEMENT_3D('', #3172, #3171, #3170);
#3174 = CIRCLE('', #3173, 1.5);
#3175 = DIRECTION('', (-0.70710678, 0.70710678, 0.));
#3176 = VECTOR('', #3175, 1.);
#3177 = CARTESIAN_POINT('', (127.632774, 112.07642482, -14.));
#3178 = LINE('', #3177, #3176);
#3179 = DIRECTION('', (0., -0., 1.));
#3180 = VECTOR('', #3179, 1.);
#3181 = CARTESIAN_POINT('', (112.07642482, 127.632774, -14.));
#3182 = LINE('', #3181, #3180);
#3183 = DIRECTION('', (-0.70710678, 0.70710678, 0.));
#3184 = VECTOR('', #3183, 1.);
#3185 = CARTESIAN_POINT('', (127.632774, 112.07642482, 0.));
#3186 = LINE('', #3185, #3184);
#3187 = DIRECTION('', (0., -0., 1.));
#3188 = VECTOR('', #3187, 1.);
#3189 = CARTESIAN_POINT('', (127.632774, 112.07642482, -14.));
#3190 = LINE('', #3189, #3188);
#3191 = DIRECTION('', (-0.70710678, -0.70710678, 0.));
#3192 = VECTOR('', #3191, 1.);
#3193 = CARTESIAN_POINT('', (112.07642482, 127.632774, -14.));
#3194 = LINE('', #3193, #3192);
#3195 = DIRECTION('', (0., -0., 1.));
#3196 = VECTOR('', #3195, 1.);
#3197 = CARTESIAN_POINT('', (90.86322138, 106.41957057, -14.));
#3198 = LINE('', #3197, #3196);
#3199 = DIRECTION('', (-0.70710678, -0.70710678, 0.));
#3200 = VECTOR('', #3199, 1.);
#3201 = CARTESIAN_POINT('', (112.07642482, 127.632774, 0.));
#3202 = LINE('', #3201, #3200);
#3203 = DIRECTION('', (0.70710678, -0.70710678, 0.));
#3204 = VECTOR('', #3203, 1.);
#3205 = CARTESIAN_POINT('', (90.86322138, 106.41957057, -14.));
#3206 = LINE('', #3205, #3204);
#3207 = DIRECTION('', (0., -0., 1.));
#3208 = VECTOR('', #3207, 1.);
#3209 = CARTESIAN_POINT('', (106.41957057, 90.86322138, -14.));
#3210 = LINE('', #3209, #3208);
#3211 = DIRECTION('', (0.70710678, -0.70710678, 0.));
#3212 = VECTOR('', #3211, 1.);
#3213 = CARTESIAN_POINT('', (90.86322138, 106.41957057, 0.));
#3214 = LINE('', #3213, #3212);
#3215 = DIRECTION('', (0.70710678, 0.70710678, 0.));
#3216 = VECTOR('', #3215, 1.);
#3217 = CARTESIAN_POINT('', (106.41957057, 90.86322138, -14.));
#3218 = LINE('', #3217, #3216);
#3219 = DIRECTION('', (0.70710678, 0.70710678, 0.));
#3220 = VECTOR('', #3219, 1.);
#3221 = CARTESIAN_POINT('', (106.41957057, 90.86322138, 0.));
#3222 = LINE('', #3221, #3220);
#3223 = DIRECTION('', (-0.70710678, -0.70710678, 0.));
#3224 = VECTOR('', #3223, 1.);
#3225 = CARTESIAN_POINT('', (-112.07642482, 127.632774, -14.));
#3226 = LINE('', #3225, #3224);
#3227 = DIRECTION('', (0., -0., 1.));
#3228 = VECTOR('', #3227, 1.);
#3229 = CARTESIAN_POINT('', (-127.632774, 112.07642482, -14.));
#3230 = LINE('', #3229, #3228);
#3231 = DIRECTION('', (-0.70710678, -0.70710678, 0.));
#3232 = VECTOR('', #3231, 1.);
#3233 = CARTESIAN_POINT('', (-112.07642482, 127.632774, 0.));
#3234 = LINE('', #3233, #3232);
#3235 = DIRECTION('', (0., -0., 1.));
#3236 = VECTOR('', #3235, 1.);
#3237 = CARTESIAN_POINT('', (-112.07642482, 127.632774, -14.));
#3238 = LINE('', #3237, #3236);
#3239 = DIRECTION('', (0.70710678, -0.70710678, 0.));
#3240 = VECTOR('', #3239, 1.);
#3241 = CARTESIAN_POINT('', (-127.632774, 112.07642482, -14.));
#3242 = LINE('', #3241, #3240);
#3243 = DIRECTION('', (0., -0., 1.));
#3244 = VECTOR('', #3243, 1.);
#3245 = CARTESIAN_POINT('', (-106.41957057, 90.86322138, -14.));
#3246 = LINE('', #3245, #3244);
#3247 = DIRECTION('', (0.70710678, -0.70710678, 0.));
#3248 = VECTOR('', #3247, 1.);
#3249 = CARTESIAN_POINT('', (-127.632774, 112.07642482, 0.));
#3250 = LINE('', #3249, #3248);
#3251 = DIRECTION('', (0.70710678, 0.70710678, 0.));
#3252 = VECTOR('', #3251, 1.);
#3253 = CARTESIAN_POINT('', (-106.41957057, 90.86322138, -14.));
#3254 = LINE('', #3253, #3252);
#3255 = DIRECTION('', (0., -0., 1.));
#3256 = VECTOR('', #3255, 1.);
#3257 = CARTESIAN_POINT('', (-90.86322138, 106.41957057, -14.));
#3258 = LINE('', #3257, #3256);
#3259 = DIRECTION('', (0.70710678, 0.70710678, 0.));
#3260 = VECTOR('', #3259, 1.);
#3261 = CARTESIAN_POINT('', (-106.41957057, 90.86322138, 0.));
#3262 = LINE('', #3261, #3260);
#3263 = DIRECTION('', (-0.70710678, 0.70710678, 0.));
#3264 = VECTOR('', #3263, 1.);
#3265 = CARTESIAN_POINT('', (-90.86322138, 106.41957057, -14.));
#3266 = LINE('', #3265, #3264);
#3267 = DIRECTION('', (-0.70710678, 0.70710678, 0.));
#3268 = VECTOR('', #3267, 1.);
#3269 = CARTESIAN_POINT('', (-90.86322138, 106.41957057, 0.));
#3270 = LINE('', #3269, #3268);
#3271 = DIRECTION('', (0.70710678, -0.70710678, 0.));
#3272 = VECTOR('', #3271, 1.);
#3273 = CARTESIAN_POINT('', (-127.632774, -112.07642482, -14.));
#3274 = LINE('', #3273, #3272);
#3275 = DIRECTION('', (0., -0., 1.));
#3276 = VECTOR('', #3275, 1.);
#3277 = CARTESIAN_POINT('', (-112.07642482, -127.632774, -14.));
#3278 = LINE('', #3277, #3276);
#3279 = DIRECTION('', (0.70710678, -0.70710678, 0.));
#3280 = VECTOR('', #3279, 1.);
#3281 = CARTESIAN_POINT('', (-127.632774, -112.07642482, 0.));
#3282 = LINE('', #3281, #3280);
#3283 = DIRECTION('', (0., -0., 1.));
#3284 = VECTOR('', #3283, 1.);
#3285 = CARTESIAN_POINT('', (-127.632774, -112.07642482, -14.));
#3286 = LINE('', #3285, #3284);
#3287 = DIRECTION('', (0.70710678, 0.70710678, 0.));
#3288 = VECTOR('', #3287, 1.);
#3289 = CARTESIAN_POINT('', (-112.07642482, -127.632774, -14.));
#3290 = LINE('', #3289, #3288);
#3291 = DIRECTION('', (0., -0., 1.));
#3292 = VECTOR('', #3291, 1.);
#3293 = CARTESIAN_POINT('', (-90.86322138, -106.41957057, -14.));
#3294 = LINE('', #3293, #3292);
#3295 = DIRECTION('', (0.70710678, 0.70710678, 0.));
#3296 = VECTOR('', #3295, 1.);
#3297 = CARTESIAN_POINT('', (-112.07642482, -127.632774, 0.));
#3298 = LINE('', #3297, #3296);
#3299 = DIRECTION('', (-0.70710678, 0.70710678, 0.));
#3300 = VECTOR('', #3299, 1.);
#3301 = CARTESIAN_POINT('', (-90.86322138, -106.41957057, -14.));
#3302 = LINE('', #3301, #3300);
#3303 = DIRECTION('', (0., -0., 1.));
#3304 = VECTOR('', #3303, 1.);
#3305 = CARTESIAN_POINT('', (-106.41957057, -90.86322138, -14.));
#3306 = LINE('', #3305, #3304);
#3307 = DIRECTION('', (-0.70710678, 0.70710678, 0.));
#3308 = VECTOR('', #3307, 1.);
#3309 = CARTESIAN_POINT('', (-90.86322138, -106.41957057, 0.));
#3310 = LINE('', #3309, #3308);
#3311 = DIRECTION('', (-0.70710678, -0.70710678, 0.));
#3312 = VECTOR('', #3311, 1.);
#3313 = CARTESIAN_POINT('', (-106.41957057, -90.86322138, -14.));
#3314 = LINE('', #3313, #3312);
#3315 = DIRECTION('', (-0.70710678, -0.70710678, 0.));
#3316 = VECTOR('', #3315, 1.);
#3317 = CARTESIAN_POINT('', (-106.41957057, -90.86322138, 0.));
#3318 = LINE('', #3317, #3316);
#3319 = DIRECTION('', (0.70710678, 0.70710678, 0.));
#3320 = VECTOR('', #3319, 1.);
#3321 = CARTESIAN_POINT('', (112.07642482, -127.632774, -14.));
#3322 = LINE('', #3321, #3320);
#3323 = DIRECTION('', (0., -0., 1.));
#3324 = VECTOR('', #3323, 1.);
#3325 = CARTESIAN_POINT('', (127.632774, -112.07642482, -14.));
#3326 = LINE('', #3325, #3324);
#3327 = DIRECTION('', (0.70710678, 0.70710678, 0.));
#3328 = VECTOR('', #3327, 1.);
#3329 = CARTESIAN_POINT('', (112.07642482, -127.632774, 0.));
#3330 = LINE('', #3329, #3328);
#3331 = DIRECTION('', (0., -0., 1.));
#3332 = VECTOR('', #3331, 1.);
#3333 = CARTESIAN_POINT('', (112.07642482, -127.632774, -14.));
#3334 = LINE('', #3333, #3332);
#3335 = DIRECTION('', (-0.70710678, 0.70710678, 0.));
#3336 = VECTOR('', #3335, 1.);
#3337 = CARTESIAN_POINT('', (127.632774, -112.07642482, -14.));
#3338 = LINE('', #3337, #3336);
#3339 = DIRECTION('', (0., -0., 1.));
#3340 = VECTOR('', #3339, 1.);
#3341 = CARTESIAN_POINT('', (106.41957057, -90.86322138, -14.));
#3342 = LINE('', #3341, #3340);
#3343 = DIRECTION('', (-0.70710678, 0.70710678, 0.));
#3344 = VECTOR('', #3343, 1.);
#3345 = CARTESIAN_POINT('', (127.632774, -112.07642482, 0.));
#3346 = LINE('', #3345, #3344);
#3347 = DIRECTION('', (-0.70710678, -0.70710678, 0.));
#3348 = VECTOR('', #3347, 1.);
#3349 = CARTESIAN_POINT('', (106.41957057, -90.86322138, -14.));
#3350 = LINE('', #3349, #3348);
#3351 = DIRECTION('', (0., -0., 1.));
#3352 = VECTOR('', #3351, 1.);
#3353 = CARTESIAN_POINT('', (90.86322138, -106.41957057, -14.));
#3354 = LINE('', #3353, #3352);
#3355 = DIRECTION('', (-0.70710678, -0.70710678, 0.));
#3356 = VECTOR('', #3355, 1.);
#3357 = CARTESIAN_POINT('', (106.41957057, -90.86322138, 0.));
#3358 = LINE('', #3357, #3356);
#3359 = DIRECTION('', (0.70710678, -0.70710678, 0.));
#3360 = VECTOR('', #3359, 1.);
#3361 = CARTESIAN_POINT('', (90.86322138, -106.41957057, -14.));
#3362 = LINE('', #3361, #3360);
#3363 = DIRECTION('', (0.70710678, -0.70710678, 0.));
#3364 = VECTOR('', #3363, 1.);
#3365 = CARTESIAN_POINT('', (90.86322138, -106.41957057, 0.));
#3366 = LINE('', #3365, #3364);
#3367 = DIRECTION('', (0., -0., 1.));
#3368 = VECTOR('', #3367, 1.);
#3369 = CARTESIAN_POINT('', (-82.5, 32.5, -65.5));
#3370 = LINE('', #3369, #3368);
#3371 = DIRECTION('', (1., -0., 0.));
#3372 = VECTOR('', #3371, 1.);
#3373 = CARTESIAN_POINT('', (-82.5, 32.5, -55.5));
#3374 = LINE('', #3373, #3372);
#3375 = DIRECTION('', (0., -0., 1.));
#3376 = VECTOR('', #3375, 1.);
#3377 = CARTESIAN_POINT('', (82.5, 32.5, -65.5));
#3378 = LINE('', #3377, #3376);
#3379 = DIRECTION('', (1., -0., 0.));
#3380 = VECTOR('', #3379, 1.);
#3381 = CARTESIAN_POINT('', (-82.5, 32.5, -65.5));
#3382 = LINE('', #3381, #3380);
#3383 = DIRECTION('', (0., -1., 0.));
#3384 = VECTOR('', #3383, 1.);
#3385 = CARTESIAN_POINT('', (-82.5, 32.5, -55.5));
#3386 = LINE('', #3385, #3384);
#3387 = DIRECTION('', (1., -0., 0.));
#3388 = VECTOR('', #3387, 1.);
#3389 = CARTESIAN_POINT('', (-82.5, 28.5, -55.5));
#3390 = LINE('', #3389, #3388);
#3391 = DIRECTION('', (0., -1., 0.));
#3392 = VECTOR('', #3391, 1.);
#3393 = CARTESIAN_POINT('', (82.5, 32.5, -55.5));
#3394 = LINE('', #3393, #3392);
#3395 = DIRECTION('', (0., -0., -1.));
#3396 = VECTOR('', #3395, 1.);
#3397 = CARTESIAN_POINT('', (-82.5, 28.5, -55.5));
#3398 = LINE('', #3397, #3396);
#3399 = DIRECTION('', (1., -0., 0.));
#3400 = VECTOR('', #3399, 1.);
#3401 = CARTESIAN_POINT('', (-82.5, 28.5, -62.5));
#3402 = LINE('', #3401, #3400);
#3403 = DIRECTION('', (0., -0., -1.));
#3404 = VECTOR('', #3403, 1.);
#3405 = CARTESIAN_POINT('', (82.5, 28.5, -55.5));
#3406 = LINE('', #3405, #3404);
#3407 = DIRECTION('', (0., -1., 0.));
#3408 = VECTOR('', #3407, 1.);
#3409 = CARTESIAN_POINT('', (-82.5, 28.5, -62.5));
#3410 = LINE('', #3409, #3408);
#3411 = DIRECTION('', (1., -0., 0.));
#3412 = VECTOR('', #3411, 1.);
#3413 = CARTESIAN_POINT('', (-82.5, -28.5, -62.5));
#3414 = LINE('', #3413, #3412);
#3415 = DIRECTION('', (0., -1., 0.));
#3416 = VECTOR('', #3415, 1.);
#3417 = CARTESIAN_POINT('', (82.5, 28.5, -62.5));
#3418 = LINE('', #3417, #3416);
#3419 = DIRECTION('', (0., -0., 1.));
#3420 = VECTOR('', #3419, 1.);
#3421 = CARTESIAN_POINT('', (-82.5, -28.5, -62.5));
#3422 = LINE('', #3421, #3420);
#3423 = DIRECTION('', (1., -0., 0.));
#3424 = VECTOR('', #3423, 1.);
#3425 = CARTESIAN_POINT('', (-82.5, -28.5, -55.5));
#3426 = LINE('', #3425, #3424);
#3427 = DIRECTION('', (0., -0., 1.));
#3428 = VECTOR('', #3427, 1.);
#3429 = CARTESIAN_POINT('', (82.5, -28.5, -62.5));
#3430 = LINE('', #3429, #3428);
#3431 = DIRECTION('', (0., -1., 0.));
#3432 = VECTOR('', #3431, 1.);
#3433 = CARTESIAN_POINT('', (-82.5, -28.5, -55.5));
#3434 = LINE('', #3433, #3432);
#3435 = DIRECTION('', (1., -0., 0.));
#3436 = VECTOR('', #3435, 1.);
#3437 = CARTESIAN_POINT('', (-82.5, -32.5, -55.5));
#3438 = LINE('', #3437, #3436);
#3439 = DIRECTION('', (0., -1., 0.));
#3440 = VECTOR('', #3439, 1.);
#3441 = CARTESIAN_POINT('', (82.5, -28.5, -55.5));
#3442 = LINE('', #3441, #3440);
#3443 = DIRECTION('', (0., -0., -1.));
#3444 = VECTOR('', #3443, 1.);
#3445 = CARTESIAN_POINT('', (-82.5, -32.5, -55.5));
#3446 = LINE('', #3445, #3444);
#3447 = DIRECTION('', (1., -0., 0.));
#3448 = VECTOR('', #3447, 1.);
#3449 = CARTESIAN_POINT('', (-82.5, -32.5, -65.5));
#3450 = LINE('', #3449, #3448);
#3451 = DIRECTION('', (0., -0., -1.));
#3452 = VECTOR('', #3451, 1.);
#3453 = CARTESIAN_POINT('', (82.5, -32.5, -55.5));
#3454 = LINE('', #3453, #3452);
#3455 = DIRECTION('', (0., 1., 0.));
#3456 = VECTOR('', #3455, 1.);
#3457 = CARTESIAN_POINT('', (-82.5, -32.5, -65.5));
#3458 = LINE('', #3457, #3456);
#3459 = DIRECTION('', (0., 1., 0.));
#3460 = VECTOR('', #3459, 1.);
#3461 = CARTESIAN_POINT('', (82.5, -32.5, -65.5));
#3462 = LINE('', #3461, #3460);
#3463 = DIRECTION('', (1., 0., 0.));
#3464 = DIRECTION('', (0., -0., 1.));
#3465 = CARTESIAN_POINT('', (-70., -28., -65.));
#3466 = AXIS2_PLACEMENT_3D('', #3465, #3464, #3463);
#3467 = CIRCLE('', #3466, 4.);
#3468 = DIRECTION('', (0., -0., 1.));
#3469 = VECTOR('', #3468, 1.);
#3470 = CARTESIAN_POINT('', (-66., -28., -65.));
#3471 = LINE('', #3470, #3469);
#3472 = DIRECTION('', (1., 0., 0.));
#3473 = DIRECTION('', (0., -0., 1.));
#3474 = CARTESIAN_POINT('', (-70., -28., -2.));
#3475 = AXIS2_PLACEMENT_3D('', #3474, #3473, #3472);
#3476 = CIRCLE('', #3475, 4.);
#3477 = DIRECTION('', (0., 1., 0.));
#3478 = VECTOR('', #3477, 1.);
#3479 = CARTESIAN_POINT('', (77.5, -27.5, -62.5));
#3480 = LINE('', #3479, #3478);
#3481 = DIRECTION('', (0., -0., 1.));
#3482 = VECTOR('', #3481, 1.);
#3483 = CARTESIAN_POINT('', (77.5, 27.5, -62.5));
#3484 = LINE('', #3483, #3482);
#3485 = DIRECTION('', (0., 1., 0.));
#3486 = VECTOR('', #3485, 1.);
#3487 = CARTESIAN_POINT('', (77.5, -27.5, -7.5));
#3488 = LINE('', #3487, #3486);
#3489 = DIRECTION('', (0., -0., 1.));
#3490 = VECTOR('', #3489, 1.);
#3491 = CARTESIAN_POINT('', (77.5, -27.5, -62.5));
#3492 = LINE('', #3491, #3490);
#3493 = DIRECTION('', (-1., -0., 0.));
#3494 = VECTOR('', #3493, 1.);
#3495 = CARTESIAN_POINT('', (77.5, 27.5, -62.5));
#3496 = LINE('', #3495, #3494);
#3497 = DIRECTION('', (0., -0., 1.));
#3498 = VECTOR('', #3497, 1.);
#3499 = CARTESIAN_POINT('', (-77.5, 27.5, -62.5));
#3500 = LINE('', #3499, #3498);
#3501 = DIRECTION('', (-1., -0., 0.));
#3502 = VECTOR('', #3501, 1.);
#3503 = CARTESIAN_POINT('', (77.5, 27.5, -7.5));
#3504 = LINE('', #3503, #3502);
#3505 = DIRECTION('', (0., -1., 0.));
#3506 = VECTOR('', #3505, 1.);
#3507 = CARTESIAN_POINT('', (-77.5, 27.5, -62.5));
#3508 = LINE('', #3507, #3506);
#3509 = DIRECTION('', (0., -0., 1.));
#3510 = VECTOR('', #3509, 1.);
#3511 = CARTESIAN_POINT('', (-77.5, -27.5, -62.5));
#3512 = LINE('', #3511, #3510);
#3513 = DIRECTION('', (0., -1., 0.));
#3514 = VECTOR('', #3513, 1.);
#3515 = CARTESIAN_POINT('', (-77.5, 27.5, -7.5));
#3516 = LINE('', #3515, #3514);
#3517 = DIRECTION('', (1., -0., 0.));
#3518 = VECTOR('', #3517, 1.);
#3519 = CARTESIAN_POINT('', (-77.5, -27.5, -62.5));
#3520 = LINE('', #3519, #3518);
#3521 = DIRECTION('', (1., -0., 0.));
#3522 = VECTOR('', #3521, 1.);
#3523 = CARTESIAN_POINT('', (-77.5, -27.5, -7.5));
#3524 = LINE('', #3523, #3522);
#3525 = DIRECTION('', (-0.70710678, 0.70710678, 0.));
#3526 = VECTOR('', #3525, 1.);
#3527 = CARTESIAN_POINT('', (116.31906551, 102.17692988, -2.5));
#3528 = LINE('', #3527, #3526);
#3529 = DIRECTION('', (0., -0., 1.));
#3530 = VECTOR('', #3529, 1.);
#3531 = CARTESIAN_POINT('', (102.17692988, 116.31906551, -2.5));
#3532 = LINE('', #3531, #3530);
#3533 = DIRECTION('', (-0.70710678, 0.70710678, 0.));
#3534 = VECTOR('', #3533, 1.);
#3535 = CARTESIAN_POINT('', (116.31906551, 102.17692988, 2.5));
#3536 = LINE('', #3535, #3534);
#3537 = DIRECTION('', (0., -0., 1.));
#3538 = VECTOR('', #3537, 1.);
#3539 = CARTESIAN_POINT('', (116.31906551, 102.17692988, -2.5));
#3540 = LINE('', #3539, #3538);
#3541 = DIRECTION('', (-0.70710678, -0.70710678, 0.));
#3542 = VECTOR('', #3541, 1.);
#3543 = CARTESIAN_POINT('', (102.17692988, 116.31906551, -2.5));
#3544 = LINE('', #3543, #3542);
#3545 = DIRECTION('', (0., -0., 1.));
#3546 = VECTOR('', #3545, 1.);
#3547 = CARTESIAN_POINT('', (-7.07106781, 7.07106781, -2.5));
#3548 = LINE('', #3547, #3546);
#3549 = DIRECTION('', (-0.70710678, -0.70710678, 0.));
#3550 = VECTOR('', #3549, 1.);
#3551 = CARTESIAN_POINT('', (102.17692988, 116.31906551, 2.5));
#3552 = LINE('', #3551, #3550);
#3553 = DIRECTION('', (0.70710678, -0.70710678, 0.));
#3554 = VECTOR('', #3553, 1.);
#3555 = CARTESIAN_POINT('', (-7.07106781, 7.07106781, -2.5));
#3556 = LINE('', #3555, #3554);
#3557 = DIRECTION('', (0., -0., 1.));
#3558 = VECTOR('', #3557, 1.);
#3559 = CARTESIAN_POINT('', (7.07106781, -7.07106781, -2.5));
#3560 = LINE('', #3559, #3558);
#3561 = DIRECTION('', (0.70710678, -0.70710678, 0.));
#3562 = VECTOR('', #3561, 1.);
#3563 = CARTESIAN_POINT('', (-7.07106781, 7.07106781, 2.5));
#3564 = LINE('', #3563, #3562);
#3565 = DIRECTION('', (0.70710678, 0.70710678, 0.));
#3566 = VECTOR('', #3565, 1.);
#3567 = CARTESIAN_POINT('', (7.07106781, -7.07106781, -2.5));
#3568 = LINE('', #3567, #3566);
#3569 = DIRECTION('', (0.70710678, 0.70710678, 0.));
#3570 = VECTOR('', #3569, 1.);
#3571 = CARTESIAN_POINT('', (7.07106781, -7.07106781, 2.5));
#3572 = LINE('', #3571, #3570);
#3573 = DIRECTION('', (-0.70710678, -0.70710678, 0.));
#3574 = VECTOR('', #3573, 1.);
#3575 = CARTESIAN_POINT('', (-102.17692988, 116.31906551, -2.5));
#3576 = LINE('', #3575, #3574);
#3577 = DIRECTION('', (0., -0., 1.));
#3578 = VECTOR('', #3577, 1.);
#3579 = CARTESIAN_POINT('', (-116.31906551, 102.17692988, -2.5));
#3580 = LINE('', #3579, #3578);
#3581 = DIRECTION('', (-0.70710678, -0.70710678, 0.));
#3582 = VECTOR('', #3581, 1.);
#3583 = CARTESIAN_POINT('', (-102.17692988, 116.31906551, 2.5));
#3584 = LINE('', #3583, #3582);
#3585 = DIRECTION('', (0., -0., 1.));
#3586 = VECTOR('', #3585, 1.);
#3587 = CARTESIAN_POINT('', (-102.17692988, 116.31906551, -2.5));
#3588 = LINE('', #3587, #3586);
#3589 = DIRECTION('', (0.70710678, -0.70710678, 0.));
#3590 = VECTOR('', #3589, 1.);
#3591 = CARTESIAN_POINT('', (-116.31906551, 102.17692988, -2.5));
#3592 = LINE('', #3591, #3590);
#3593 = DIRECTION('', (0., -0., 1.));
#3594 = VECTOR('', #3593, 1.);
#3595 = CARTESIAN_POINT('', (-7.07106781, -7.07106781, -2.5));
#3596 = LINE('', #3595, #3594);
#3597 = DIRECTION('', (0.70710678, -0.70710678, 0.));
#3598 = VECTOR('', #3597, 1.);
#3599 = CARTESIAN_POINT('', (-116.31906551, 102.17692988, 2.5));
#3600 = LINE('', #3599, #3598);
#3601 = DIRECTION('', (0.70710678, 0.70710678, 0.));
#3602 = VECTOR('', #3601, 1.);
#3603 = CARTESIAN_POINT('', (-7.07106781, -7.07106781, -2.5));
#3604 = LINE('', #3603, #3602);
#3605 = DIRECTION('', (0., -0., 1.));
#3606 = VECTOR('', #3605, 1.);
#3607 = CARTESIAN_POINT('', (7.07106781, 7.07106781, -2.5));
#3608 = LINE('', #3607, #3606);
#3609 = DIRECTION('', (0.70710678, 0.70710678, 0.));
#3610 = VECTOR('', #3609, 1.);
#3611 = CARTESIAN_POINT('', (-7.07106781, -7.07106781, 2.5));
#3612 = LINE('', #3611, #3610);
#3613 = DIRECTION('', (-0.70710678, 0.70710678, 0.));
#3614 = VECTOR('', #3613, 1.);
#3615 = CARTESIAN_POINT('', (7.07106781, 7.07106781, -2.5));
#3616 = LINE('', #3615, #3614);
#3617 = DIRECTION('', (-0.70710678, 0.70710678, 0.));
#3618 = VECTOR('', #3617, 1.);
#3619 = CARTESIAN_POINT('', (7.07106781, 7.07106781, 2.5));
#3620 = LINE('', #3619, #3618);
#3621 = DIRECTION('', (0.70710678, -0.70710678, 0.));
#3622 = VECTOR('', #3621, 1.);
#3623 = CARTESIAN_POINT('', (-116.31906551, -102.17692988, -2.5));
#3624 = LINE('', #3623, #3622);
#3625 = DIRECTION('', (0., -0., 1.));
#3626 = VECTOR('', #3625, 1.);
#3627 = CARTESIAN_POINT('', (-102.17692988, -116.31906551, -2.5));
#3628 = LINE('', #3627, #3626);
#3629 = DIRECTION('', (0.70710678, -0.70710678, 0.));
#3630 = VECTOR('', #3629, 1.);
#3631 = CARTESIAN_POINT('', (-116.31906551, -102.17692988, 2.5));
#3632 = LINE('', #3631, #3630);
#3633 = DIRECTION('', (0., -0., 1.));
#3634 = VECTOR('', #3633, 1.);
#3635 = CARTESIAN_POINT('', (-116.31906551, -102.17692988, -2.5));
#3636 = LINE('', #3635, #3634);
#3637 = DIRECTION('', (0.70710678, 0.70710678, 0.));
#3638 = VECTOR('', #3637, 1.);
#3639 = CARTESIAN_POINT('', (-102.17692988, -116.31906551, -2.5));
#3640 = LINE('', #3639, #3638);
#3641 = DIRECTION('', (0., -0., 1.));
#3642 = VECTOR('', #3641, 1.);
#3643 = CARTESIAN_POINT('', (7.07106781, -7.07106781, -2.5));
#3644 = LINE('', #3643, #3642);
#3645 = DIRECTION('', (0.70710678, 0.70710678, 0.));
#3646 = VECTOR('', #3645, 1.);
#3647 = CARTESIAN_POINT('', (-102.17692988, -116.31906551, 2.5));
#3648 = LINE('', #3647, #3646);
#3649 = DIRECTION('', (-0.70710678, 0.70710678, 0.));
#3650 = VECTOR('', #3649, 1.);
#3651 = CARTESIAN_POINT('', (7.07106781, -7.07106781, -2.5));
#3652 = LINE('', #3651, #3650);
#3653 = DIRECTION('', (0., -0., 1.));
#3654 = VECTOR('', #3653, 1.);
#3655 = CARTESIAN_POINT('', (-7.07106781, 7.07106781, -2.5));
#3656 = LINE('', #3655, #3654);
#3657 = DIRECTION('', (-0.70710678, 0.70710678, 0.));
#3658 = VECTOR('', #3657, 1.);
#3659 = CARTESIAN_POINT('', (7.07106781, -7.07106781, 2.5));
#3660 = LINE('', #3659, #3658);
#3661 = DIRECTION('', (-0.70710678, -0.70710678, 0.));
#3662 = VECTOR('', #3661, 1.);
#3663 = CARTESIAN_POINT('', (-7.07106781, 7.07106781, -2.5));
#3664 = LINE('', #3663, #3662);
#3665 = DIRECTION('', (-0.70710678, -0.70710678, 0.));
#3666 = VECTOR('', #3665, 1.);
#3667 = CARTESIAN_POINT('', (-7.07106781, 7.07106781, 2.5));
#3668 = LINE('', #3667, #3666);
#3669 = DIRECTION('', (0.70710678, 0.70710678, 0.));
#3670 = VECTOR('', #3669, 1.);
#3671 = CARTESIAN_POINT('', (102.17692988, -116.31906551, -2.5));
#3672 = LINE('', #3671, #3670);
#3673 = DIRECTION('', (0., -0., 1.));
#3674 = VECTOR('', #3673, 1.);
#3675 = CARTESIAN_POINT('', (116.31906551, -102.17692988, -2.5));
#3676 = LINE('', #3675, #3674);
#3677 = DIRECTION('', (0.70710678, 0.70710678, 0.));
#3678 = VECTOR('', #3677, 1.);
#3679 = CARTESIAN_POINT('', (102.17692988, -116.31906551, 2.5));
#3680 = LINE('', #3679, #3678);
#3681 = DIRECTION('', (0., -0., 1.));
#3682 = VECTOR('', #3681, 1.);
#3683 = CARTESIAN_POINT('', (102.17692988, -116.31906551, -2.5));
#3684 = LINE('', #3683, #3682);
#3685 = DIRECTION('', (-0.70710678, 0.70710678, 0.));
#3686 = VECTOR('', #3685, 1.);
#3687 = CARTESIAN_POINT('', (116.31906551, -102.17692988, -2.5));
#3688 = LINE('', #3687, #3686);
#3689 = DIRECTION('', (0., -0., 1.));
#3690 = VECTOR('', #3689, 1.);
#3691 = CARTESIAN_POINT('', (7.07106781, 7.07106781, -2.5));
#3692 = LINE('', #3691, #3690);
#3693 = DIRECTION('', (-0.70710678, 0.70710678, 0.));
#3694 = VECTOR('', #3693, 1.);
#3695 = CARTESIAN_POINT('', (116.31906551, -102.17692988, 2.5));
#3696 = LINE('', #3695, #3694);
#3697 = DIRECTION('', (-0.70710678, -0.70710678, 0.));
#3698 = VECTOR('', #3697, 1.);
#3699 = CARTESIAN_POINT('', (7.07106781, 7.07106781, -2.5));
#3700 = LINE('', #3699, #3698);
#3701 = DIRECTION('', (0., -0., 1.));
#3702 = VECTOR('', #3701, 1.);
#3703 = CARTESIAN_POINT('', (-7.07106781, -7.07106781, -2.5));
#3704 = LINE('', #3703, #3702);
#3705 = DIRECTION('', (-0.70710678, -0.70710678, 0.));
#3706 = VECTOR('', #3705, 1.);
#3707 = CARTESIAN_POINT('', (7.07106781, 7.07106781, 2.5));
#3708 = LINE('', #3707, #3706);
#3709 = DIRECTION('', (0.70710678, -0.70710678, 0.));
#3710 = VECTOR('', #3709, 1.);
#3711 = CARTESIAN_POINT('', (-7.07106781, -7.07106781, -2.5));
#3712 = LINE('', #3711, #3710);
#3713 = DIRECTION('', (0.70710678, -0.70710678, 0.));
#3714 = VECTOR('', #3713, 1.);
#3715 = CARTESIAN_POINT('', (-7.07106781, -7.07106781, 2.5));
#3716 = LINE('', #3715, #3714);
#3717 = DIRECTION('', (0., -0., 1.));
#3718 = VECTOR('', #3717, 1.);
#3719 = CARTESIAN_POINT('', (106., -43., 3.));
#3720 = LINE('', #3719, #3718);
#3721 = DIRECTION('', (1., -0., 0.));
#3722 = VECTOR('', #3721, 1.);
#3723 = CARTESIAN_POINT('', (106., -43., 27.));
#3724 = LINE('', #3723, #3722);
#3725 = DIRECTION('', (0., -0., 1.));
#3726 = VECTOR('', #3725, 1.);
#3727 = CARTESIAN_POINT('', (114., -43., 3.));
#3728 = LINE('', #3727, #3726);
#3729 = DIRECTION('', (1., -0., 0.));
#3730 = VECTOR('', #3729, 1.);
#3731 = CARTESIAN_POINT('', (106., -43., 3.));
#3732 = LINE('', #3731, #3730);
#3733 = DIRECTION('', (0., -1., 0.));
#3734 = VECTOR('', #3733, 1.);
#3735 = CARTESIAN_POINT('', (106., -43., 27.));
#3736 = LINE('', #3735, #3734);
#3737 = DIRECTION('', (1., -0., 0.));
#3738 = VECTOR('', #3737, 1.);
#3739 = CARTESIAN_POINT('', (106., -73., 27.));
#3740 = LINE('', #3739, #3738);
#3741 = DIRECTION('', (0., -1., 0.));
#3742 = VECTOR('', #3741, 1.);
#3743 = CARTESIAN_POINT('', (114., -43., 27.));
#3744 = LINE('', #3743, #3742);
#3745 = DIRECTION('', (0., -0., -1.));
#3746 = VECTOR('', #3745, 1.);
#3747 = CARTESIAN_POINT('', (106., -73., 27.));
#3748 = LINE('', #3747, #3746);
#3749 = DIRECTION('', (1., -0., 0.));
#3750 = VECTOR('', #3749, 1.);
#3751 = CARTESIAN_POINT('', (106., -73., 3.));
#3752 = LINE('', #3751, #3750);
#3753 = DIRECTION('', (0., -0., -1.));
#3754 = VECTOR('', #3753, 1.);
#3755 = CARTESIAN_POINT('', (114., -73., 27.));
#3756 = LINE('', #3755, #3754);
#3757 = DIRECTION('', (0., 1., 0.));
#3758 = VECTOR('', #3757, 1.);
#3759 = CARTESIAN_POINT('', (106., -73., 3.));
#3760 = LINE('', #3759, #3758);
#3761 = DIRECTION('', (0., 1., 0.));
#3762 = VECTOR('', #3761, 1.);
#3763 = CARTESIAN_POINT('', (114., -73., 3.));
#3764 = LINE('', #3763, #3762);
#3765 = DIRECTION('', (0., 1., -0.));
#3766 = DIRECTION('', (1., -0., -0.));
#3767 = CARTESIAN_POINT('', (106., -58., 15.));
#3768 = AXIS2_PLACEMENT_3D('', #3767, #3766, #3765);
#3769 = CIRCLE('', #3768, 9.);
#3770 = DIRECTION('', (0., 1., -0.));
#3771 = DIRECTION('', (-1., 0., -0.));
#3772 = CARTESIAN_POINT('', (106., -58., 15.));
#3773 = AXIS2_PLACEMENT_3D('', #3772, #3771, #3770);
#3774 = CIRCLE('', #3773, 9.);
#3775 = DIRECTION('', (-0., 1., 0.));
#3776 = DIRECTION('', (1., 0., 0.));
#3777 = CARTESIAN_POINT('', (114., -58., 15.));
#3778 = AXIS2_PLACEMENT_3D('', #3777, #3776, #3775);
#3779 = CIRCLE('', #3778, 9.);
#3780 = DIRECTION('', (0., 1., -0.));
#3781 = DIRECTION('', (-1., 0., -0.));
#3782 = CARTESIAN_POINT('', (114., -58., 15.));
#3783 = AXIS2_PLACEMENT_3D('', #3782, #3781, #3780);
#3784 = CIRCLE('', #3783, 9.);
#3785 = DIRECTION('', (0., 0.00000008, -1.));
#3786 = DIRECTION('', (-1., -0., -0.));
#3787 = CARTESIAN_POINT('', (106., -58., 15.));
#3788 = AXIS2_PLACEMENT_3D('', #3787, #3786, #3785);
#3789 = CIRCLE('', #3788, 9.);
#3790 = DIRECTION('', (-0., -0.00000008, 1.));
#3791 = DIRECTION('', (1., -0., 0.));
#3792 = CARTESIAN_POINT('', (106., -58., 15.));
#3793 = AXIS2_PLACEMENT_3D('', #3792, #3791, #3790);
#3794 = CIRCLE('', #3793, 9.);
#3795 = DIRECTION('', (0., -0.00000008, -1.));
#3796 = DIRECTION('', (-1., -0., 0.));
#3797 = CARTESIAN_POINT('', (114., -58., 15.));
#3798 = AXIS2_PLACEMENT_3D('', #3797, #3796, #3795);
#3799 = CIRCLE('', #3798, 9.);
#3800 = DIRECTION('', (0., 0.00000008, 1.));
#3801 = DIRECTION('', (1., -0., -0.));
#3802 = CARTESIAN_POINT('', (114., -58., 15.));
#3803 = AXIS2_PLACEMENT_3D('', #3802, #3801, #3800);
#3804 = CIRCLE('', #3803, 9.);
#3805 = DIRECTION('', (1., -0., 0.));
#3806 = VECTOR('', #3805, 1.);
#3807 = CARTESIAN_POINT('', (106., -67., 15.));
#3808 = LINE('', #3807, #3806);
#3809 = DIRECTION('', (1., -0., 0.));
#3810 = VECTOR('', #3809, 1.);
#3811 = CARTESIAN_POINT('', (106., -49., 15.));
#3812 = LINE('', #3811, #3810);
#3813 = DIRECTION('', (1., -0., 0.));
#3814 = DIRECTION('', (-0., -0., 1.));
#3815 = CARTESIAN_POINT('', (45., -45., 92.));
#3816 = AXIS2_PLACEMENT_3D('', #3815, #3814, #3813);
#3817 = CIRCLE('', #3816, 35.);
#3818 = DIRECTION('', (0., -0., 1.));
#3819 = VECTOR('', #3818, 1.);
#3820 = CARTESIAN_POINT('', (80., -45., 92.));
#3821 = LINE('', #3820, #3819);
#3822 = DIRECTION('', (1., -0., 0.));
#3823 = DIRECTION('', (-0., -0., 1.));
#3824 = CARTESIAN_POINT('', (45., -45., 110.));
#3825 = AXIS2_PLACEMENT_3D('', #3824, #3823, #3822);
#3826 = CIRCLE('', #3825, 35.);
#3827 = DIRECTION('', (-1., 0., 0.));
#3828 = DIRECTION('', (0., -0., 1.));
#3829 = CARTESIAN_POINT('', (45., -45., 92.));
#3830 = AXIS2_PLACEMENT_3D('', #3829, #3828, #3827);
#3831 = CIRCLE('', #3830, 35.);
#3832 = DIRECTION('', (-1., 0., 0.));
#3833 = DIRECTION('', (0., -0., 1.));
#3834 = CARTESIAN_POINT('', (45., -45., 110.));
#3835 = AXIS2_PLACEMENT_3D('', #3834, #3833, #3832);
#3836 = CIRCLE('', #3835, 35.);
#3837 = DIRECTION('', (0., -0., 1.));
#3838 = VECTOR('', #3837, 1.);
#3839 = CARTESIAN_POINT('', (10., -45., 92.));
#3840 = LINE('', #3839, #3838);
#3841 = DIRECTION('', (1., 0., 0.));
#3842 = DIRECTION('', (0., -0., 1.));
#3843 = CARTESIAN_POINT('', (45., -45., 110.));
#3844 = AXIS2_PLACEMENT_3D('', #3843, #3842, #3841);
#3845 = CIRCLE('', #3844, 28.);
#3846 = DIRECTION('', (0., -0., 1.));
#3847 = VECTOR('', #3846, 1.);
#3848 = CARTESIAN_POINT('', (73., -45., 110.));
#3849 = LINE('', #3848, #3847);
#3850 = DIRECTION('', (1., 0., 0.));
#3851 = DIRECTION('', (0., -0., 1.));
#3852 = CARTESIAN_POINT('', (45., -45., 118.));
#3853 = AXIS2_PLACEMENT_3D('', #3852, #3851, #3850);
#3854 = CIRCLE('', #3853, 28.);
#3855 = DIRECTION('', (-1., 0., 0.));
#3856 = DIRECTION('', (0., 0., 1.));
#3857 = CARTESIAN_POINT('', (45., -45., 118.));
#3858 = AXIS2_PLACEMENT_3D('', #3857, #3856, #3855);
#3859 = CIRCLE('', #3858, 28.);
#3860 = DIRECTION('', (0., -0., 1.));
#3861 = VECTOR('', #3860, 1.);
#3862 = CARTESIAN_POINT('', (17., -45., 110.));
#3863 = LINE('', #3862, #3861);
#3864 = DIRECTION('', (-1., -0., 0.));
#3865 = DIRECTION('', (0., 0., 1.));
#3866 = CARTESIAN_POINT('', (45., -45., 110.));
#3867 = AXIS2_PLACEMENT_3D('', #3866, #3865, #3864);
#3868 = CIRCLE('', #3867, 28.);
#3869 = DIRECTION('', (0., -1., 0.));
#3870 = DIRECTION('', (-0., -0., 1.));
#3871 = CARTESIAN_POINT('', (45., -45., 110.));
#3872 = AXIS2_PLACEMENT_3D('', #3871, #3870, #3869);
#3873 = CIRCLE('', #3872, 28.);
#3874 = DIRECTION('', (0., 1., 0.));
#3875 = DIRECTION('', (0., -0., 1.));
#3876 = CARTESIAN_POINT('', (45., -45., 110.));
#3877 = AXIS2_PLACEMENT_3D('', #3876, #3875, #3874);
#3878 = CIRCLE('', #3877, 28.);
#3879 = DIRECTION('', (1., 0., 0.));
#3880 = DIRECTION('', (0., -0., 1.));
#3881 = CARTESIAN_POINT('', (109.24799769, 109.24799769, 2.));
#3882 = AXIS2_PLACEMENT_3D('', #3881, #3880, #3879);
#3883 = CIRCLE('', #3882, 17.5);
#3884 = DIRECTION('', (0., -0., 1.));
#3885 = VECTOR('', #3884, 1.);
#3886 = CARTESIAN_POINT('', (126.74799769, 109.24799769, 2.));
#3887 = LINE('', #3886, #3885);
#3888 = DIRECTION('', (1., 0., 0.));
#3889 = DIRECTION('', (0., -0., 1.));
#3890 = CARTESIAN_POINT('', (109.24799769, 109.24799769, 30.));
#3891 = AXIS2_PLACEMENT_3D('', #3890, #3889, #3888);
#3892 = CIRCLE('', #3891, 17.5);
#3893 = DIRECTION('', (-1., 0., 0.));
#3894 = DIRECTION('', (0., -0., 1.));
#3895 = CARTESIAN_POINT('', (109.24799769, 109.24799769, 2.));
#3896 = AXIS2_PLACEMENT_3D('', #3895, #3894, #3893);
#3897 = CIRCLE('', #3896, 17.5);
#3898 = DIRECTION('', (-1., 0., 0.));
#3899 = DIRECTION('', (0., -0., 1.));
#3900 = CARTESIAN_POINT('', (109.24799769, 109.24799769, 30.));
#3901 = AXIS2_PLACEMENT_3D('', #3900, #3899, #3898);
#3902 = CIRCLE('', #3901, 17.5);
#3903 = DIRECTION('', (0., -0., 1.));
#3904 = VECTOR('', #3903, 1.);
#3905 = CARTESIAN_POINT('', (91.74799769, 109.24799769, 2.));
#3906 = LINE('', #3905, #3904);
#3907 = DIRECTION('', (1., 0., 0.));
#3908 = DIRECTION('', (0., -0., 1.));
#3909 = CARTESIAN_POINT('', (109.24799769, 109.24799769, 40.));
#3910 = AXIS2_PLACEMENT_3D('', #3909, #3908, #3907);
#3911 = CIRCLE('', #3910, 2.5);
#3912 = DIRECTION('', (-1., 0., 0.));
#3913 = DIRECTION('', (0., -0., 1.));
#3914 = CARTESIAN_POINT('', (109.24799769, 109.24799769, 40.));
#3915 = AXIS2_PLACEMENT_3D('', #3914, #3913, #3912);
#3916 = CIRCLE('', #3915, 2.5);
#3917 = DIRECTION('', (1., -0., -0.));
#3918 = DIRECTION('', (0., 0., 1.));
#3919 = CARTESIAN_POINT('', (109.24799769, 109.24799769, 30.));
#3920 = AXIS2_PLACEMENT_3D('', #3919, #3918, #3917);
#3921 = CIRCLE('', #3920, 2.5);
#3922 = DIRECTION('', (1., 0., -0.));
#3923 = DIRECTION('', (-0., 0., -1.));
#3924 = CARTESIAN_POINT('', (109.24799769, 109.24799769, 30.));
#3925 = AXIS2_PLACEMENT_3D('', #3924, #3923, #3922);
#3926 = CIRCLE('', #3925, 2.5);
#3927 = DIRECTION('', (-0.00000001, -1., 0.));
#3928 = DIRECTION('', (-0., -0., -1.));
#3929 = CARTESIAN_POINT('', (109.24799769, 109.24799769, 30.));
#3930 = AXIS2_PLACEMENT_3D('', #3929, #3928, #3927);
#3931 = CIRCLE('', #3930, 2.5);
#3932 = DIRECTION('', (0.00000001, 1., -0.));
#3933 = DIRECTION('', (-0., 0., 1.));
#3934 = CARTESIAN_POINT('', (109.24799769, 109.24799769, 30.));
#3935 = AXIS2_PLACEMENT_3D('', #3934, #3933, #3932);
#3936 = CIRCLE('', #3935, 2.5);
#3937 = DIRECTION('', (0., -0., 1.));
#3938 = VECTOR('', #3937, 1.);
#3939 = CARTESIAN_POINT('', (106.74799769, 109.24799769, 30.));
#3940 = LINE('', #3939, #3938);
#3941 = DIRECTION('', (0., -0., 1.));
#3942 = VECTOR('', #3941, 1.);
#3943 = CARTESIAN_POINT('', (111.74799769, 109.24799769, 30.));
#3944 = LINE('', #3943, #3942);
#3945 = DIRECTION('', (-0., 1., 0.));
#3946 = DIRECTION('', (0., -0., 1.));
#3947 = CARTESIAN_POINT('', (-109.24799769, 109.24799769, 2.));
#3948 = AXIS2_PLACEMENT_3D('', #3947, #3946, #3945);
#3949 = CIRCLE('', #3948, 17.5);
#3950 = DIRECTION('', (0., -0., 1.));
#3951 = VECTOR('', #3950, 1.);
#3952 = CARTESIAN_POINT('', (-109.24799769, 126.74799769, 2.));
#3953 = LINE('', #3952, #3951);
#3954 = DIRECTION('', (-0., 1., 0.));
#3955 = DIRECTION('', (0., -0., 1.));
#3956 = CARTESIAN_POINT('', (-109.24799769, 109.24799769, 30.));
#3957 = AXIS2_PLACEMENT_3D('', #3956, #3955, #3954);
#3958 = CIRCLE('', #3957, 17.5);
#3959 = DIRECTION('', (-0., -1., 0.));
#3960 = DIRECTION('', (0., 0., 1.));
#3961 = CARTESIAN_POINT('', (-109.24799769, 109.24799769, 2.));
#3962 = AXIS2_PLACEMENT_3D('', #3961, #3960, #3959);
#3963 = CIRCLE('', #3962, 17.5);
#3964 = DIRECTION('', (-0., -1., 0.));
#3965 = DIRECTION('', (0., 0., 1.));
#3966 = CARTESIAN_POINT('', (-109.24799769, 109.24799769, 30.));
#3967 = AXIS2_PLACEMENT_3D('', #3966, #3965, #3964);
#3968 = CIRCLE('', #3967, 17.5);
#3969 = DIRECTION('', (0., -0., 1.));
#3970 = VECTOR('', #3969, 1.);
#3971 = CARTESIAN_POINT('', (-109.24799769, 91.74799769, 2.));
#3972 = LINE('', #3971, #3970);
#3973 = DIRECTION('', (-0., 1., 0.));
#3974 = DIRECTION('', (0., -0., 1.));
#3975 = CARTESIAN_POINT('', (-109.24799769, 109.24799769, 40.));
#3976 = AXIS2_PLACEMENT_3D('', #3975, #3974, #3973);
#3977 = CIRCLE('', #3976, 2.5);
#3978 = DIRECTION('', (-0., -1., 0.));
#3979 = DIRECTION('', (0., 0., 1.));
#3980 = CARTESIAN_POINT('', (-109.24799769, 109.24799769, 40.));
#3981 = AXIS2_PLACEMENT_3D('', #3980, #3979, #3978);
#3982 = CIRCLE('', #3981, 2.5);
#3983 = DIRECTION('', (0., 1., -0.));
#3984 = DIRECTION('', (-0., 0., 1.));
#3985 = CARTESIAN_POINT('', (-109.24799769, 109.24799769, 30.));
#3986 = AXIS2_PLACEMENT_3D('', #3985, #3984, #3983);
#3987 = CIRCLE('', #3986, 2.5);
#3988 = DIRECTION('', (-0., 1., -0.));
#3989 = DIRECTION('', (-0., -0., -1.));
#3990 = CARTESIAN_POINT('', (-109.24799769, 109.24799769, 30.));
#3991 = AXIS2_PLACEMENT_3D('', #3990, #3989, #3988);
#3992 = CIRCLE('', #3991, 2.5);
#3993 = DIRECTION('', (1., -0.00000001, 0.));
#3994 = DIRECTION('', (0., -0., -1.));
#3995 = CARTESIAN_POINT('', (-109.24799769, 109.24799769, 30.));
#3996 = AXIS2_PLACEMENT_3D('', #3995, #3994, #3993);
#3997 = CIRCLE('', #3996, 2.5);
#3998 = DIRECTION('', (-1., 0.00000001, -0.));
#3999 = DIRECTION('', (-0., -0., 1.));
#4000 = CARTESIAN_POINT('', (-109.24799769, 109.24799769, 30.));
#4001 = AXIS2_PLACEMENT_3D('', #4000, #3999, #3998);
#4002 = CIRCLE('', #4001, 2.5);
#4003 = DIRECTION('', (0., -0., 1.));
#4004 = VECTOR('', #4003, 1.);
#4005 = CARTESIAN_POINT('', (-109.24799769, 106.74799769, 30.));
#4006 = LINE('', #4005, #4004);
#4007 = DIRECTION('', (0., -0., 1.));
#4008 = VECTOR('', #4007, 1.);
#4009 = CARTESIAN_POINT('', (-109.24799769, 111.74799769, 30.));
#4010 = LINE('', #4009, #4008);
#4011 = DIRECTION('', (-1., 0., 0.));
#4012 = DIRECTION('', (0., -0., 1.));
#4013 = CARTESIAN_POINT('', (-109.24799769, -109.24799769, 2.));
#4014 = AXIS2_PLACEMENT_3D('', #4013, #4012, #4011);
#4015 = CIRCLE('', #4014, 17.5);
#4016 = DIRECTION('', (0., -0., 1.));
#4017 = VECTOR('', #4016, 1.);
#4018 = CARTESIAN_POINT('', (-126.74799769, -109.24799769, 2.));
#4019 = LINE('', #4018, #4017);
#4020 = DIRECTION('', (-1., 0., 0.));
#4021 = DIRECTION('', (0., -0., 1.));
#4022 = CARTESIAN_POINT('', (-109.24799769, -109.24799769, 30.));
#4023 = AXIS2_PLACEMENT_3D('', #4022, #4021, #4020);
#4024 = CIRCLE('', #4023, 17.5);
#4025 = DIRECTION('', (1., 0., 0.));
#4026 = DIRECTION('', (0., -0., 1.));
#4027 = CARTESIAN_POINT('', (-109.24799769, -109.24799769, 2.));
#4028 = AXIS2_PLACEMENT_3D('', #4027, #4026, #4025);
#4029 = CIRCLE('', #4028, 17.5);
#4030 = DIRECTION('', (1., 0., 0.));
#4031 = DIRECTION('', (0., -0., 1.));
#4032 = CARTESIAN_POINT('', (-109.24799769, -109.24799769, 30.));
#4033 = AXIS2_PLACEMENT_3D('', #4032, #4031, #4030);
#4034 = CIRCLE('', #4033, 17.5);
#4035 = DIRECTION('', (0., -0., 1.));
#4036 = VECTOR('', #4035, 1.);
#4037 = CARTESIAN_POINT('', (-91.74799769, -109.24799769, 2.));
#4038 = LINE('', #4037, #4036);
#4039 = DIRECTION('', (-1., 0., 0.));
#4040 = DIRECTION('', (0., -0., 1.));
#4041 = CARTESIAN_POINT('', (-109.24799769, -109.24799769, 40.));
#4042 = AXIS2_PLACEMENT_3D('', #4041, #4040, #4039);
#4043 = CIRCLE('', #4042, 2.5);
#4044 = DIRECTION('', (1., 0., 0.));
#4045 = DIRECTION('', (0., -0., 1.));
#4046 = CARTESIAN_POINT('', (-109.24799769, -109.24799769, 40.));
#4047 = AXIS2_PLACEMENT_3D('', #4046, #4045, #4044);
#4048 = CIRCLE('', #4047, 2.5);
#4049 = DIRECTION('', (-1., 0., -0.));
#4050 = DIRECTION('', (-0., -0., 1.));
#4051 = CARTESIAN_POINT('', (-109.24799769, -109.24799769, 30.));
#4052 = AXIS2_PLACEMENT_3D('', #4051, #4050, #4049);
#4053 = CIRCLE('', #4052, 2.5);
#4054 = DIRECTION('', (-1., -0., -0.));
#4055 = DIRECTION('', (0., -0., -1.));
#4056 = CARTESIAN_POINT('', (-109.24799769, -109.24799769, 30.));
#4057 = AXIS2_PLACEMENT_3D('', #4056, #4055, #4054);
#4058 = CIRCLE('', #4057, 2.5);
#4059 = DIRECTION('', (0.00000001, 1., 0.));
#4060 = DIRECTION('', (0., -0., -1.));
#4061 = CARTESIAN_POINT('', (-109.24799769, -109.24799769, 30.));
#4062 = AXIS2_PLACEMENT_3D('', #4061, #4060, #4059);
#4063 = CIRCLE('', #4062, 2.5);
#4064 = DIRECTION('', (-0.00000001, -1., -0.));
#4065 = DIRECTION('', (0., -0., 1.));
#4066 = CARTESIAN_POINT('', (-109.24799769, -109.24799769, 30.));
#4067 = AXIS2_PLACEMENT_3D('', #4066, #4065, #4064);
#4068 = CIRCLE('', #4067, 2.5);
#4069 = DIRECTION('', (0., -0., 1.));
#4070 = VECTOR('', #4069, 1.);
#4071 = CARTESIAN_POINT('', (-106.74799769, -109.24799769, 30.));
#4072 = LINE('', #4071, #4070);
#4073 = DIRECTION('', (0., -0., 1.));
#4074 = VECTOR('', #4073, 1.);
#4075 = CARTESIAN_POINT('', (-111.74799769, -109.24799769, 30.));
#4076 = LINE('', #4075, #4074);
#4077 = DIRECTION('', (0., -1., 0.));
#4078 = DIRECTION('', (-0., -0., 1.));
#4079 = CARTESIAN_POINT('', (109.24799769, -109.24799769, 2.));
#4080 = AXIS2_PLACEMENT_3D('', #4079, #4078, #4077);
#4081 = CIRCLE('', #4080, 17.5);
#4082 = DIRECTION('', (0., -0., 1.));
#4083 = VECTOR('', #4082, 1.);
#4084 = CARTESIAN_POINT('', (109.24799769, -126.74799769, 2.));
#4085 = LINE('', #4084, #4083);
#4086 = DIRECTION('', (0., -1., 0.));
#4087 = DIRECTION('', (-0., -0., 1.));
#4088 = CARTESIAN_POINT('', (109.24799769, -109.24799769, 30.));
#4089 = AXIS2_PLACEMENT_3D('', #4088, #4087, #4086);
#4090 = CIRCLE('', #4089, 17.5);
#4091 = DIRECTION('', (0., 1., 0.));
#4092 = DIRECTION('', (0., -0., 1.));
#4093 = CARTESIAN_POINT('', (109.24799769, -109.24799769, 2.));
#4094 = AXIS2_PLACEMENT_3D('', #4093, #4092, #4091);
#4095 = CIRCLE('', #4094, 17.5);
#4096 = DIRECTION('', (0., 1., 0.));
#4097 = DIRECTION('', (0., -0., 1.));
#4098 = CARTESIAN_POINT('', (109.24799769, -109.24799769, 30.));
#4099 = AXIS2_PLACEMENT_3D('', #4098, #4097, #4096);
#4100 = CIRCLE('', #4099, 17.5);
#4101 = DIRECTION('', (0., -0., 1.));
#4102 = VECTOR('', #4101, 1.);
#4103 = CARTESIAN_POINT('', (109.24799769, -91.74799769, 2.));
#4104 = LINE('', #4103, #4102);
#4105 = DIRECTION('', (0., -1., 0.));
#4106 = DIRECTION('', (-0., -0., 1.));
#4107 = CARTESIAN_POINT('', (109.24799769, -109.24799769, 40.));
#4108 = AXIS2_PLACEMENT_3D('', #4107, #4106, #4105);
#4109 = CIRCLE('', #4108, 2.5);
#4110 = DIRECTION('', (0., 1., 0.));
#4111 = DIRECTION('', (0., -0., 1.));
#4112 = CARTESIAN_POINT('', (109.24799769, -109.24799769, 40.));
#4113 = AXIS2_PLACEMENT_3D('', #4112, #4111, #4110);
#4114 = CIRCLE('', #4113, 2.5);
#4115 = DIRECTION('', (-0., -1., -0.));
#4116 = DIRECTION('', (0., -0., 1.));
#4117 = CARTESIAN_POINT('', (109.24799769, -109.24799769, 30.));
#4118 = AXIS2_PLACEMENT_3D('', #4117, #4116, #4115);
#4119 = CIRCLE('', #4118, 2.5);
#4120 = DIRECTION('', (0., -1., -0.));
#4121 = DIRECTION('', (0., 0., -1.));
#4122 = CARTESIAN_POINT('', (109.24799769, -109.24799769, 30.));
#4123 = AXIS2_PLACEMENT_3D('', #4122, #4121, #4120);
#4124 = CIRCLE('', #4123, 2.5);
#4125 = DIRECTION('', (-1., 0.00000001, 0.));
#4126 = DIRECTION('', (0., 0., -1.));
#4127 = CARTESIAN_POINT('', (109.24799769, -109.24799769, 30.));
#4128 = AXIS2_PLACEMENT_3D('', #4127, #4126, #4125);
#4129 = CIRCLE('', #4128, 2.5);
#4130 = DIRECTION('', (1., -0.00000001, -0.));
#4131 = DIRECTION('', (0., 0., 1.));
#4132 = CARTESIAN_POINT('', (109.24799769, -109.24799769, 30.));
#4133 = AXIS2_PLACEMENT_3D('', #4132, #4131, #4130);
#4134 = CIRCLE('', #4133, 2.5);
#4135 = DIRECTION('', (0., -0., 1.));
#4136 = VECTOR('', #4135, 1.);
#4137 = CARTESIAN_POINT('', (109.24799769, -106.74799769, 30.));
#4138 = LINE('', #4137, #4136);
#4139 = DIRECTION('', (0., -0., 1.));
#4140 = VECTOR('', #4139, 1.);
#4141 = CARTESIAN_POINT('', (109.24799769, -111.74799769, 30.));
#4142 = LINE('', #4141, #4140);
#4143 = DIRECTION('', (1., 0., 0.));
#4144 = DIRECTION('', (0., -0., 1.));
#4145 = CARTESIAN_POINT('', (-35., 55., -10.));
#4146 = AXIS2_PLACEMENT_3D('', #4145, #4144, #4143);
#4147 = CIRCLE('', #4146, 13.);
#4148 = DIRECTION('', (0., -0., 1.));
#4149 = VECTOR('', #4148, 1.);
#4150 = CARTESIAN_POINT('', (-22., 55., -10.));
#4151 = LINE('', #4150, #4149);
#4152 = DIRECTION('', (1., 0., 0.));
#4153 = DIRECTION('', (0., -0., 1.));
#4154 = CARTESIAN_POINT('', (-35., 55., -2.));
#4155 = AXIS2_PLACEMENT_3D('', #4154, #4153, #4152);
#4156 = CIRCLE('', #4155, 13.);
#4157 = DIRECTION('', (-1., -0., 0.));
#4158 = DIRECTION('', (0., 0., 1.));
#4159 = CARTESIAN_POINT('', (-35., 55., -10.));
#4160 = AXIS2_PLACEMENT_3D('', #4159, #4158, #4157);
#4161 = CIRCLE('', #4160, 13.);
#4162 = DIRECTION('', (-1., -0., 0.));
#4163 = DIRECTION('', (0., 0., 1.));
#4164 = CARTESIAN_POINT('', (-35., 55., -2.));
#4165 = AXIS2_PLACEMENT_3D('', #4164, #4163, #4162);
#4166 = CIRCLE('', #4165, 13.);
#4167 = DIRECTION('', (0., -0., 1.));
#4168 = VECTOR('', #4167, 1.);
#4169 = CARTESIAN_POINT('', (-48., 55., -10.));
#4170 = LINE('', #4169, #4168);
#4171 = DIRECTION('', (1., 0., 0.));
#4172 = DIRECTION('', (0., -0., 1.));
#4173 = CARTESIAN_POINT('', (-35., 55., -12.));
#4174 = AXIS2_PLACEMENT_3D('', #4173, #4172, #4171);
#4175 = CIRCLE('', #4174, 7.);
#4176 = DIRECTION('', (0., -0., 1.));
#4177 = VECTOR('', #4176, 1.);
#4178 = CARTESIAN_POINT('', (-28., 55., -12.));
#4179 = LINE('', #4178, #4177);
#4180 = DIRECTION('', (1., 0., 0.));
#4181 = DIRECTION('', (0., -0., 1.));
#4182 = CARTESIAN_POINT('', (-35., 55., -10.));
#4183 = AXIS2_PLACEMENT_3D('', #4182, #4181, #4180);
#4184 = CIRCLE('', #4183, 7.);
#4185 = DIRECTION('', (-1., 0., 0.));
#4186 = DIRECTION('', (0., 0., 1.));
#4187 = CARTESIAN_POINT('', (-35., 55., -12.));
#4188 = AXIS2_PLACEMENT_3D('', #4187, #4186, #4185);
#4189 = CIRCLE('', #4188, 7.);
#4190 = DIRECTION('', (0., -0., 1.));
#4191 = VECTOR('', #4190, 1.);
#4192 = CARTESIAN_POINT('', (-42., 55., -12.));
#4193 = LINE('', #4192, #4191);
#4194 = DIRECTION('', (1., -0., 0.));
#4195 = DIRECTION('', (0., -0., -1.));
#4196 = CARTESIAN_POINT('', (-35., 55., -10.));
#4197 = AXIS2_PLACEMENT_3D('', #4196, #4195, #4194);
#4198 = CIRCLE('', #4197, 7.);
#4199 = DIRECTION('', (-0., -1., 0.));
#4200 = DIRECTION('', (-0., -0., -1.));
#4201 = CARTESIAN_POINT('', (-35., 55., -10.));
#4202 = AXIS2_PLACEMENT_3D('', #4201, #4200, #4199);
#4203 = CIRCLE('', #4202, 7.);
#4204 = DIRECTION('', (-0., 1., 0.));
#4205 = DIRECTION('', (0., -0., 1.));
#4206 = CARTESIAN_POINT('', (-35., 55., -10.));
#4207 = AXIS2_PLACEMENT_3D('', #4206, #4205, #4204);
#4208 = CIRCLE('', #4207, 7.);
#4209 = DIRECTION('', (1., -0., 0.));
#4210 = DIRECTION('', (-0., -0., 1.));
#4211 = CARTESIAN_POINT('', (-35., -55., -12.));
#4212 = AXIS2_PLACEMENT_3D('', #4211, #4210, #4209);
#4213 = CIRCLE('', #4212, 10.);
#4214 = DIRECTION('', (0., -0., 1.));
#4215 = VECTOR('', #4214, 1.);
#4216 = CARTESIAN_POINT('', (-25., -55., -12.));
#4217 = LINE('', #4216, #4215);
#4218 = DIRECTION('', (1., -0., 0.));
#4219 = DIRECTION('', (-0., -0., 1.));
#4220 = CARTESIAN_POINT('', (-35., -55., -2.));
#4221 = AXIS2_PLACEMENT_3D('', #4220, #4219, #4218);
#4222 = CIRCLE('', #4221, 10.);
#4223 = DIRECTION('', (-1., -0., 0.));
#4224 = DIRECTION('', (0., 0., 1.));
#4225 = CARTESIAN_POINT('', (-35., -55., -12.));
#4226 = AXIS2_PLACEMENT_3D('', #4225, #4224, #4223);
#4227 = CIRCLE('', #4226, 10.);
#4228 = DIRECTION('', (-1., -0., 0.));
#4229 = DIRECTION('', (0., 0., 1.));
#4230 = CARTESIAN_POINT('', (-35., -55., -2.));
#4231 = AXIS2_PLACEMENT_3D('', #4230, #4229, #4228);
#4232 = CIRCLE('', #4231, 10.);
#4233 = DIRECTION('', (0., -0., 1.));
#4234 = VECTOR('', #4233, 1.);
#4235 = CARTESIAN_POINT('', (-45., -55., -12.));
#4236 = LINE('', #4235, #4234);
#4237 = DIRECTION('', (1., -0., 0.));
#4238 = DIRECTION('', (-0., -0., 1.));
#4239 = CARTESIAN_POINT('', (-35., -55., -14.));
#4240 = AXIS2_PLACEMENT_3D('', #4239, #4238, #4237);
#4241 = CIRCLE('', #4240, 5.);
#4242 = DIRECTION('', (0., -0., 1.));
#4243 = VECTOR('', #4242, 1.);
#4244 = CARTESIAN_POINT('', (-30., -55., -14.));
#4245 = LINE('', #4244, #4243);
#4246 = DIRECTION('', (1., 0., -0.));
#4247 = DIRECTION('', (0., 0., 1.));
#4248 = CARTESIAN_POINT('', (-35., -55., -12.));
#4249 = AXIS2_PLACEMENT_3D('', #4248, #4247, #4246);
#4250 = CIRCLE('', #4249, 5.);
#4251 = DIRECTION('', (-1., -0., 0.));
#4252 = DIRECTION('', (0., 0., 1.));
#4253 = CARTESIAN_POINT('', (-35., -55., -14.));
#4254 = AXIS2_PLACEMENT_3D('', #4253, #4252, #4251);
#4255 = CIRCLE('', #4254, 5.);
#4256 = DIRECTION('', (0., -0., 1.));
#4257 = VECTOR('', #4256, 1.);
#4258 = CARTESIAN_POINT('', (-40., -55., -14.));
#4259 = LINE('', #4258, #4257);
#4260 = DIRECTION('', (1., -0., -0.));
#4261 = DIRECTION('', (-0., 0., -1.));
#4262 = CARTESIAN_POINT('', (-35., -55., -12.));
#4263 = AXIS2_PLACEMENT_3D('', #4262, #4261, #4260);
#4264 = CIRCLE('', #4263, 5.);
#4265 = DIRECTION('', (0., -1., -0.));
#4266 = DIRECTION('', (0., 0., -1.));
#4267 = CARTESIAN_POINT('', (-35., -55., -12.));
#4268 = AXIS2_PLACEMENT_3D('', #4267, #4266, #4265);
#4269 = CIRCLE('', #4268, 5.);
#4270 = DIRECTION('', (0., 1., -0.));
#4271 = DIRECTION('', (-0., 0., 1.));
#4272 = CARTESIAN_POINT('', (-35., -55., -12.));
#4273 = AXIS2_PLACEMENT_3D('', #4272, #4271, #4270);
#4274 = CIRCLE('', #4273, 5.);
#4275 = DIRECTION('', (0., -0., 1.));
#4276 = VECTOR('', #4275, 1.);
#4277 = CARTESIAN_POINT('', (106., 52.5, 0.));
#4278 = LINE('', #4277, #4276);
#4279 = DIRECTION('', (1., -0., 0.));
#4280 = VECTOR('', #4279, 1.);
#4281 = CARTESIAN_POINT('', (106., 52.5, 30.));
#4282 = LINE('', #4281, #4280);
#4283 = DIRECTION('', (0., -0., 1.));
#4284 = VECTOR('', #4283, 1.);
#4285 = CARTESIAN_POINT('', (136., 52.5, 0.));
#4286 = LINE('', #4285, #4284);
#4287 = DIRECTION('', (1., -0., 0.));
#4288 = VECTOR('', #4287, 1.);
#4289 = CARTESIAN_POINT('', (106., 52.5, 0.));
#4290 = LINE('', #4289, #4288);
#4291 = DIRECTION('', (0., -1., 0.));
#4292 = VECTOR('', #4291, 1.);
#4293 = CARTESIAN_POINT('', (106., 52.5, 30.));
#4294 = LINE('', #4293, #4292);
#4295 = DIRECTION('', (1., -0., 0.));
#4296 = VECTOR('', #4295, 1.);
#4297 = CARTESIAN_POINT('', (106., 17.5, 30.));
#4298 = LINE('', #4297, #4296);
#4299 = DIRECTION('', (0., -1., 0.));
#4300 = VECTOR('', #4299, 1.);
#4301 = CARTESIAN_POINT('', (136., 52.5, 30.));
#4302 = LINE('', #4301, #4300);
#4303 = DIRECTION('', (0., -0., -1.));
#4304 = VECTOR('', #4303, 1.);
#4305 = CARTESIAN_POINT('', (106., 17.5, 30.));
#4306 = LINE('', #4305, #4304);
#4307 = DIRECTION('', (1., -0., 0.));
#4308 = VECTOR('', #4307, 1.);
#4309 = CARTESIAN_POINT('', (106., 17.5, 0.));
#4310 = LINE('', #4309, #4308);
#4311 = DIRECTION('', (0., -0., -1.));
#4312 = VECTOR('', #4311, 1.);
#4313 = CARTESIAN_POINT('', (136., 17.5, 30.));
#4314 = LINE('', #4313, #4312);
#4315 = DIRECTION('', (0., 1., 0.));
#4316 = VECTOR('', #4315, 1.);
#4317 = CARTESIAN_POINT('', (106., 17.5, 0.));
#4318 = LINE('', #4317, #4316);
#4319 = DIRECTION('', (0., 1., 0.));
#4320 = VECTOR('', #4319, 1.);
#4321 = CARTESIAN_POINT('', (136., 17.5, 0.));
#4322 = LINE('', #4321, #4320);
#4323 = DIRECTION('', (0., 1., -0.));
#4324 = DIRECTION('', (1., -0., 0.));
#4325 = CARTESIAN_POINT('', (136., 35., 15.));
#4326 = AXIS2_PLACEMENT_3D('', #4325, #4324, #4323);
#4327 = CIRCLE('', #4326, 9.);
#4328 = DIRECTION('', (1., -0., 0.));
#4329 = VECTOR('', #4328, 1.);
#4330 = CARTESIAN_POINT('', (136., 44., 15.));
#4331 = LINE('', #4330, #4329);
#4332 = DIRECTION('', (0., 1., 0.));
#4333 = DIRECTION('', (1., -0., -0.));
#4334 = CARTESIAN_POINT('', (144., 35., 15.));
#4335 = AXIS2_PLACEMENT_3D('', #4334, #4333, #4332);
#4336 = CIRCLE('', #4335, 9.);
#4337 = DIRECTION('', (0., -1., 0.));
#4338 = DIRECTION('', (1., 0., 0.));
#4339 = CARTESIAN_POINT('', (144., 35., 15.));
#4340 = AXIS2_PLACEMENT_3D('', #4339, #4338, #4337);
#4341 = CIRCLE('', #4340, 9.);
#4342 = DIRECTION('', (1., -0., 0.));
#4343 = VECTOR('', #4342, 1.);
#4344 = CARTESIAN_POINT('', (136., 26., 15.));
#4345 = LINE('', #4344, #4343);
#4346 = DIRECTION('', (0., -1., -0.));
#4347 = DIRECTION('', (1., -0., 0.));
#4348 = CARTESIAN_POINT('', (136., 35., 15.));
#4349 = AXIS2_PLACEMENT_3D('', #4348, #4347, #4346);
#4350 = CIRCLE('', #4349, 9.);
#4351 = DIRECTION('', (0., 0., -1.));
#4352 = DIRECTION('', (1., -0., 0.));
#4353 = CARTESIAN_POINT('', (136., 35., 15.));
#4354 = AXIS2_PLACEMENT_3D('', #4353, #4352, #4351);
#4355 = CIRCLE('', #4354, 9.);
#4356 = DIRECTION('', (0., 0., 1.));
#4357 = DIRECTION('', (1., -0., -0.));
#4358 = CARTESIAN_POINT('', (136., 35., 15.));
#4359 = AXIS2_PLACEMENT_3D('', #4358, #4357, #4356);
#4360 = CIRCLE('', #4359, 9.);
#4361 = DIRECTION('', (0., 1., 0.));
#4362 = VECTOR('', #4361, 1.);
#4363 = CARTESIAN_POINT('', (55., -4., 27.));
#4364 = LINE('', #4363, #4362);
#4365 = DIRECTION('', (0., -0., 1.));
#4366 = VECTOR('', #4365, 1.);
#4367 = CARTESIAN_POINT('', (55., 4., 27.));
#4368 = LINE('', #4367, #4366);
#4369 = DIRECTION('', (0., 1., 0.));
#4370 = VECTOR('', #4369, 1.);
#4371 = CARTESIAN_POINT('', (55., -4., 33.));
#4372 = LINE('', #4371, #4370);
#4373 = DIRECTION('', (0., -0., 1.));
#4374 = VECTOR('', #4373, 1.);
#4375 = CARTESIAN_POINT('', (55., -4., 27.));
#4376 = LINE('', #4375, #4374);
#4377 = DIRECTION('', (-1., -0., 0.));
#4378 = VECTOR('', #4377, 1.);
#4379 = CARTESIAN_POINT('', (55., 4., 27.));
#4380 = LINE('', #4379, #4378);
#4381 = DIRECTION('', (0., -0., 1.));
#4382 = VECTOR('', #4381, 1.);
#4383 = CARTESIAN_POINT('', (-55., 4., 27.));
#4384 = LINE('', #4383, #4382);
#4385 = DIRECTION('', (-1., -0., 0.));
#4386 = VECTOR('', #4385, 1.);
#4387 = CARTESIAN_POINT('', (55., 4., 33.));
#4388 = LINE('', #4387, #4386);
#4389 = DIRECTION('', (0., -1., 0.));
#4390 = VECTOR('', #4389, 1.);
#4391 = CARTESIAN_POINT('', (-55., 4., 27.));
#4392 = LINE('', #4391, #4390);
#4393 = DIRECTION('', (0., -0., 1.));
#4394 = VECTOR('', #4393, 1.);
#4395 = CARTESIAN_POINT('', (-55., -4., 27.));
#4396 = LINE('', #4395, #4394);
#4397 = DIRECTION('', (0., -1., 0.));
#4398 = VECTOR('', #4397, 1.);
#4399 = CARTESIAN_POINT('', (-55., 4., 33.));
#4400 = LINE('', #4399, #4398);
#4401 = DIRECTION('', (1., -0., 0.));
#4402 = VECTOR('', #4401, 1.);
#4403 = CARTESIAN_POINT('', (-55., -4., 27.));
#4404 = LINE('', #4403, #4402);
#4405 = DIRECTION('', (1., -0., 0.));
#4406 = VECTOR('', #4405, 1.);
#4407 = CARTESIAN_POINT('', (-55., -4., 33.));
#4408 = LINE('', #4407, #4406);
#4409 = DIRECTION('', (0., 1., 0.));
#4410 = VECTOR('', #4409, 1.);
#4411 = CARTESIAN_POINT('', (4., -38., 27.));
#4412 = LINE('', #4411, #4410);
#4413 = DIRECTION('', (0., -0., 1.));
#4414 = VECTOR('', #4413, 1.);
#4415 = CARTESIAN_POINT('', (4., 38., 27.));
#4416 = LINE('', #4415, #4414);
#4417 = DIRECTION('', (0., 1., 0.));
#4418 = VECTOR('', #4417, 1.);
#4419 = CARTESIAN_POINT('', (4., -38., 33.));
#4420 = LINE('', #4419, #4418);
#4421 = DIRECTION('', (0., -0., 1.));
#4422 = VECTOR('', #4421, 1.);
#4423 = CARTESIAN_POINT('', (4., -38., 27.));
#4424 = LINE('', #4423, #4422);
#4425 = DIRECTION('', (-1., -0., 0.));
#4426 = VECTOR('', #4425, 1.);
#4427 = CARTESIAN_POINT('', (4., 38., 27.));
#4428 = LINE('', #4427, #4426);
#4429 = DIRECTION('', (0., -0., 1.));
#4430 = VECTOR('', #4429, 1.);
#4431 = CARTESIAN_POINT('', (-4., 38., 27.));
#4432 = LINE('', #4431, #4430);
#4433 = DIRECTION('', (-1., -0., 0.));
#4434 = VECTOR('', #4433, 1.);
#4435 = CARTESIAN_POINT('', (4., 38., 33.));
#4436 = LINE('', #4435, #4434);
#4437 = DIRECTION('', (0., -1., 0.));
#4438 = VECTOR('', #4437, 1.);
#4439 = CARTESIAN_POINT('', (-4., 38., 27.));
#4440 = LINE('', #4439, #4438);
#4441 = DIRECTION('', (0., -0., 1.));
#4442 = VECTOR('', #4441, 1.);
#4443 = CARTESIAN_POINT('', (-4., -38., 27.));
#4444 = LINE('', #4443, #4442);
#4445 = DIRECTION('', (0., -1., 0.));
#4446 = VECTOR('', #4445, 1.);
#4447 = CARTESIAN_POINT('', (-4., 38., 33.));
#4448 = LINE('', #4447, #4446);
#4449 = DIRECTION('', (1., -0., 0.));
#4450 = VECTOR('', #4449, 1.);
#4451 = CARTESIAN_POINT('', (-4., -38., 27.));
#4452 = LINE('', #4451, #4450);
#4453 = DIRECTION('', (1., -0., 0.));
#4454 = VECTOR('', #4453, 1.);
#4455 = CARTESIAN_POINT('', (-4., -38., 33.));
#4456 = LINE('', #4455, #4454);
#4457 = DIRECTION('', (0., -0., -1.));
#4458 = VECTOR('', #4457, 1.);
#4459 = CARTESIAN_POINT('', (4., 4., 33.));
#4460 = LINE('', #4459, #4458);
#4461 = DIRECTION('', (0., -0., 1.));
#4462 = VECTOR('', #4461, 1.);
#4463 = CARTESIAN_POINT('', (-4., 4., 27.));
#4464 = LINE('', #4463, #4462);
#4465 = DIRECTION('', (0., -0., 1.));
#4466 = VECTOR('', #4465, 1.);
#4467 = CARTESIAN_POINT('', (4., -4., 27.));
#4468 = LINE('', #4467, #4466);
#4469 = DIRECTION('', (0., -0., -1.));
#4470 = VECTOR('', #4469, 1.);
#4471 = CARTESIAN_POINT('', (-4., -4., 33.));
#4472 = LINE('', #4471, #4470);
#4473 = DIRECTION('', (1., -0., 0.));
#4474 = VECTOR('', #4473, 1.);
#4475 = CARTESIAN_POINT('', (-4., -4., 27.));
#4476 = LINE('', #4475, #4474);
#4477 = DIRECTION('', (1., -0., 0.));
#4478 = VECTOR('', #4477, 1.);
#4479 = CARTESIAN_POINT('', (-4., -4., 33.));
#4480 = LINE('', #4479, #4478);
#4481 = DIRECTION('', (0., 1., 0.));
#4482 = VECTOR('', #4481, 1.);
#4483 = CARTESIAN_POINT('', (4., -4., 27.));
#4484 = LINE('', #4483, #4482);
#4485 = DIRECTION('', (0., -1., 0.));
#4486 = VECTOR('', #4485, 1.);
#4487 = CARTESIAN_POINT('', (-4., 4., 27.));
#4488 = LINE('', #4487, #4486);
#4489 = DIRECTION('', (0., 1., 0.));
#4490 = VECTOR('', #4489, 1.);
#4491 = CARTESIAN_POINT('', (4., -4., 33.));
#4492 = LINE('', #4491, #4490);
#4493 = DIRECTION('', (0., -1., 0.));
#4494 = VECTOR('', #4493, 1.);
#4495 = CARTESIAN_POINT('', (-4., 4., 33.));
#4496 = LINE('', #4495, #4494);
#4497 = DIRECTION('', (0., -1., 0.));
#4498 = VECTOR('', #4497, 1.);
#4499 = CARTESIAN_POINT('', (-4., -4., 27.));
#4500 = LINE('', #4499, #4498);
#4501 = DIRECTION('', (0., -1., 0.));
#4502 = VECTOR('', #4501, 1.);
#4503 = CARTESIAN_POINT('', (-4., -4., 33.));
#4504 = LINE('', #4503, #4502);
#4505 = DIRECTION('', (1., -0., 0.));
#4506 = VECTOR('', #4505, 1.);
#4507 = CARTESIAN_POINT('', (4., -4., 33.));
#4508 = LINE('', #4507, #4506);
#4509 = DIRECTION('', (1., -0., 0.));
#4510 = VECTOR('', #4509, 1.);
#4511 = CARTESIAN_POINT('', (4., -4., 27.));
#4512 = LINE('', #4511, #4510);
#4513 = DIRECTION('', (-1., -0., 0.));
#4514 = VECTOR('', #4513, 1.);
#4515 = CARTESIAN_POINT('', (-4., 4., 33.));
#4516 = LINE('', #4515, #4514);
#4517 = DIRECTION('', (-1., -0., 0.));
#4518 = VECTOR('', #4517, 1.);
#4519 = CARTESIAN_POINT('', (-4., 4., 27.));
#4520 = LINE('', #4519, #4518);
#4521 = DIRECTION('', (0., 1., 0.));
#4522 = VECTOR('', #4521, 1.);
#4523 = CARTESIAN_POINT('', (4., 4., 27.));
#4524 = LINE('', #4523, #4522);
#4525 = DIRECTION('', (0., 1., 0.));
#4526 = VECTOR('', #4525, 1.);
#4527 = CARTESIAN_POINT('', (4., 4., 33.));
#4528 = LINE('', #4527, #4526);
#4529 = DIRECTION('', (0., 1., 0.));
#4530 = VECTOR('', #4529, 1.);
#4531 = CARTESIAN_POINT('', (30., -69.5, 4.5));
#4532 = LINE('', #4531, #4530);
#4533 = DIRECTION('', (0., -0., 1.));
#4534 = VECTOR('', #4533, 1.);
#4535 = CARTESIAN_POINT('', (30., 9.5, 4.5));
#4536 = LINE('', #4535, #4534);
#4537 = DIRECTION('', (0., 1., 0.));
#4538 = VECTOR('', #4537, 1.);
#4539 = CARTESIAN_POINT('', (30., -69.5, 7.5));
#4540 = LINE('', #4539, #4538);
#4541 = DIRECTION('', (0., -0., 1.));
#4542 = VECTOR('', #4541, 1.);
#4543 = CARTESIAN_POINT('', (30., -69.5, 4.5));
#4544 = LINE('', #4543, #4542);
#4545 = DIRECTION('', (-1., -0., 0.));
#4546 = VECTOR('', #4545, 1.);
#4547 = CARTESIAN_POINT('', (30., 9.5, 4.5));
#4548 = LINE('', #4547, #4546);
#4549 = DIRECTION('', (0., -0., 1.));
#4550 = VECTOR('', #4549, 1.);
#4551 = CARTESIAN_POINT('', (-70., 9.5, 4.5));
#4552 = LINE('', #4551, #4550);
#4553 = DIRECTION('', (-1., -0., 0.));
#4554 = VECTOR('', #4553, 1.);
#4555 = CARTESIAN_POINT('', (30., 9.5, 7.5));
#4556 = LINE('', #4555, #4554);
#4557 = DIRECTION('', (0., -1., 0.));
#4558 = VECTOR('', #4557, 1.);
#4559 = CARTESIAN_POINT('', (-70., 9.5, 4.5));
#4560 = LINE('', #4559, #4558);
#4561 = DIRECTION('', (0., -0., 1.));
#4562 = VECTOR('', #4561, 1.);
#4563 = CARTESIAN_POINT('', (-70., -69.5, 4.5));
#4564 = LINE('', #4563, #4562);
#4565 = DIRECTION('', (0., -1., 0.));
#4566 = VECTOR('', #4565, 1.);
#4567 = CARTESIAN_POINT('', (-70., 9.5, 7.5));
#4568 = LINE('', #4567, #4566);
#4569 = DIRECTION('', (1., -0., 0.));
#4570 = VECTOR('', #4569, 1.);
#4571 = CARTESIAN_POINT('', (-70., -69.5, 4.5));
#4572 = LINE('', #4571, #4570);
#4573 = DIRECTION('', (1., -0., 0.));
#4574 = VECTOR('', #4573, 1.);
#4575 = CARTESIAN_POINT('', (-70., -69.5, 7.5));
#4576 = LINE('', #4575, #4574);
#4577 = DIRECTION('', (0., 1., 0.));
#4578 = VECTOR('', #4577, 1.);
#4579 = CARTESIAN_POINT('', (15., -55., 7.5));
#4580 = LINE('', #4579, #4578);
#4581 = DIRECTION('', (0., -0., 1.));
#4582 = VECTOR('', #4581, 1.);
#4583 = CARTESIAN_POINT('', (15., -5., 7.5));
#4584 = LINE('', #4583, #4582);
#4585 = DIRECTION('', (0., 1., 0.));
#4586 = VECTOR('', #4585, 1.);
#4587 = CARTESIAN_POINT('', (15., -55., 19.5));
#4588 = LINE('', #4587, #4586);
#4589 = DIRECTION('', (0., -0., 1.));
#4590 = VECTOR('', #4589, 1.);
#4591 = CARTESIAN_POINT('', (15., -55., 7.5));
#4592 = LINE('', #4591, #4590);
#4593 = DIRECTION('', (-1., -0., 0.));
#4594 = VECTOR('', #4593, 1.);
#4595 = CARTESIAN_POINT('', (15., -5., 7.5));
#4596 = LINE('', #4595, #4594);
#4597 = DIRECTION('', (0., -0., 1.));
#4598 = VECTOR('', #4597, 1.);
#4599 = CARTESIAN_POINT('', (-55., -5., 7.5));
#4600 = LINE('', #4599, #4598);
#4601 = DIRECTION('', (-1., -0., 0.));
#4602 = VECTOR('', #4601, 1.);
#4603 = CARTESIAN_POINT('', (15., -5., 19.5));
#4604 = LINE('', #4603, #4602);
#4605 = DIRECTION('', (0., -1., 0.));
#4606 = VECTOR('', #4605, 1.);
#4607 = CARTESIAN_POINT('', (-55., -5., 7.5));
#4608 = LINE('', #4607, #4606);
#4609 = DIRECTION('', (0., -0., 1.));
#4610 = VECTOR('', #4609, 1.);
#4611 = CARTESIAN_POINT('', (-55., -55., 7.5));
#4612 = LINE('', #4611, #4610);
#4613 = DIRECTION('', (0., -1., 0.));
#4614 = VECTOR('', #4613, 1.);
#4615 = CARTESIAN_POINT('', (-55., -5., 19.5));
#4616 = LINE('', #4615, #4614);
#4617 = DIRECTION('', (1., -0., 0.));
#4618 = VECTOR('', #4617, 1.);
#4619 = CARTESIAN_POINT('', (-55., -55., 7.5));
#4620 = LINE('', #4619, #4618);
#4621 = DIRECTION('', (1., -0., 0.));
#4622 = VECTOR('', #4621, 1.);
#4623 = CARTESIAN_POINT('', (-55., -55., 19.5));
#4624 = LINE('', #4623, #4622);
#4625 = DIRECTION('', (1., 0., 0.));
#4626 = DIRECTION('', (0., -0., 1.));
#4627 = CARTESIAN_POINT('', (-20., -30., 19.5));
#4628 = AXIS2_PLACEMENT_3D('', #4627, #4626, #4625);
#4629 = CIRCLE('', #4628, 22.5);
#4630 = DIRECTION('', (0., -0., 1.));
#4631 = VECTOR('', #4630, 1.);
#4632 = CARTESIAN_POINT('', (2.5, -30., 19.5));
#4633 = LINE('', #4632, #4631);
#4634 = DIRECTION('', (1., 0., 0.));
#4635 = DIRECTION('', (0., -0., 1.));
#4636 = CARTESIAN_POINT('', (-20., -30., 26.5));
#4637 = AXIS2_PLACEMENT_3D('', #4636, #4635, #4634);
#4638 = CIRCLE('', #4637, 22.5);
#4639 = DIRECTION('', (-1., 0., 0.));
#4640 = DIRECTION('', (0., -0., 1.));
#4641 = CARTESIAN_POINT('', (-20., -30., 26.5));
#4642 = AXIS2_PLACEMENT_3D('', #4641, #4640, #4639);
#4643 = CIRCLE('', #4642, 22.5);
#4644 = DIRECTION('', (0., -0., 1.));
#4645 = VECTOR('', #4644, 1.);
#4646 = CARTESIAN_POINT('', (-42.5, -30., 19.5));
#4647 = LINE('', #4646, #4645);
#4648 = DIRECTION('', (-1., 0., 0.));
#4649 = DIRECTION('', (0., -0., 1.));
#4650 = CARTESIAN_POINT('', (-20., -30., 19.5));
#4651 = AXIS2_PLACEMENT_3D('', #4650, #4649, #4648);
#4652 = CIRCLE('', #4651, 22.5);
#4653 = DIRECTION('', (-0., -1., 0.));
#4654 = DIRECTION('', (0., 0., 1.));
#4655 = CARTESIAN_POINT('', (-20., -30., 19.5));
#4656 = AXIS2_PLACEMENT_3D('', #4655, #4654, #4653);
#4657 = CIRCLE('', #4656, 22.5);
#4658 = DIRECTION('', (0., 1., 0.));
#4659 = DIRECTION('', (0., -0., 1.));
#4660 = CARTESIAN_POINT('', (-20., -30., 19.5));
#4661 = AXIS2_PLACEMENT_3D('', #4660, #4659, #4658);
#4662 = CIRCLE('', #4661, 22.5);
#4663 = DIRECTION('', (0., -0., 1.));
#4664 = VECTOR('', #4663, 1.);
#4665 = CARTESIAN_POINT('', (106.5, 15., 2.5));
#4666 = LINE('', #4665, #4664);
#4667 = DIRECTION('', (1., -0., 0.));
#4668 = VECTOR('', #4667, 1.);
#4669 = CARTESIAN_POINT('', (106.5, 15., 27.5));
#4670 = LINE('', #4669, #4668);
#4671 = DIRECTION('', (0., -0., 1.));
#4672 = VECTOR('', #4671, 1.);
#4673 = CARTESIAN_POINT('', (131.5, 15., 2.5));
#4674 = LINE('', #4673, #4672);
#4675 = DIRECTION('', (1., -0., 0.));
#4676 = VECTOR('', #4675, 1.);
#4677 = CARTESIAN_POINT('', (106.5, 15., 2.5));
#4678 = LINE('', #4677, #4676);
#4679 = DIRECTION('', (0., -1., 0.));
#4680 = VECTOR('', #4679, 1.);
#4681 = CARTESIAN_POINT('', (106.5, 15., 27.5));
#4682 = LINE('', #4681, #4680);
#4683 = DIRECTION('', (1., -0., 0.));
#4684 = VECTOR('', #4683, 1.);
#4685 = CARTESIAN_POINT('', (106.5, -55., 27.5));
#4686 = LINE('', #4685, #4684);
#4687 = DIRECTION('', (0., -1., 0.));
#4688 = VECTOR('', #4687, 1.);
#4689 = CARTESIAN_POINT('', (131.5, 15., 27.5));
#4690 = LINE('', #4689, #4688);
#4691 = DIRECTION('', (0., -0., -1.));
#4692 = VECTOR('', #4691, 1.);
#4693 = CARTESIAN_POINT('', (106.5, -55., 27.5));
#4694 = LINE('', #4693, #4692);
#4695 = DIRECTION('', (1., -0., 0.));
#4696 = VECTOR('', #4695, 1.);
#4697 = CARTESIAN_POINT('', (106.5, -55., 2.5));
#4698 = LINE('', #4697, #4696);
#4699 = DIRECTION('', (0., -0., -1.));
#4700 = VECTOR('', #4699, 1.);
#4701 = CARTESIAN_POINT('', (131.5, -55., 27.5));
#4702 = LINE('', #4701, #4700);
#4703 = DIRECTION('', (0., 1., 0.));
#4704 = VECTOR('', #4703, 1.);
#4705 = CARTESIAN_POINT('', (106.5, -55., 2.5));
#4706 = LINE('', #4705, #4704);
#4707 = DIRECTION('', (0., 1., 0.));
#4708 = VECTOR('', #4707, 1.);
#4709 = CARTESIAN_POINT('', (131.5, -55., 2.5));
#4710 = LINE('', #4709, #4708);
#4711 = DIRECTION('', (0., 1., 0.));
#4712 = DIRECTION('', (1., -0., -0.));
#4713 = CARTESIAN_POINT('', (131.5, -38., 15.));
#4714 = AXIS2_PLACEMENT_3D('', #4713, #4712, #4711);
#4715 = CIRCLE('', #4714, 6.);
#4716 = DIRECTION('', (1., -0., 0.));
#4717 = VECTOR('', #4716, 1.);
#4718 = CARTESIAN_POINT('', (131.5, -32., 15.));
#4719 = LINE('', #4718, #4717);
#4720 = DIRECTION('', (0., 1., -0.));
#4721 = DIRECTION('', (1., -0., 0.));
#4722 = CARTESIAN_POINT('', (137.5, -38., 15.));
#4723 = AXIS2_PLACEMENT_3D('', #4722, #4721, #4720);
#4724 = CIRCLE('', #4723, 6.);
#4725 = DIRECTION('', (0., -1., -0.));
#4726 = DIRECTION('', (1., -0., 0.));
#4727 = CARTESIAN_POINT('', (137.5, -38., 15.));
#4728 = AXIS2_PLACEMENT_3D('', #4727, #4726, #4725);
#4729 = CIRCLE('', #4728, 6.);
#4730 = DIRECTION('', (1., -0., 0.));
#4731 = VECTOR('', #4730, 1.);
#4732 = CARTESIAN_POINT('', (131.5, -44., 15.));
#4733 = LINE('', #4732, #4731);
#4734 = DIRECTION('', (0., -1., -0.));
#4735 = DIRECTION('', (1., -0., 0.));
#4736 = CARTESIAN_POINT('', (131.5, -38., 15.));
#4737 = AXIS2_PLACEMENT_3D('', #4736, #4735, #4734);
#4738 = CIRCLE('', #4737, 6.);
#4739 = DIRECTION('', (0., -0., -1.));
#4740 = DIRECTION('', (1., -0., 0.));
#4741 = CARTESIAN_POINT('', (131.5, -38., 15.));
#4742 = AXIS2_PLACEMENT_3D('', #4741, #4740, #4739);
#4743 = CIRCLE('', #4742, 6.);
#4744 = DIRECTION('', (0., -0., 1.));
#4745 = DIRECTION('', (1., 0., 0.));
#4746 = CARTESIAN_POINT('', (131.5, -38., 15.));
#4747 = AXIS2_PLACEMENT_3D('', #4746, #4745, #4744);
#4748 = CIRCLE('', #4747, 6.);
#4749 = DIRECTION('', (0., 1., 0.));
#4750 = DIRECTION('', (1., -0., -0.));
#4751 = CARTESIAN_POINT('', (131.5, -2., 15.));
#4752 = AXIS2_PLACEMENT_3D('', #4751, #4750, #4749);
#4753 = CIRCLE('', #4752, 6.);
#4754 = DIRECTION('', (1., -0., 0.));
#4755 = VECTOR('', #4754, 1.);
#4756 = CARTESIAN_POINT('', (131.5, 4., 15.));
#4757 = LINE('', #4756, #4755);
#4758 = DIRECTION('', (0., 1., -0.));
#4759 = DIRECTION('', (1., -0., 0.));
#4760 = CARTESIAN_POINT('', (137.5, -2., 15.));
#4761 = AXIS2_PLACEMENT_3D('', #4760, #4759, #4758);
#4762 = CIRCLE('', #4761, 6.);
#4763 = DIRECTION('', (0., -1., -0.));
#4764 = DIRECTION('', (1., -0., 0.));
#4765 = CARTESIAN_POINT('', (137.5, -2., 15.));
#4766 = AXIS2_PLACEMENT_3D('', #4765, #4764, #4763);
#4767 = CIRCLE('', #4766, 6.);
#4768 = DIRECTION('', (1., -0., 0.));
#4769 = VECTOR('', #4768, 1.);
#4770 = CARTESIAN_POINT('', (131.5, -8., 15.));
#4771 = LINE('', #4770, #4769);
#4772 = DIRECTION('', (0., -1., -0.));
#4773 = DIRECTION('', (1., -0., 0.));
#4774 = CARTESIAN_POINT('', (131.5, -2., 15.));
#4775 = AXIS2_PLACEMENT_3D('', #4774, #4773, #4772);
#4776 = CIRCLE('', #4775, 6.);
#4777 = DIRECTION('', (0., 0., -1.));
#4778 = DIRECTION('', (1., -0., 0.));
#4779 = CARTESIAN_POINT('', (131.5, -2., 15.));
#4780 = AXIS2_PLACEMENT_3D('', #4779, #4778, #4777);
#4781 = CIRCLE('', #4780, 6.);
#4782 = DIRECTION('', (0., -0., 1.));
#4783 = DIRECTION('', (1., 0., 0.));
#4784 = CARTESIAN_POINT('', (131.5, -2., 15.));
#4785 = AXIS2_PLACEMENT_3D('', #4784, #4783, #4782);
#4786 = CIRCLE('', #4785, 6.);
#4787 = DIRECTION('', (0., 1., 0.));
#4788 = VECTOR('', #4787, 1.);
#4789 = CARTESIAN_POINT('', (75., -75., -2.));
#4790 = LINE('', #4789, #4788);
#4791 = DIRECTION('', (0., -0., 1.));
#4792 = VECTOR('', #4791, 1.);
#4793 = CARTESIAN_POINT('', (75., 75., -2.));
#4794 = LINE('', #4793, #4792);
#4795 = DIRECTION('', (0., 1., 0.));
#4796 = VECTOR('', #4795, 1.);
#4797 = CARTESIAN_POINT('', (75., -75., 2.));
#4798 = LINE('', #4797, #4796);
#4799 = DIRECTION('', (0., -0., 1.));
#4800 = VECTOR('', #4799, 1.);
#4801 = CARTESIAN_POINT('', (75., -75., -2.));
#4802 = LINE('', #4801, #4800);
#4803 = DIRECTION('', (-1., -0., 0.));
#4804 = VECTOR('', #4803, 1.);
#4805 = CARTESIAN_POINT('', (75., 75., -2.));
#4806 = LINE('', #4805, #4804);
#4807 = DIRECTION('', (0., -0., 1.));
#4808 = VECTOR('', #4807, 1.);
#4809 = CARTESIAN_POINT('', (-75., 75., -2.));
#4810 = LINE('', #4809, #4808);
#4811 = DIRECTION('', (-1., -0., 0.));
#4812 = VECTOR('', #4811, 1.);
#4813 = CARTESIAN_POINT('', (75., 75., 2.));
#4814 = LINE('', #4813, #4812);
#4815 = DIRECTION('', (0., -1., 0.));
#4816 = VECTOR('', #4815, 1.);
#4817 = CARTESIAN_POINT('', (-75., 75., -2.));
#4818 = LINE('', #4817, #4816);
#4819 = DIRECTION('', (0., -0., 1.));
#4820 = VECTOR('', #4819, 1.);
#4821 = CARTESIAN_POINT('', (-75., -75., -2.));
#4822 = LINE('', #4821, #4820);
#4823 = DIRECTION('', (0., -1., 0.));
#4824 = VECTOR('', #4823, 1.);
#4825 = CARTESIAN_POINT('', (-75., 75., 2.));
#4826 = LINE('', #4825, #4824);
#4827 = DIRECTION('', (1., -0., 0.));
#4828 = VECTOR('', #4827, 1.);
#4829 = CARTESIAN_POINT('', (-75., -75., -2.));
#4830 = LINE('', #4829, #4828);
#4831 = DIRECTION('', (1., -0., 0.));
#4832 = VECTOR('', #4831, 1.);
#4833 = CARTESIAN_POINT('', (-75., -75., 2.));
#4834 = LINE('', #4833, #4832);
#4835 = DIRECTION('', (1., -0., 0.));
#4836 = DIRECTION('', (-0., -0., 1.));
#4837 = CARTESIAN_POINT('', (30., 30., -2.));
#4838 = AXIS2_PLACEMENT_3D('', #4837, #4836, #4835);
#4839 = CIRCLE('', #4838, 1.7);
#4840 = DIRECTION('', (1., 0., 0.));
#4841 = DIRECTION('', (0., -0., -1.));
#4842 = CARTESIAN_POINT('', (30., 30., -2.));
#4843 = AXIS2_PLACEMENT_3D('', #4842, #4841, #4840);
#4844 = CIRCLE('', #4843, 1.7);
#4845 = DIRECTION('', (1., -0., -0.));
#4846 = DIRECTION('', (0., 0., 1.));
#4847 = CARTESIAN_POINT('', (30., 30., 2.));
#4848 = AXIS2_PLACEMENT_3D('', #4847, #4846, #4845);
#4849 = CIRCLE('', #4848, 1.7);
#4850 = DIRECTION('', (1., 0., -0.));
#4851 = DIRECTION('', (-0., 0., -1.));
#4852 = CARTESIAN_POINT('', (30., 30., 2.));
#4853 = AXIS2_PLACEMENT_3D('', #4852, #4851, #4850);
#4854 = CIRCLE('', #4853, 1.7);
#4855 = DIRECTION('', (-0.00000001, -1., -0.));
#4856 = DIRECTION('', (-0., 0., -1.));
#4857 = CARTESIAN_POINT('', (30., 30., -2.));
#4858 = AXIS2_PLACEMENT_3D('', #4857, #4856, #4855);
#4859 = CIRCLE('', #4858, 1.7);
#4860 = DIRECTION('', (0.00000001, 1., 0.));
#4861 = DIRECTION('', (-0., 0., 1.));
#4862 = CARTESIAN_POINT('', (30., 30., -2.));
#4863 = AXIS2_PLACEMENT_3D('', #4862, #4861, #4860);
#4864 = CIRCLE('', #4863, 1.7);
#4865 = DIRECTION('', (0.00000001, -1., -0.));
#4866 = DIRECTION('', (0., 0., -1.));
#4867 = CARTESIAN_POINT('', (30., 30., 2.));
#4868 = AXIS2_PLACEMENT_3D('', #4867, #4866, #4865);
#4869 = CIRCLE('', #4868, 1.7);
#4870 = DIRECTION('', (-0.00000001, 1., 0.));
#4871 = DIRECTION('', (-0., -0., 1.));
#4872 = CARTESIAN_POINT('', (30., 30., 2.));
#4873 = AXIS2_PLACEMENT_3D('', #4872, #4871, #4870);
#4874 = CIRCLE('', #4873, 1.7);
#4875 = DIRECTION('', (0., -0., 1.));
#4876 = VECTOR('', #4875, 1.);
#4877 = CARTESIAN_POINT('', (28.3, 30., -2.));
#4878 = LINE('', #4877, #4876);
#4879 = DIRECTION('', (-0., -0., 1.));
#4880 = VECTOR('', #4879, 1.);
#4881 = CARTESIAN_POINT('', (31.7, 30., -2.));
#4882 = LINE('', #4881, #4880);
#4883 = DIRECTION('', (1., -0., -0.));
#4884 = DIRECTION('', (0., 0., 1.));
#4885 = CARTESIAN_POINT('', (-30., 30., -2.));
#4886 = AXIS2_PLACEMENT_3D('', #4885, #4884, #4883);
#4887 = CIRCLE('', #4886, 1.7);
#4888 = DIRECTION('', (1., 0., 0.));
#4889 = DIRECTION('', (0., -0., -1.));
#4890 = CARTESIAN_POINT('', (-30., 30., -2.));
#4891 = AXIS2_PLACEMENT_3D('', #4890, #4889, #4888);
#4892 = CIRCLE('', #4891, 1.7);
#4893 = DIRECTION('', (1., -0., -0.));
#4894 = DIRECTION('', (0., 0., 1.));
#4895 = CARTESIAN_POINT('', (-30., 30., 2.));
#4896 = AXIS2_PLACEMENT_3D('', #4895, #4894, #4893);
#4897 = CIRCLE('', #4896, 1.7);
#4898 = DIRECTION('', (1., 0., 0.));
#4899 = DIRECTION('', (0., -0., -1.));
#4900 = CARTESIAN_POINT('', (-30., 30., 2.));
#4901 = AXIS2_PLACEMENT_3D('', #4900, #4899, #4898);
#4902 = CIRCLE('', #4901, 1.7);
#4903 = DIRECTION('', (-0.00000001, -1., 0.));
#4904 = DIRECTION('', (-0., -0., -1.));
#4905 = CARTESIAN_POINT('', (-30., 30., -2.));
#4906 = AXIS2_PLACEMENT_3D('', #4905, #4904, #4903);
#4907 = CIRCLE('', #4906, 1.7);
#4908 = DIRECTION('', (0.00000001, 1., 0.));
#4909 = DIRECTION('', (0., -0., 1.));
#4910 = CARTESIAN_POINT('', (-30., 30., -2.));
#4911 = AXIS2_PLACEMENT_3D('', #4910, #4909, #4908);
#4912 = CIRCLE('', #4911, 1.7);
#4913 = DIRECTION('', (0.00000001, -1., 0.));
#4914 = DIRECTION('', (-0., -0., -1.));
#4915 = CARTESIAN_POINT('', (-30., 30., 2.));
#4916 = AXIS2_PLACEMENT_3D('', #4915, #4914, #4913);
#4917 = CIRCLE('', #4916, 1.7);
#4918 = DIRECTION('', (-0.00000001, 1., -0.));
#4919 = DIRECTION('', (-0., 0., 1.));
#4920 = CARTESIAN_POINT('', (-30., 30., 2.));
#4921 = AXIS2_PLACEMENT_3D('', #4920, #4919, #4918);
#4922 = CIRCLE('', #4921, 1.7);
#4923 = DIRECTION('', (0., -0., 1.));
#4924 = VECTOR('', #4923, 1.);
#4925 = CARTESIAN_POINT('', (-31.7, 30., -2.));
#4926 = LINE('', #4925, #4924);
#4927 = DIRECTION('', (0., -0., 1.));
#4928 = VECTOR('', #4927, 1.);
#4929 = CARTESIAN_POINT('', (-28.3, 30., -2.));
#4930 = LINE('', #4929, #4928);
#4931 = DIRECTION('', (1., -0., -0.));
#4932 = DIRECTION('', (0., 0., 1.));
#4933 = CARTESIAN_POINT('', (-30., -30., -2.));
#4934 = AXIS2_PLACEMENT_3D('', #4933, #4932, #4931);
#4935 = CIRCLE('', #4934, 1.7);
#4936 = DIRECTION('', (1., 0., 0.));
#4937 = DIRECTION('', (0., -0., -1.));
#4938 = CARTESIAN_POINT('', (-30., -30., -2.));
#4939 = AXIS2_PLACEMENT_3D('', #4938, #4937, #4936);
#4940 = CIRCLE('', #4939, 1.7);
#4941 = DIRECTION('', (1., -0., -0.));
#4942 = DIRECTION('', (0., 0., 1.));
#4943 = CARTESIAN_POINT('', (-30., -30., 2.));
#4944 = AXIS2_PLACEMENT_3D('', #4943, #4942, #4941);
#4945 = CIRCLE('', #4944, 1.7);
#4946 = DIRECTION('', (1., 0., 0.));
#4947 = DIRECTION('', (0., -0., -1.));
#4948 = CARTESIAN_POINT('', (-30., -30., 2.));
#4949 = AXIS2_PLACEMENT_3D('', #4948, #4947, #4946);
#4950 = CIRCLE('', #4949, 1.7);
#4951 = DIRECTION('', (-0.00000001, -1., 0.));
#4952 = DIRECTION('', (-0., -0., -1.));
#4953 = CARTESIAN_POINT('', (-30., -30., -2.));
#4954 = AXIS2_PLACEMENT_3D('', #4953, #4952, #4951);
#4955 = CIRCLE('', #4954, 1.7);
#4956 = DIRECTION('', (0.00000001, 1., 0.));
#4957 = DIRECTION('', (-0., -0., 1.));
#4958 = CARTESIAN_POINT('', (-30., -30., -2.));
#4959 = AXIS2_PLACEMENT_3D('', #4958, #4957, #4956);
#4960 = CIRCLE('', #4959, 1.7);
#4961 = DIRECTION('', (0.00000001, -1., -0.));
#4962 = DIRECTION('', (-0., 0., -1.));
#4963 = CARTESIAN_POINT('', (-30., -30., 2.));
#4964 = AXIS2_PLACEMENT_3D('', #4963, #4962, #4961);
#4965 = CIRCLE('', #4964, 1.7);
#4966 = DIRECTION('', (-0.00000001, 1., -0.));
#4967 = DIRECTION('', (-0., 0., 1.));
#4968 = CARTESIAN_POINT('', (-30., -30., 2.));
#4969 = AXIS2_PLACEMENT_3D('', #4968, #4967, #4966);
#4970 = CIRCLE('', #4969, 1.7);
#4971 = DIRECTION('', (0., -0., 1.));
#4972 = VECTOR('', #4971, 1.);
#4973 = CARTESIAN_POINT('', (-31.7, -30., -2.));
#4974 = LINE('', #4973, #4972);
#4975 = DIRECTION('', (0., -0., 1.));
#4976 = VECTOR('', #4975, 1.);
#4977 = CARTESIAN_POINT('', (-28.3, -30., -2.));
#4978 = LINE('', #4977, #4976);
#4979 = DIRECTION('', (1., -0., -0.));
#4980 = DIRECTION('', (0., 0., 1.));
#4981 = CARTESIAN_POINT('', (30., -30., -2.));
#4982 = AXIS2_PLACEMENT_3D('', #4981, #4980, #4979);
#4983 = CIRCLE('', #4982, 1.7);
#4984 = DIRECTION('', (1., 0., -0.));
#4985 = DIRECTION('', (-0., 0., -1.));
#4986 = CARTESIAN_POINT('', (30., -30., -2.));
#4987 = AXIS2_PLACEMENT_3D('', #4986, #4985, #4984);
#4988 = CIRCLE('', #4987, 1.7);
#4989 = DIRECTION('', (1., -0., -0.));
#4990 = DIRECTION('', (0., 0., 1.));
#4991 = CARTESIAN_POINT('', (30., -30., 2.));
#4992 = AXIS2_PLACEMENT_3D('', #4991, #4990, #4989);
#4993 = CIRCLE('', #4992, 1.7);
#4994 = DIRECTION('', (1., 0., 0.));
#4995 = DIRECTION('', (0., 0., -1.));
#4996 = CARTESIAN_POINT('', (30., -30., 2.));
#4997 = AXIS2_PLACEMENT_3D('', #4996, #4995, #4994);
#4998 = CIRCLE('', #4997, 1.7);
#4999 = DIRECTION('', (-0.00000001, -1., -0.));
#5000 = DIRECTION('', (-0., 0., -1.));
#5001 = CARTESIAN_POINT('', (30., -30., -2.));
#5002 = AXIS2_PLACEMENT_3D('', #5001, #5000, #4999);
#5003 = CIRCLE('', #5002, 1.7);
#5004 = DIRECTION('', (0.00000001, 1., 0.));
#5005 = DIRECTION('', (-0., -0., 1.));
#5006 = CARTESIAN_POINT('', (30., -30., -2.));
#5007 = AXIS2_PLACEMENT_3D('', #5006, #5005, #5004);
#5008 = CIRCLE('', #5007, 1.7);
#5009 = DIRECTION('', (0.00000001, -1., -0.));
#5010 = DIRECTION('', (-0., 0., -1.));
#5011 = CARTESIAN_POINT('', (30., -30., 2.));
#5012 = AXIS2_PLACEMENT_3D('', #5011, #5010, #5009);
#5013 = CIRCLE('', #5012, 1.7);
#5014 = DIRECTION('', (-0.00000001, 1., 0.));
#5015 = DIRECTION('', (0., -0., 1.));
#5016 = CARTESIAN_POINT('', (30., -30., 2.));
#5017 = AXIS2_PLACEMENT_3D('', #5016, #5015, #5014);
#5018 = CIRCLE('', #5017, 1.7);
#5019 = DIRECTION('', (0., -0., 1.));
#5020 = VECTOR('', #5019, 1.);
#5021 = CARTESIAN_POINT('', (28.3, -30., -2.));
#5022 = LINE('', #5021, #5020);
#5023 = DIRECTION('', (-0., -0., 1.));
#5024 = VECTOR('', #5023, 1.);
#5025 = CARTESIAN_POINT('', (31.7, -30., -2.));
#5026 = LINE('', #5025, #5024);
#5027 = DIRECTION('', (1., 0., 0.));
#5028 = DIRECTION('', (0., -0., 1.));
#5029 = CARTESIAN_POINT('', (-35., 55., -2.));
#5030 = AXIS2_PLACEMENT_3D('', #5029, #5028, #5027);
#5031 = CIRCLE('', #5030, 14.);
#5032 = DIRECTION('', (1., -0., 0.));
#5033 = DIRECTION('', (0., 0., -1.));
#5034 = CARTESIAN_POINT('', (-35., 55., -2.));
#5035 = AXIS2_PLACEMENT_3D('', #5034, #5033, #5032);
#5036 = CIRCLE('', #5035, 14.);
#5037 = DIRECTION('', (1., -0., 0.));
#5038 = DIRECTION('', (-0., -0., 1.));
#5039 = CARTESIAN_POINT('', (-35., 55., 2.));
#5040 = AXIS2_PLACEMENT_3D('', #5039, #5038, #5037);
#5041 = CIRCLE('', #5040, 14.);
#5042 = DIRECTION('', (1., -0., 0.));
#5043 = DIRECTION('', (0., -0., -1.));
#5044 = CARTESIAN_POINT('', (-35., 55., 2.));
#5045 = AXIS2_PLACEMENT_3D('', #5044, #5043, #5042);
#5046 = CIRCLE('', #5045, 14.);
#5047 = DIRECTION('', (0., -1., 0.));
#5048 = DIRECTION('', (-0., -0., -1.));
#5049 = CARTESIAN_POINT('', (-35., 55., -2.));
#5050 = AXIS2_PLACEMENT_3D('', #5049, #5048, #5047);
#5051 = CIRCLE('', #5050, 14.);
#5052 = DIRECTION('', (-0., 1., 0.));
#5053 = DIRECTION('', (0., -0., 1.));
#5054 = CARTESIAN_POINT('', (-35., 55., -2.));
#5055 = AXIS2_PLACEMENT_3D('', #5054, #5053, #5052);
#5056 = CIRCLE('', #5055, 14.);
#5057 = DIRECTION('', (0., -1., 0.));
#5058 = DIRECTION('', (-0., -0., -1.));
#5059 = CARTESIAN_POINT('', (-35., 55., 2.));
#5060 = AXIS2_PLACEMENT_3D('', #5059, #5058, #5057);
#5061 = CIRCLE('', #5060, 14.);
#5062 = DIRECTION('', (0., 1., 0.));
#5063 = DIRECTION('', (0., -0., 1.));
#5064 = CARTESIAN_POINT('', (-35., 55., 2.));
#5065 = AXIS2_PLACEMENT_3D('', #5064, #5063, #5062);
#5066 = CIRCLE('', #5065, 14.);
#5067 = DIRECTION('', (0., -0., 1.));
#5068 = VECTOR('', #5067, 1.);
#5069 = CARTESIAN_POINT('', (-49., 55., -2.));
#5070 = LINE('', #5069, #5068);
#5071 = DIRECTION('', (0., -0., 1.));
#5072 = VECTOR('', #5071, 1.);
#5073 = CARTESIAN_POINT('', (-21., 55., -2.));
#5074 = LINE('', #5073, #5072);
#5075 = DIRECTION('', (1., 0., 0.));
#5076 = DIRECTION('', (-0., -0., 1.));
#5077 = CARTESIAN_POINT('', (-35., -55., -2.));
#5078 = AXIS2_PLACEMENT_3D('', #5077, #5076, #5075);
#5079 = CIRCLE('', #5078, 11.);
#5080 = DIRECTION('', (1., 0., -0.));
#5081 = DIRECTION('', (-0., -0., -1.));
#5082 = CARTESIAN_POINT('', (-35., -55., -2.));
#5083 = AXIS2_PLACEMENT_3D('', #5082, #5081, #5080);
#5084 = CIRCLE('', #5083, 11.);
#5085 = DIRECTION('', (1., -0., 0.));
#5086 = DIRECTION('', (-0., -0., 1.));
#5087 = CARTESIAN_POINT('', (-35., -55., 2.));
#5088 = AXIS2_PLACEMENT_3D('', #5087, #5086, #5085);
#5089 = CIRCLE('', #5088, 11.);
#5090 = DIRECTION('', (1., 0., 0.));
#5091 = DIRECTION('', (-0., 0., -1.));
#5092 = CARTESIAN_POINT('', (-35., -55., 2.));
#5093 = AXIS2_PLACEMENT_3D('', #5092, #5091, #5090);
#5094 = CIRCLE('', #5093, 11.);
#5095 = DIRECTION('', (0., -1., -0.));
#5096 = DIRECTION('', (0., 0., -1.));
#5097 = CARTESIAN_POINT('', (-35., -55., -2.));
#5098 = AXIS2_PLACEMENT_3D('', #5097, #5096, #5095);
#5099 = CIRCLE('', #5098, 11.);
#5100 = DIRECTION('', (-0., 1., 0.));
#5101 = DIRECTION('', (0., -0., 1.));
#5102 = CARTESIAN_POINT('', (-35., -55., -2.));
#5103 = AXIS2_PLACEMENT_3D('', #5102, #5101, #5100);
#5104 = CIRCLE('', #5103, 11.);
#5105 = DIRECTION('', (0.00000002, -1., -0.));
#5106 = DIRECTION('', (0., 0., -1.));
#5107 = CARTESIAN_POINT('', (-35., -55., 2.));
#5108 = AXIS2_PLACEMENT_3D('', #5107, #5106, #5105);
#5109 = CIRCLE('', #5108, 11.);
#5110 = DIRECTION('', (0., 1., -0.));
#5111 = DIRECTION('', (-0., 0., 1.));
#5112 = CARTESIAN_POINT('', (-35., -55., 2.));
#5113 = AXIS2_PLACEMENT_3D('', #5112, #5111, #5110);
#5114 = CIRCLE('', #5113, 11.);
#5115 = DIRECTION('', (0., -0., 1.));
#5116 = VECTOR('', #5115, 1.);
#5117 = CARTESIAN_POINT('', (-46., -55., -2.));
#5118 = LINE('', #5117, #5116);
#5119 = DIRECTION('', (0., -0., 1.));
#5120 = VECTOR('', #5119, 1.);
#5121 = CARTESIAN_POINT('', (-24., -55., -2.));
#5122 = LINE('', #5121, #5120);
#5123 = DIRECTION('', (0., 1., 0.));
#5124 = VECTOR('', #5123, 1.);
#5125 = CARTESIAN_POINT('', (134.24799769, 84.24799769, -2.));
#5126 = LINE('', #5125, #5124);
#5127 = DIRECTION('', (0., -0., 1.));
#5128 = VECTOR('', #5127, 1.);
#5129 = CARTESIAN_POINT('', (134.24799769, 134.24799769, -2.));
#5130 = LINE('', #5129, #5128);
#5131 = DIRECTION('', (0., 1., 0.));
#5132 = VECTOR('', #5131, 1.);
#5133 = CARTESIAN_POINT('', (134.24799769, 84.24799769, 2.));
#5134 = LINE('', #5133, #5132);
#5135 = DIRECTION('', (0., -0., 1.));
#5136 = VECTOR('', #5135, 1.);
#5137 = CARTESIAN_POINT('', (134.24799769, 84.24799769, -2.));
#5138 = LINE('', #5137, #5136);
#5139 = DIRECTION('', (-1., -0., 0.));
#5140 = VECTOR('', #5139, 1.);
#5141 = CARTESIAN_POINT('', (134.24799769, 134.24799769, -2.));
#5142 = LINE('', #5141, #5140);
#5143 = DIRECTION('', (0., -0., 1.));
#5144 = VECTOR('', #5143, 1.);
#5145 = CARTESIAN_POINT('', (84.24799769, 134.24799769, -2.));
#5146 = LINE('', #5145, #5144);
#5147 = DIRECTION('', (-1., -0., 0.));
#5148 = VECTOR('', #5147, 1.);
#5149 = CARTESIAN_POINT('', (134.24799769, 134.24799769, 2.));
#5150 = LINE('', #5149, #5148);
#5151 = DIRECTION('', (0., -1., 0.));
#5152 = VECTOR('', #5151, 1.);
#5153 = CARTESIAN_POINT('', (84.24799769, 134.24799769, -2.));
#5154 = LINE('', #5153, #5152);
#5155 = DIRECTION('', (0., -0., 1.));
#5156 = VECTOR('', #5155, 1.);
#5157 = CARTESIAN_POINT('', (84.24799769, 84.24799769, -2.));
#5158 = LINE('', #5157, #5156);
#5159 = DIRECTION('', (0., -1., 0.));
#5160 = VECTOR('', #5159, 1.);
#5161 = CARTESIAN_POINT('', (84.24799769, 134.24799769, 2.));
#5162 = LINE('', #5161, #5160);
#5163 = DIRECTION('', (1., -0., 0.));
#5164 = VECTOR('', #5163, 1.);
#5165 = CARTESIAN_POINT('', (84.24799769, 84.24799769, -2.));
#5166 = LINE('', #5165, #5164);
#5167 = DIRECTION('', (1., -0., 0.));
#5168 = VECTOR('', #5167, 1.);
#5169 = CARTESIAN_POINT('', (84.24799769, 84.24799769, 2.));
#5170 = LINE('', #5169, #5168);
#5171 = DIRECTION('', (1., -0., -0.));
#5172 = DIRECTION('', (0., 0., 1.));
#5173 = CARTESIAN_POINT('', (109.24799769, 109.24799769, -2.));
#5174 = AXIS2_PLACEMENT_3D('', #5173, #5172, #5171);
#5175 = CIRCLE('', #5174, 6.);
#5176 = DIRECTION('', (1., 0., 0.));
#5177 = DIRECTION('', (0., -0., -1.));
#5178 = CARTESIAN_POINT('', (109.24799769, 109.24799769, -2.));
#5179 = AXIS2_PLACEMENT_3D('', #5178, #5177, #5176);
#5180 = CIRCLE('', #5179, 6.);
#5181 = DIRECTION('', (1., 0., -0.));
#5182 = DIRECTION('', (0., 0., 1.));
#5183 = CARTESIAN_POINT('', (109.24799769, 109.24799769, 2.));
#5184 = AXIS2_PLACEMENT_3D('', #5183, #5182, #5181);
#5185 = CIRCLE('', #5184, 6.);
#5186 = DIRECTION('', (1., 0., -0.));
#5187 = DIRECTION('', (-0., 0., -1.));
#5188 = CARTESIAN_POINT('', (109.24799769, 109.24799769, 2.));
#5189 = AXIS2_PLACEMENT_3D('', #5188, #5187, #5186);
#5190 = CIRCLE('', #5189, 6.);
#5191 = DIRECTION('', (0., -1., -0.));
#5192 = DIRECTION('', (0., 0., -1.));
#5193 = CARTESIAN_POINT('', (109.24799769, 109.24799769, -2.));
#5194 = AXIS2_PLACEMENT_3D('', #5193, #5192, #5191);
#5195 = CIRCLE('', #5194, 6.);
#5196 = DIRECTION('', (-0., 1., -0.));
#5197 = DIRECTION('', (-0., 0., 1.));
#5198 = CARTESIAN_POINT('', (109.24799769, 109.24799769, -2.));
#5199 = AXIS2_PLACEMENT_3D('', #5198, #5197, #5196);
#5200 = CIRCLE('', #5199, 6.);
#5201 = DIRECTION('', (0.00000001, -1., 0.));
#5202 = DIRECTION('', (-0., -0., -1.));
#5203 = CARTESIAN_POINT('', (109.24799769, 109.24799769, 2.));
#5204 = AXIS2_PLACEMENT_3D('', #5203, #5202, #5201);
#5205 = CIRCLE('', #5204, 6.);
#5206 = DIRECTION('', (-0.00000001, 1., -0.));
#5207 = DIRECTION('', (-0., 0., 1.));
#5208 = CARTESIAN_POINT('', (109.24799769, 109.24799769, 2.));
#5209 = AXIS2_PLACEMENT_3D('', #5208, #5207, #5206);
#5210 = CIRCLE('', #5209, 6.);
#5211 = DIRECTION('', (0., -0., 1.));
#5212 = VECTOR('', #5211, 1.);
#5213 = CARTESIAN_POINT('', (103.24799769, 109.24799769, -2.));
#5214 = LINE('', #5213, #5212);
#5215 = DIRECTION('', (0., -0., 1.));
#5216 = VECTOR('', #5215, 1.);
#5217 = CARTESIAN_POINT('', (115.24799769, 109.24799769, -2.));
#5218 = LINE('', #5217, #5216);
#5219 = DIRECTION('', (1., -0., -0.));
#5220 = DIRECTION('', (0., 0., 1.));
#5221 = CARTESIAN_POINT('', (121.74799769, 121.74799769, -2.));
#5222 = AXIS2_PLACEMENT_3D('', #5221, #5220, #5219);
#5223 = CIRCLE('', #5222, 1.7);
#5224 = DIRECTION('', (1., 0., 0.));
#5225 = DIRECTION('', (0., -0., -1.));
#5226 = CARTESIAN_POINT('', (121.74799769, 121.74799769, -2.));
#5227 = AXIS2_PLACEMENT_3D('', #5226, #5225, #5224);
#5228 = CIRCLE('', #5227, 1.7);
#5229 = DIRECTION('', (1., -0., -0.));
#5230 = DIRECTION('', (0., 0., 1.));
#5231 = CARTESIAN_POINT('', (121.74799769, 121.74799769, 2.));
#5232 = AXIS2_PLACEMENT_3D('', #5231, #5230, #5229);
#5233 = CIRCLE('', #5232, 1.7);
#5234 = DIRECTION('', (1., 0., 0.));
#5235 = DIRECTION('', (0., -0., -1.));
#5236 = CARTESIAN_POINT('', (121.74799769, 121.74799769, 2.));
#5237 = AXIS2_PLACEMENT_3D('', #5236, #5235, #5234);
#5238 = CIRCLE('', #5237, 1.7);
#5239 = DIRECTION('', (-0.00000001, -1., 0.));
#5240 = DIRECTION('', (-0., -0., -1.));
#5241 = CARTESIAN_POINT('', (121.74799769, 121.74799769, -2.));
#5242 = AXIS2_PLACEMENT_3D('', #5241, #5240, #5239);
#5243 = CIRCLE('', #5242, 1.7);
#5244 = DIRECTION('', (0.00000001, 1., 0.));
#5245 = DIRECTION('', (-0., -0., 1.));
#5246 = CARTESIAN_POINT('', (121.74799769, 121.74799769, -2.));
#5247 = AXIS2_PLACEMENT_3D('', #5246, #5245, #5244);
#5248 = CIRCLE('', #5247, 1.7);
#5249 = DIRECTION('', (0.00000001, -1., 0.));
#5250 = DIRECTION('', (-0., -0., -1.));
#5251 = CARTESIAN_POINT('', (121.74799769, 121.74799769, 2.));
#5252 = AXIS2_PLACEMENT_3D('', #5251, #5250, #5249);
#5253 = CIRCLE('', #5252, 1.7);
#5254 = DIRECTION('', (-0.00000001, 1., 0.));
#5255 = DIRECTION('', (0., -0., 1.));
#5256 = CARTESIAN_POINT('', (121.74799769, 121.74799769, 2.));
#5257 = AXIS2_PLACEMENT_3D('', #5256, #5255, #5254);
#5258 = CIRCLE('', #5257, 1.7);
#5259 = DIRECTION('', (0., -0., 1.));
#5260 = VECTOR('', #5259, 1.);
#5261 = CARTESIAN_POINT('', (120.04799769, 121.74799769, -2.));
#5262 = LINE('', #5261, #5260);
#5263 = DIRECTION('', (0., -0., 1.));
#5264 = VECTOR('', #5263, 1.);
#5265 = CARTESIAN_POINT('', (123.44799769, 121.74799769, -2.));
#5266 = LINE('', #5265, #5264);
#5267 = DIRECTION('', (1., -0., -0.));
#5268 = DIRECTION('', (0., 0., 1.));
#5269 = CARTESIAN_POINT('', (96.74799769, 121.74799769, -2.));
#5270 = AXIS2_PLACEMENT_3D('', #5269, #5268, #5267);
#5271 = CIRCLE('', #5270, 1.7);
#5272 = DIRECTION('', (1., 0., 0.));
#5273 = DIRECTION('', (0., -0., -1.));
#5274 = CARTESIAN_POINT('', (96.74799769, 121.74799769, -2.));
#5275 = AXIS2_PLACEMENT_3D('', #5274, #5273, #5272);
#5276 = CIRCLE('', #5275, 1.7);
#5277 = DIRECTION('', (1., -0., -0.));
#5278 = DIRECTION('', (0., 0., 1.));
#5279 = CARTESIAN_POINT('', (96.74799769, 121.74799769, 2.));
#5280 = AXIS2_PLACEMENT_3D('', #5279, #5278, #5277);
#5281 = CIRCLE('', #5280, 1.7);
#5282 = DIRECTION('', (1., 0., 0.));
#5283 = DIRECTION('', (0., -0., -1.));
#5284 = CARTESIAN_POINT('', (96.74799769, 121.74799769, 2.));
#5285 = AXIS2_PLACEMENT_3D('', #5284, #5283, #5282);
#5286 = CIRCLE('', #5285, 1.7);
#5287 = DIRECTION('', (-0.00000001, -1., -0.));
#5288 = DIRECTION('', (0., 0., -1.));
#5289 = CARTESIAN_POINT('', (96.74799769, 121.74799769, -2.));
#5290 = AXIS2_PLACEMENT_3D('', #5289, #5288, #5287);
#5291 = CIRCLE('', #5290, 1.7);
#5292 = DIRECTION('', (0.00000001, 1., -0.));
#5293 = DIRECTION('', (-0., 0., 1.));
#5294 = CARTESIAN_POINT('', (96.74799769, 121.74799769, -2.));
#5295 = AXIS2_PLACEMENT_3D('', #5294, #5293, #5292);
#5296 = CIRCLE('', #5295, 1.7);
#5297 = DIRECTION('', (0.00000001, -1., 0.));
#5298 = DIRECTION('', (-0., -0., -1.));
#5299 = CARTESIAN_POINT('', (96.74799769, 121.74799769, 2.));
#5300 = AXIS2_PLACEMENT_3D('', #5299, #5298, #5297);
#5301 = CIRCLE('', #5300, 1.7);
#5302 = DIRECTION('', (-0.00000001, 1., 0.));
#5303 = DIRECTION('', (0., -0., 1.));
#5304 = CARTESIAN_POINT('', (96.74799769, 121.74799769, 2.));
#5305 = AXIS2_PLACEMENT_3D('', #5304, #5303, #5302);
#5306 = CIRCLE('', #5305, 1.7);
#5307 = DIRECTION('', (0., -0., 1.));
#5308 = VECTOR('', #5307, 1.);
#5309 = CARTESIAN_POINT('', (95.04799769, 121.74799769, -2.));
#5310 = LINE('', #5309, #5308);
#5311 = DIRECTION('', (0., -0., 1.));
#5312 = VECTOR('', #5311, 1.);
#5313 = CARTESIAN_POINT('', (98.44799769, 121.74799769, -2.));
#5314 = LINE('', #5313, #5312);
#5315 = DIRECTION('', (1., -0., -0.));
#5316 = DIRECTION('', (0., 0., 1.));
#5317 = CARTESIAN_POINT('', (96.74799769, 96.74799769, -2.));
#5318 = AXIS2_PLACEMENT_3D('', #5317, #5316, #5315);
#5319 = CIRCLE('', #5318, 1.7);
#5320 = DIRECTION('', (1., 0., 0.));
#5321 = DIRECTION('', (0., -0., -1.));
#5322 = CARTESIAN_POINT('', (96.74799769, 96.74799769, -2.));
#5323 = AXIS2_PLACEMENT_3D('', #5322, #5321, #5320);
#5324 = CIRCLE('', #5323, 1.7);
#5325 = DIRECTION('', (1., -0., -0.));
#5326 = DIRECTION('', (0., -0., 1.));
#5327 = CARTESIAN_POINT('', (96.74799769, 96.74799769, 2.));
#5328 = AXIS2_PLACEMENT_3D('', #5327, #5326, #5325);
#5329 = CIRCLE('', #5328, 1.7);
#5330 = DIRECTION('', (1., 0., 0.));
#5331 = DIRECTION('', (0., -0., -1.));
#5332 = CARTESIAN_POINT('', (96.74799769, 96.74799769, 2.));
#5333 = AXIS2_PLACEMENT_3D('', #5332, #5331, #5330);
#5334 = CIRCLE('', #5333, 1.7);
#5335 = DIRECTION('', (-0.00000001, -1., 0.));
#5336 = DIRECTION('', (-0., -0., -1.));
#5337 = CARTESIAN_POINT('', (96.74799769, 96.74799769, -2.));
#5338 = AXIS2_PLACEMENT_3D('', #5337, #5336, #5335);
#5339 = CIRCLE('', #5338, 1.7);
#5340 = DIRECTION('', (0.00000001, 1., 0.));
#5341 = DIRECTION('', (0., -0., 1.));
#5342 = CARTESIAN_POINT('', (96.74799769, 96.74799769, -2.));
#5343 = AXIS2_PLACEMENT_3D('', #5342, #5341, #5340);
#5344 = CIRCLE('', #5343, 1.7);
#5345 = DIRECTION('', (0.00000001, -1., 0.));
#5346 = DIRECTION('', (-0., -0., -1.));
#5347 = CARTESIAN_POINT('', (96.74799769, 96.74799769, 2.));
#5348 = AXIS2_PLACEMENT_3D('', #5347, #5346, #5345);
#5349 = CIRCLE('', #5348, 1.7);
#5350 = DIRECTION('', (-0.00000001, 1., 0.));
#5351 = DIRECTION('', (-0., -0., 1.));
#5352 = CARTESIAN_POINT('', (96.74799769, 96.74799769, 2.));
#5353 = AXIS2_PLACEMENT_3D('', #5352, #5351, #5350);
#5354 = CIRCLE('', #5353, 1.7);
#5355 = DIRECTION('', (0., -0., 1.));
#5356 = VECTOR('', #5355, 1.);
#5357 = CARTESIAN_POINT('', (95.04799769, 96.74799769, -2.));
#5358 = LINE('', #5357, #5356);
#5359 = DIRECTION('', (0., -0., 1.));
#5360 = VECTOR('', #5359, 1.);
#5361 = CARTESIAN_POINT('', (98.44799769, 96.74799769, -2.));
#5362 = LINE('', #5361, #5360);
#5363 = DIRECTION('', (1., -0., -0.));
#5364 = DIRECTION('', (0., 0., 1.));
#5365 = CARTESIAN_POINT('', (121.74799769, 96.74799769, -2.));
#5366 = AXIS2_PLACEMENT_3D('', #5365, #5364, #5363);
#5367 = CIRCLE('', #5366, 1.7);
#5368 = DIRECTION('', (1., 0., -0.));
#5369 = DIRECTION('', (-0., 0., -1.));
#5370 = CARTESIAN_POINT('', (121.74799769, 96.74799769, -2.));
#5371 = AXIS2_PLACEMENT_3D('', #5370, #5369, #5368);
#5372 = CIRCLE('', #5371, 1.7);
#5373 = DIRECTION('', (1., -0., 0.));
#5374 = DIRECTION('', (-0., -0., 1.));
#5375 = CARTESIAN_POINT('', (121.74799769, 96.74799769, 2.));
#5376 = AXIS2_PLACEMENT_3D('', #5375, #5374, #5373);
#5377 = CIRCLE('', #5376, 1.7);
#5378 = DIRECTION('', (1., 0., 0.));
#5379 = DIRECTION('', (0., -0., -1.));
#5380 = CARTESIAN_POINT('', (121.74799769, 96.74799769, 2.));
#5381 = AXIS2_PLACEMENT_3D('', #5380, #5379, #5378);
#5382 = CIRCLE('', #5381, 1.7);
#5383 = DIRECTION('', (-0.00000001, -1., 0.));
#5384 = DIRECTION('', (-0., 0., -1.));
#5385 = CARTESIAN_POINT('', (121.74799769, 96.74799769, -2.));
#5386 = AXIS2_PLACEMENT_3D('', #5385, #5384, #5383);
#5387 = CIRCLE('', #5386, 1.7);
#5388 = DIRECTION('', (0.00000001, 1., 0.));
#5389 = DIRECTION('', (-0., -0., 1.));
#5390 = CARTESIAN_POINT('', (121.74799769, 96.74799769, -2.));
#5391 = AXIS2_PLACEMENT_3D('', #5390, #5389, #5388);
#5392 = CIRCLE('', #5391, 1.7);
#5393 = DIRECTION('', (0.00000001, -1., 0.));
#5394 = DIRECTION('', (-0., -0., -1.));
#5395 = CARTESIAN_POINT('', (121.74799769, 96.74799769, 2.));
#5396 = AXIS2_PLACEMENT_3D('', #5395, #5394, #5393);
#5397 = CIRCLE('', #5396, 1.7);
#5398 = DIRECTION('', (-0.00000001, 1., 0.));
#5399 = DIRECTION('', (0., -0., 1.));
#5400 = CARTESIAN_POINT('', (121.74799769, 96.74799769, 2.));
#5401 = AXIS2_PLACEMENT_3D('', #5400, #5399, #5398);
#5402 = CIRCLE('', #5401, 1.7);
#5403 = DIRECTION('', (0., -0., 1.));
#5404 = VECTOR('', #5403, 1.);
#5405 = CARTESIAN_POINT('', (120.04799769, 96.74799769, -2.));
#5406 = LINE('', #5405, #5404);
#5407 = DIRECTION('', (0., -0., 1.));
#5408 = VECTOR('', #5407, 1.);
#5409 = CARTESIAN_POINT('', (123.44799769, 96.74799769, -2.));
#5410 = LINE('', #5409, #5408);
#5411 = DIRECTION('', (1., -0., -0.));
#5412 = DIRECTION('', (0., 0., 1.));
#5413 = CARTESIAN_POINT('', (118.74799769, 118.74799769, -2.));
#5414 = AXIS2_PLACEMENT_3D('', #5413, #5412, #5411);
#5415 = CIRCLE('', #5414, 1.7);
#5416 = DIRECTION('', (1., 0., 0.));
#5417 = DIRECTION('', (0., 0., -1.));
#5418 = CARTESIAN_POINT('', (118.74799769, 118.74799769, -2.));
#5419 = AXIS2_PLACEMENT_3D('', #5418, #5417, #5416);
#5420 = CIRCLE('', #5419, 1.7);
#5421 = DIRECTION('', (1., -0., 0.));
#5422 = DIRECTION('', (-0., -0., 1.));
#5423 = CARTESIAN_POINT('', (118.74799769, 118.74799769, 2.));
#5424 = AXIS2_PLACEMENT_3D('', #5423, #5422, #5421);
#5425 = CIRCLE('', #5424, 1.7);
#5426 = DIRECTION('', (1., 0., 0.));
#5427 = DIRECTION('', (0., -0., -1.));
#5428 = CARTESIAN_POINT('', (118.74799769, 118.74799769, 2.));
#5429 = AXIS2_PLACEMENT_3D('', #5428, #5427, #5426);
#5430 = CIRCLE('', #5429, 1.7);
#5431 = DIRECTION('', (-0.00000001, -1., 0.));
#5432 = DIRECTION('', (-0., 0., -1.));
#5433 = CARTESIAN_POINT('', (118.74799769, 118.74799769, -2.));
#5434 = AXIS2_PLACEMENT_3D('', #5433, #5432, #5431);
#5435 = CIRCLE('', #5434, 1.7);
#5436 = DIRECTION('', (0.00000001, 1., 0.));
#5437 = DIRECTION('', (-0., -0., 1.));
#5438 = CARTESIAN_POINT('', (118.74799769, 118.74799769, -2.));
#5439 = AXIS2_PLACEMENT_3D('', #5438, #5437, #5436);
#5440 = CIRCLE('', #5439, 1.7);
#5441 = DIRECTION('', (0.00000001, -1., 0.));
#5442 = DIRECTION('', (-0., -0., -1.));
#5443 = CARTESIAN_POINT('', (118.74799769, 118.74799769, 2.));
#5444 = AXIS2_PLACEMENT_3D('', #5443, #5442, #5441);
#5445 = CIRCLE('', #5444, 1.7);
#5446 = DIRECTION('', (-0.00000001, 1., 0.));
#5447 = DIRECTION('', (0., -0., 1.));
#5448 = CARTESIAN_POINT('', (118.74799769, 118.74799769, 2.));
#5449 = AXIS2_PLACEMENT_3D('', #5448, #5447, #5446);
#5450 = CIRCLE('', #5449, 1.7);
#5451 = DIRECTION('', (0., -0., 1.));
#5452 = VECTOR('', #5451, 1.);
#5453 = CARTESIAN_POINT('', (117.04799769, 118.74799769, -2.));
#5454 = LINE('', #5453, #5452);
#5455 = DIRECTION('', (0., -0., 1.));
#5456 = VECTOR('', #5455, 1.);
#5457 = CARTESIAN_POINT('', (120.44799769, 118.74799769, -2.));
#5458 = LINE('', #5457, #5456);
#5459 = DIRECTION('', (1., -0., -0.));
#5460 = DIRECTION('', (0., 0., 1.));
#5461 = CARTESIAN_POINT('', (99.74799769, 118.74799769, -2.));
#5462 = AXIS2_PLACEMENT_3D('', #5461, #5460, #5459);
#5463 = CIRCLE('', #5462, 1.7);
#5464 = DIRECTION('', (1., 0., 0.));
#5465 = DIRECTION('', (0., -0., -1.));
#5466 = CARTESIAN_POINT('', (99.74799769, 118.74799769, -2.));
#5467 = AXIS2_PLACEMENT_3D('', #5466, #5465, #5464);
#5468 = CIRCLE('', #5467, 1.7);
#5469 = DIRECTION('', (1., 0., 0.));
#5470 = DIRECTION('', (-0., 0., 1.));
#5471 = CARTESIAN_POINT('', (99.74799769, 118.74799769, 2.));
#5472 = AXIS2_PLACEMENT_3D('', #5471, #5470, #5469);
#5473 = CIRCLE('', #5472, 1.7);
#5474 = DIRECTION('', (1., -0., 0.));
#5475 = DIRECTION('', (0., -0., -1.));
#5476 = CARTESIAN_POINT('', (99.74799769, 118.74799769, 2.));
#5477 = AXIS2_PLACEMENT_3D('', #5476, #5475, #5474);
#5478 = CIRCLE('', #5477, 1.7);
#5479 = DIRECTION('', (-0.00000001, -1., -0.));
#5480 = DIRECTION('', (-0., 0., -1.));
#5481 = CARTESIAN_POINT('', (99.74799769, 118.74799769, -2.));
#5482 = AXIS2_PLACEMENT_3D('', #5481, #5480, #5479);
#5483 = CIRCLE('', #5482, 1.7);
#5484 = DIRECTION('', (0.00000001, 1., -0.));
#5485 = DIRECTION('', (-0., 0., 1.));
#5486 = CARTESIAN_POINT('', (99.74799769, 118.74799769, -2.));
#5487 = AXIS2_PLACEMENT_3D('', #5486, #5485, #5484);
#5488 = CIRCLE('', #5487, 1.7);
#5489 = DIRECTION('', (0.00000001, -1., 0.));
#5490 = DIRECTION('', (-0., -0., -1.));
#5491 = CARTESIAN_POINT('', (99.74799769, 118.74799769, 2.));
#5492 = AXIS2_PLACEMENT_3D('', #5491, #5490, #5489);
#5493 = CIRCLE('', #5492, 1.7);
#5494 = DIRECTION('', (-0.00000001, 1., 0.));
#5495 = DIRECTION('', (0., -0., 1.));
#5496 = CARTESIAN_POINT('', (99.74799769, 118.74799769, 2.));
#5497 = AXIS2_PLACEMENT_3D('', #5496, #5495, #5494);
#5498 = CIRCLE('', #5497, 1.7);
#5499 = DIRECTION('', (0., -0., 1.));
#5500 = VECTOR('', #5499, 1.);
#5501 = CARTESIAN_POINT('', (98.04799769, 118.74799769, -2.));
#5502 = LINE('', #5501, #5500);
#5503 = DIRECTION('', (0., -0., 1.));
#5504 = VECTOR('', #5503, 1.);
#5505 = CARTESIAN_POINT('', (101.44799769, 118.74799769, -2.));
#5506 = LINE('', #5505, #5504);
#5507 = DIRECTION('', (1., -0., -0.));
#5508 = DIRECTION('', (0., 0., 1.));
#5509 = CARTESIAN_POINT('', (99.74799769, 99.74799769, -2.));
#5510 = AXIS2_PLACEMENT_3D('', #5509, #5508, #5507);
#5511 = CIRCLE('', #5510, 1.7);
#5512 = DIRECTION('', (1., 0., 0.));
#5513 = DIRECTION('', (0., -0., -1.));
#5514 = CARTESIAN_POINT('', (99.74799769, 99.74799769, -2.));
#5515 = AXIS2_PLACEMENT_3D('', #5514, #5513, #5512);
#5516 = CIRCLE('', #5515, 1.7);
#5517 = DIRECTION('', (1., -0., -0.));
#5518 = DIRECTION('', (0., 0., 1.));
#5519 = CARTESIAN_POINT('', (99.74799769, 99.74799769, 2.));
#5520 = AXIS2_PLACEMENT_3D('', #5519, #5518, #5517);
#5521 = CIRCLE('', #5520, 1.7);
#5522 = DIRECTION('', (1., 0., -0.));
#5523 = DIRECTION('', (-0., 0., -1.));
#5524 = CARTESIAN_POINT('', (99.74799769, 99.74799769, 2.));
#5525 = AXIS2_PLACEMENT_3D('', #5524, #5523, #5522);
#5526 = CIRCLE('', #5525, 1.7);
#5527 = DIRECTION('', (-0.00000001, -1., -0.));
#5528 = DIRECTION('', (0., 0., -1.));
#5529 = CARTESIAN_POINT('', (99.74799769, 99.74799769, -2.));
#5530 = AXIS2_PLACEMENT_3D('', #5529, #5528, #5527);
#5531 = CIRCLE('', #5530, 1.7);
#5532 = DIRECTION('', (0.00000001, 1., 0.));
#5533 = DIRECTION('', (-0., 0., 1.));
#5534 = CARTESIAN_POINT('', (99.74799769, 99.74799769, -2.));
#5535 = AXIS2_PLACEMENT_3D('', #5534, #5533, #5532);
#5536 = CIRCLE('', #5535, 1.7);
#5537 = DIRECTION('', (0.00000001, -1., 0.));
#5538 = DIRECTION('', (0., -0., -1.));
#5539 = CARTESIAN_POINT('', (99.74799769, 99.74799769, 2.));
#5540 = AXIS2_PLACEMENT_3D('', #5539, #5538, #5537);
#5541 = CIRCLE('', #5540, 1.7);
#5542 = DIRECTION('', (-0.00000001, 1., 0.));
#5543 = DIRECTION('', (-0., -0., 1.));
#5544 = CARTESIAN_POINT('', (99.74799769, 99.74799769, 2.));
#5545 = AXIS2_PLACEMENT_3D('', #5544, #5543, #5542);
#5546 = CIRCLE('', #5545, 1.7);
#5547 = DIRECTION('', (0., -0., 1.));
#5548 = VECTOR('', #5547, 1.);
#5549 = CARTESIAN_POINT('', (98.04799769, 99.74799769, -2.));
#5550 = LINE('', #5549, #5548);
#5551 = DIRECTION('', (0., -0., 1.));
#5552 = VECTOR('', #5551, 1.);
#5553 = CARTESIAN_POINT('', (101.44799769, 99.74799769, -2.));
#5554 = LINE('', #5553, #5552);
#5555 = DIRECTION('', (1., 0., 0.));
#5556 = DIRECTION('', (0., -0., 1.));
#5557 = CARTESIAN_POINT('', (118.74799769, 99.74799769, -2.));
#5558 = AXIS2_PLACEMENT_3D('', #5557, #5556, #5555);
#5559 = CIRCLE('', #5558, 1.7);
#5560 = DIRECTION('', (1., 0., 0.));
#5561 = DIRECTION('', (-0., 0., -1.));
#5562 = CARTESIAN_POINT('', (118.74799769, 99.74799769, -2.));
#5563 = AXIS2_PLACEMENT_3D('', #5562, #5561, #5560);
#5564 = CIRCLE('', #5563, 1.7);
#5565 = DIRECTION('', (1., 0., 0.));
#5566 = DIRECTION('', (-0., -0., 1.));
#5567 = CARTESIAN_POINT('', (118.74799769, 99.74799769, 2.));
#5568 = AXIS2_PLACEMENT_3D('', #5567, #5566, #5565);
#5569 = CIRCLE('', #5568, 1.7);
#5570 = DIRECTION('', (1., -0., -0.));
#5571 = DIRECTION('', (-0., 0., -1.));
#5572 = CARTESIAN_POINT('', (118.74799769, 99.74799769, 2.));
#5573 = AXIS2_PLACEMENT_3D('', #5572, #5571, #5570);
#5574 = CIRCLE('', #5573, 1.7);
#5575 = DIRECTION('', (-0.00000001, -1., -0.));
#5576 = DIRECTION('', (0., 0., -1.));
#5577 = CARTESIAN_POINT('', (118.74799769, 99.74799769, -2.));
#5578 = AXIS2_PLACEMENT_3D('', #5577, #5576, #5575);
#5579 = CIRCLE('', #5578, 1.7);
#5580 = DIRECTION('', (0.00000001, 1., 0.));
#5581 = DIRECTION('', (-0., -0., 1.));
#5582 = CARTESIAN_POINT('', (118.74799769, 99.74799769, -2.));
#5583 = AXIS2_PLACEMENT_3D('', #5582, #5581, #5580);
#5584 = CIRCLE('', #5583, 1.7);
#5585 = DIRECTION('', (0.00000001, -1., -0.));
#5586 = DIRECTION('', (0., 0., -1.));
#5587 = CARTESIAN_POINT('', (118.74799769, 99.74799769, 2.));
#5588 = AXIS2_PLACEMENT_3D('', #5587, #5586, #5585);
#5589 = CIRCLE('', #5588, 1.7);
#5590 = DIRECTION('', (-0.00000001, 1., 0.));
#5591 = DIRECTION('', (-0., -0., 1.));
#5592 = CARTESIAN_POINT('', (118.74799769, 99.74799769, 2.));
#5593 = AXIS2_PLACEMENT_3D('', #5592, #5591, #5590);
#5594 = CIRCLE('', #5593, 1.7);
#5595 = DIRECTION('', (0., -0., 1.));
#5596 = VECTOR('', #5595, 1.);
#5597 = CARTESIAN_POINT('', (117.04799769, 99.74799769, -2.));
#5598 = LINE('', #5597, #5596);
#5599 = DIRECTION('', (0., -0., 1.));
#5600 = VECTOR('', #5599, 1.);
#5601 = CARTESIAN_POINT('', (120.44799769, 99.74799769, -2.));
#5602 = LINE('', #5601, #5600);
#5603 = DIRECTION('', (-1., -0., 0.));
#5604 = VECTOR('', #5603, 1.);
#5605 = CARTESIAN_POINT('', (-84.24799769, 134.24799769, -2.));
#5606 = LINE('', #5605, #5604);
#5607 = DIRECTION('', (0., -0., 1.));
#5608 = VECTOR('', #5607, 1.);
#5609 = CARTESIAN_POINT('', (-134.24799769, 134.24799769, -2.));
#5610 = LINE('', #5609, #5608);
#5611 = DIRECTION('', (-1., -0., 0.));
#5612 = VECTOR('', #5611, 1.);
#5613 = CARTESIAN_POINT('', (-84.24799769, 134.24799769, 2.));
#5614 = LINE('', #5613, #5612);
#5615 = DIRECTION('', (0., -0., 1.));
#5616 = VECTOR('', #5615, 1.);
#5617 = CARTESIAN_POINT('', (-84.24799769, 134.24799769, -2.));
#5618 = LINE('', #5617, #5616);
#5619 = DIRECTION('', (0., -1., 0.));
#5620 = VECTOR('', #5619, 1.);
#5621 = CARTESIAN_POINT('', (-134.24799769, 134.24799769, -2.));
#5622 = LINE('', #5621, #5620);
#5623 = DIRECTION('', (0., -0., 1.));
#5624 = VECTOR('', #5623, 1.);
#5625 = CARTESIAN_POINT('', (-134.24799769, 84.24799769, -2.));
#5626 = LINE('', #5625, #5624);
#5627 = DIRECTION('', (0., -1., 0.));
#5628 = VECTOR('', #5627, 1.);
#5629 = CARTESIAN_POINT('', (-134.24799769, 134.24799769, 2.));
#5630 = LINE('', #5629, #5628);
#5631 = DIRECTION('', (1., -0., 0.));
#5632 = VECTOR('', #5631, 1.);
#5633 = CARTESIAN_POINT('', (-134.24799769, 84.24799769, -2.));
#5634 = LINE('', #5633, #5632);
#5635 = DIRECTION('', (0., -0., 1.));
#5636 = VECTOR('', #5635, 1.);
#5637 = CARTESIAN_POINT('', (-84.24799769, 84.24799769, -2.));
#5638 = LINE('', #5637, #5636);
#5639 = DIRECTION('', (1., -0., 0.));
#5640 = VECTOR('', #5639, 1.);
#5641 = CARTESIAN_POINT('', (-134.24799769, 84.24799769, 2.));
#5642 = LINE('', #5641, #5640);
#5643 = DIRECTION('', (0., 1., 0.));
#5644 = VECTOR('', #5643, 1.);
#5645 = CARTESIAN_POINT('', (-84.24799769, 84.24799769, -2.));
#5646 = LINE('', #5645, #5644);
#5647 = DIRECTION('', (0., 1., 0.));
#5648 = VECTOR('', #5647, 1.);
#5649 = CARTESIAN_POINT('', (-84.24799769, 84.24799769, 2.));
#5650 = LINE('', #5649, #5648);
#5651 = DIRECTION('', (0., 1., -0.));
#5652 = DIRECTION('', (-0., 0., 1.));
#5653 = CARTESIAN_POINT('', (-109.24799769, 109.24799769, -2.));
#5654 = AXIS2_PLACEMENT_3D('', #5653, #5652, #5651);
#5655 = CIRCLE('', #5654, 6.);
#5656 = DIRECTION('', (-0., 1., 0.));
#5657 = DIRECTION('', (0., 0., -1.));
#5658 = CARTESIAN_POINT('', (-109.24799769, 109.24799769, -2.));
#5659 = AXIS2_PLACEMENT_3D('', #5658, #5657, #5656);
#5660 = CIRCLE('', #5659, 6.);
#5661 = DIRECTION('', (-0., 1., -0.));
#5662 = DIRECTION('', (-0., 0., 1.));
#5663 = CARTESIAN_POINT('', (-109.24799769, 109.24799769, 2.));
#5664 = AXIS2_PLACEMENT_3D('', #5663, #5662, #5661);
#5665 = CIRCLE('', #5664, 6.);
#5666 = DIRECTION('', (-0., 1., -0.));
#5667 = DIRECTION('', (-0., -0., -1.));
#5668 = CARTESIAN_POINT('', (-109.24799769, 109.24799769, 2.));
#5669 = AXIS2_PLACEMENT_3D('', #5668, #5667, #5666);
#5670 = CIRCLE('', #5669, 6.);
#5671 = DIRECTION('', (1., 0., -0.));
#5672 = DIRECTION('', (-0., 0., -1.));
#5673 = CARTESIAN_POINT('', (-109.24799769, 109.24799769, -2.));
#5674 = AXIS2_PLACEMENT_3D('', #5673, #5672, #5671);
#5675 = CIRCLE('', #5674, 6.);
#5676 = DIRECTION('', (-1., -0., -0.));
#5677 = DIRECTION('', (-0., -0., 1.));
#5678 = CARTESIAN_POINT('', (-109.24799769, 109.24799769, -2.));
#5679 = AXIS2_PLACEMENT_3D('', #5678, #5677, #5676);
#5680 = CIRCLE('', #5679, 6.);
#5681 = DIRECTION('', (1., 0.00000001, 0.));
#5682 = DIRECTION('', (0., -0., -1.));
#5683 = CARTESIAN_POINT('', (-109.24799769, 109.24799769, 2.));
#5684 = AXIS2_PLACEMENT_3D('', #5683, #5682, #5681);
#5685 = CIRCLE('', #5684, 6.);
#5686 = DIRECTION('', (-1., -0.00000001, -0.));
#5687 = DIRECTION('', (-0., -0., 1.));
#5688 = CARTESIAN_POINT('', (-109.24799769, 109.24799769, 2.));
#5689 = AXIS2_PLACEMENT_3D('', #5688, #5687, #5686);
#5690 = CIRCLE('', #5689, 6.);
#5691 = DIRECTION('', (0., -0., 1.));
#5692 = VECTOR('', #5691, 1.);
#5693 = CARTESIAN_POINT('', (-109.24799769, 103.24799769, -2.));
#5694 = LINE('', #5693, #5692);
#5695 = DIRECTION('', (0., -0., 1.));
#5696 = VECTOR('', #5695, 1.);
#5697 = CARTESIAN_POINT('', (-109.24799769, 115.24799769, -2.));
#5698 = LINE('', #5697, #5696);
#5699 = DIRECTION('', (0., 1., -0.));
#5700 = DIRECTION('', (-0., 0., 1.));
#5701 = CARTESIAN_POINT('', (-121.74799769, 121.74799769, -2.));
#5702 = AXIS2_PLACEMENT_3D('', #5701, #5700, #5699);
#5703 = CIRCLE('', #5702, 1.7);
#5704 = DIRECTION('', (-0., 1., 0.));
#5705 = DIRECTION('', (0., 0., -1.));
#5706 = CARTESIAN_POINT('', (-121.74799769, 121.74799769, -2.));
#5707 = AXIS2_PLACEMENT_3D('', #5706, #5705, #5704);
#5708 = CIRCLE('', #5707, 1.7);
#5709 = DIRECTION('', (0., 1., -0.));
#5710 = DIRECTION('', (-0., 0., 1.));
#5711 = CARTESIAN_POINT('', (-121.74799769, 121.74799769, 2.));
#5712 = AXIS2_PLACEMENT_3D('', #5711, #5710, #5709);
#5713 = CIRCLE('', #5712, 1.7);
#5714 = DIRECTION('', (-0., 1., 0.));
#5715 = DIRECTION('', (0., 0., -1.));
#5716 = CARTESIAN_POINT('', (-121.74799769, 121.74799769, 2.));
#5717 = AXIS2_PLACEMENT_3D('', #5716, #5715, #5714);
#5718 = CIRCLE('', #5717, 1.7);
#5719 = DIRECTION('', (1., -0.00000001, 0.));
#5720 = DIRECTION('', (0., -0., -1.));
#5721 = CARTESIAN_POINT('', (-121.74799769, 121.74799769, -2.));
#5722 = AXIS2_PLACEMENT_3D('', #5721, #5720, #5719);
#5723 = CIRCLE('', #5722, 1.7);
#5724 = DIRECTION('', (-1., 0.00000001, 0.));
#5725 = DIRECTION('', (0., -0., 1.));
#5726 = CARTESIAN_POINT('', (-121.74799769, 121.74799769, -2.));
#5727 = AXIS2_PLACEMENT_3D('', #5726, #5725, #5724);
#5728 = CIRCLE('', #5727, 1.7);
#5729 = DIRECTION('', (1., 0.00000001, 0.));
#5730 = DIRECTION('', (0., -0., -1.));
#5731 = CARTESIAN_POINT('', (-121.74799769, 121.74799769, 2.));
#5732 = AXIS2_PLACEMENT_3D('', #5731, #5730, #5729);
#5733 = CIRCLE('', #5732, 1.7);
#5734 = DIRECTION('', (-1., -0.00000001, 0.));
#5735 = DIRECTION('', (0., 0., 1.));
#5736 = CARTESIAN_POINT('', (-121.74799769, 121.74799769, 2.));
#5737 = AXIS2_PLACEMENT_3D('', #5736, #5735, #5734);
#5738 = CIRCLE('', #5737, 1.7);
#5739 = DIRECTION('', (0., -0., 1.));
#5740 = VECTOR('', #5739, 1.);
#5741 = CARTESIAN_POINT('', (-121.74799769, 120.04799769, -2.));
#5742 = LINE('', #5741, #5740);
#5743 = DIRECTION('', (0., -0., 1.));
#5744 = VECTOR('', #5743, 1.);
#5745 = CARTESIAN_POINT('', (-121.74799769, 123.44799769, -2.));
#5746 = LINE('', #5745, #5744);
#5747 = DIRECTION('', (0., 1., -0.));
#5748 = DIRECTION('', (-0., 0., 1.));
#5749 = CARTESIAN_POINT('', (-121.74799769, 96.74799769, -2.));
#5750 = AXIS2_PLACEMENT_3D('', #5749, #5748, #5747);
#5751 = CIRCLE('', #5750, 1.7);
#5752 = DIRECTION('', (-0., 1., 0.));
#5753 = DIRECTION('', (0., 0., -1.));
#5754 = CARTESIAN_POINT('', (-121.74799769, 96.74799769, -2.));
#5755 = AXIS2_PLACEMENT_3D('', #5754, #5753, #5752);
#5756 = CIRCLE('', #5755, 1.7);
#5757 = DIRECTION('', (0., 1., -0.));
#5758 = DIRECTION('', (-0., 0., 1.));
#5759 = CARTESIAN_POINT('', (-121.74799769, 96.74799769, 2.));
#5760 = AXIS2_PLACEMENT_3D('', #5759, #5758, #5757);
#5761 = CIRCLE('', #5760, 1.7);
#5762 = DIRECTION('', (-0., 1., 0.));
#5763 = DIRECTION('', (0., 0., -1.));
#5764 = CARTESIAN_POINT('', (-121.74799769, 96.74799769, 2.));
#5765 = AXIS2_PLACEMENT_3D('', #5764, #5763, #5762);
#5766 = CIRCLE('', #5765, 1.7);
#5767 = DIRECTION('', (1., -0.00000001, -0.));
#5768 = DIRECTION('', (-0., 0., -1.));
#5769 = CARTESIAN_POINT('', (-121.74799769, 96.74799769, -2.));
#5770 = AXIS2_PLACEMENT_3D('', #5769, #5768, #5767);
#5771 = CIRCLE('', #5770, 1.7);
#5772 = DIRECTION('', (-1., 0.00000001, -0.));
#5773 = DIRECTION('', (-0., -0., 1.));
#5774 = CARTESIAN_POINT('', (-121.74799769, 96.74799769, -2.));
#5775 = AXIS2_PLACEMENT_3D('', #5774, #5773, #5772);
#5776 = CIRCLE('', #5775, 1.7);
#5777 = DIRECTION('', (1., 0.00000001, 0.));
#5778 = DIRECTION('', (0., -0., -1.));
#5779 = CARTESIAN_POINT('', (-121.74799769, 96.74799769, 2.));
#5780 = AXIS2_PLACEMENT_3D('', #5779, #5778, #5777);
#5781 = CIRCLE('', #5780, 1.7);
#5782 = DIRECTION('', (-1., -0.00000001, 0.));
#5783 = DIRECTION('', (0., 0., 1.));
#5784 = CARTESIAN_POINT('', (-121.74799769, 96.74799769, 2.));
#5785 = AXIS2_PLACEMENT_3D('', #5784, #5783, #5782);
#5786 = CIRCLE('', #5785, 1.7);
#5787 = DIRECTION('', (0., -0., 1.));
#5788 = VECTOR('', #5787, 1.);
#5789 = CARTESIAN_POINT('', (-121.74799769, 95.04799769, -2.));
#5790 = LINE('', #5789, #5788);
#5791 = DIRECTION('', (0., -0., 1.));
#5792 = VECTOR('', #5791, 1.);
#5793 = CARTESIAN_POINT('', (-121.74799769, 98.44799769, -2.));
#5794 = LINE('', #5793, #5792);
#5795 = DIRECTION('', (0., 1., -0.));
#5796 = DIRECTION('', (-0., 0., 1.));
#5797 = CARTESIAN_POINT('', (-96.74799769, 96.74799769, -2.));
#5798 = AXIS2_PLACEMENT_3D('', #5797, #5796, #5795);
#5799 = CIRCLE('', #5798, 1.7);
#5800 = DIRECTION('', (-0., 1., 0.));
#5801 = DIRECTION('', (0., 0., -1.));
#5802 = CARTESIAN_POINT('', (-96.74799769, 96.74799769, -2.));
#5803 = AXIS2_PLACEMENT_3D('', #5802, #5801, #5800);
#5804 = CIRCLE('', #5803, 1.7);
#5805 = DIRECTION('', (0., 1., -0.));
#5806 = DIRECTION('', (0., 0., 1.));
#5807 = CARTESIAN_POINT('', (-96.74799769, 96.74799769, 2.));
#5808 = AXIS2_PLACEMENT_3D('', #5807, #5806, #5805);
#5809 = CIRCLE('', #5808, 1.7);
#5810 = DIRECTION('', (-0., 1., 0.));
#5811 = DIRECTION('', (0., 0., -1.));
#5812 = CARTESIAN_POINT('', (-96.74799769, 96.74799769, 2.));
#5813 = AXIS2_PLACEMENT_3D('', #5812, #5811, #5810);
#5814 = CIRCLE('', #5813, 1.7);
#5815 = DIRECTION('', (1., -0.00000001, 0.));
#5816 = DIRECTION('', (0., -0., -1.));
#5817 = CARTESIAN_POINT('', (-96.74799769, 96.74799769, -2.));
#5818 = AXIS2_PLACEMENT_3D('', #5817, #5816, #5815);
#5819 = CIRCLE('', #5818, 1.7);
#5820 = DIRECTION('', (-1., 0.00000001, 0.));
#5821 = DIRECTION('', (0., -0., 1.));
#5822 = CARTESIAN_POINT('', (-96.74799769, 96.74799769, -2.));
#5823 = AXIS2_PLACEMENT_3D('', #5822, #5821, #5820);
#5824 = CIRCLE('', #5823, 1.7);
#5825 = DIRECTION('', (1., 0.00000001, 0.));
#5826 = DIRECTION('', (0., -0., -1.));
#5827 = CARTESIAN_POINT('', (-96.74799769, 96.74799769, 2.));
#5828 = AXIS2_PLACEMENT_3D('', #5827, #5826, #5825);
#5829 = CIRCLE('', #5828, 1.7);
#5830 = DIRECTION('', (-1., -0.00000001, 0.));
#5831 = DIRECTION('', (0., -0., 1.));
#5832 = CARTESIAN_POINT('', (-96.74799769, 96.74799769, 2.));
#5833 = AXIS2_PLACEMENT_3D('', #5832, #5831, #5830);
#5834 = CIRCLE('', #5833, 1.7);
#5835 = DIRECTION('', (0., -0., 1.));
#5836 = VECTOR('', #5835, 1.);
#5837 = CARTESIAN_POINT('', (-96.74799769, 95.04799769, -2.));
#5838 = LINE('', #5837, #5836);
#5839 = DIRECTION('', (0., -0., 1.));
#5840 = VECTOR('', #5839, 1.);
#5841 = CARTESIAN_POINT('', (-96.74799769, 98.44799769, -2.));
#5842 = LINE('', #5841, #5840);
#5843 = DIRECTION('', (0., 1., -0.));
#5844 = DIRECTION('', (-0., 0., 1.));
#5845 = CARTESIAN_POINT('', (-96.74799769, 121.74799769, -2.));
#5846 = AXIS2_PLACEMENT_3D('', #5845, #5844, #5843);
#5847 = CIRCLE('', #5846, 1.7);
#5848 = DIRECTION('', (-0., 1., -0.));
#5849 = DIRECTION('', (-0., -0., -1.));
#5850 = CARTESIAN_POINT('', (-96.74799769, 121.74799769, -2.));
#5851 = AXIS2_PLACEMENT_3D('', #5850, #5849, #5848);
#5852 = CIRCLE('', #5851, 1.7);
#5853 = DIRECTION('', (0., 1., 0.));
#5854 = DIRECTION('', (0., -0., 1.));
#5855 = CARTESIAN_POINT('', (-96.74799769, 121.74799769, 2.));
#5856 = AXIS2_PLACEMENT_3D('', #5855, #5854, #5853);
#5857 = CIRCLE('', #5856, 1.7);
#5858 = DIRECTION('', (-0., 1., 0.));
#5859 = DIRECTION('', (0., 0., -1.));
#5860 = CARTESIAN_POINT('', (-96.74799769, 121.74799769, 2.));
#5861 = AXIS2_PLACEMENT_3D('', #5860, #5859, #5858);
#5862 = CIRCLE('', #5861, 1.7);
#5863 = DIRECTION('', (1., -0.00000001, 0.));
#5864 = DIRECTION('', (-0., -0., -1.));
#5865 = CARTESIAN_POINT('', (-96.74799769, 121.74799769, -2.));
#5866 = AXIS2_PLACEMENT_3D('', #5865, #5864, #5863);
#5867 = CIRCLE('', #5866, 1.7);
#5868 = DIRECTION('', (-1., 0.00000001, 0.));
#5869 = DIRECTION('', (0., -0., 1.));
#5870 = CARTESIAN_POINT('', (-96.74799769, 121.74799769, -2.));
#5871 = AXIS2_PLACEMENT_3D('', #5870, #5869, #5868);
#5872 = CIRCLE('', #5871, 1.7);
#5873 = DIRECTION('', (1., 0.00000001, 0.));
#5874 = DIRECTION('', (0., -0., -1.));
#5875 = CARTESIAN_POINT('', (-96.74799769, 121.74799769, 2.));
#5876 = AXIS2_PLACEMENT_3D('', #5875, #5874, #5873);
#5877 = CIRCLE('', #5876, 1.7);
#5878 = DIRECTION('', (-1., -0.00000001, 0.));
#5879 = DIRECTION('', (0., 0., 1.));
#5880 = CARTESIAN_POINT('', (-96.74799769, 121.74799769, 2.));
#5881 = AXIS2_PLACEMENT_3D('', #5880, #5879, #5878);
#5882 = CIRCLE('', #5881, 1.7);
#5883 = DIRECTION('', (0., -0., 1.));
#5884 = VECTOR('', #5883, 1.);
#5885 = CARTESIAN_POINT('', (-96.74799769, 120.04799769, -2.));
#5886 = LINE('', #5885, #5884);
#5887 = DIRECTION('', (0., -0., 1.));
#5888 = VECTOR('', #5887, 1.);
#5889 = CARTESIAN_POINT('', (-96.74799769, 123.44799769, -2.));
#5890 = LINE('', #5889, #5888);
#5891 = DIRECTION('', (0., 1., -0.));
#5892 = DIRECTION('', (-0., 0., 1.));
#5893 = CARTESIAN_POINT('', (-118.74799769, 118.74799769, -2.));
#5894 = AXIS2_PLACEMENT_3D('', #5893, #5892, #5891);
#5895 = CIRCLE('', #5894, 1.7);
#5896 = DIRECTION('', (-0., 1., 0.));
#5897 = DIRECTION('', (-0., 0., -1.));
#5898 = CARTESIAN_POINT('', (-118.74799769, 118.74799769, -2.));
#5899 = AXIS2_PLACEMENT_3D('', #5898, #5897, #5896);
#5900 = CIRCLE('', #5899, 1.7);
#5901 = DIRECTION('', (0., 1., 0.));
#5902 = DIRECTION('', (0., -0., 1.));
#5903 = CARTESIAN_POINT('', (-118.74799769, 118.74799769, 2.));
#5904 = AXIS2_PLACEMENT_3D('', #5903, #5902, #5901);
#5905 = CIRCLE('', #5904, 1.7);
#5906 = DIRECTION('', (-0., 1., 0.));
#5907 = DIRECTION('', (0., 0., -1.));
#5908 = CARTESIAN_POINT('', (-118.74799769, 118.74799769, 2.));
#5909 = AXIS2_PLACEMENT_3D('', #5908, #5907, #5906);
#5910 = CIRCLE('', #5909, 1.7);
#5911 = DIRECTION('', (1., -0.00000001, 0.));
#5912 = DIRECTION('', (-0., -0., -1.));
#5913 = CARTESIAN_POINT('', (-118.74799769, 118.74799769, -2.));
#5914 = AXIS2_PLACEMENT_3D('', #5913, #5912, #5911);
#5915 = CIRCLE('', #5914, 1.7);
#5916 = DIRECTION('', (-1., 0.00000001, 0.));
#5917 = DIRECTION('', (0., -0., 1.));
#5918 = CARTESIAN_POINT('', (-118.74799769, 118.74799769, -2.));
#5919 = AXIS2_PLACEMENT_3D('', #5918, #5917, #5916);
#5920 = CIRCLE('', #5919, 1.7);
#5921 = DIRECTION('', (1., 0.00000001, 0.));
#5922 = DIRECTION('', (0., -0., -1.));
#5923 = CARTESIAN_POINT('', (-118.74799769, 118.74799769, 2.));
#5924 = AXIS2_PLACEMENT_3D('', #5923, #5922, #5921);
#5925 = CIRCLE('', #5924, 1.7);
#5926 = DIRECTION('', (-1., -0.00000001, 0.));
#5927 = DIRECTION('', (0., 0., 1.));
#5928 = CARTESIAN_POINT('', (-118.74799769, 118.74799769, 2.));
#5929 = AXIS2_PLACEMENT_3D('', #5928, #5927, #5926);
#5930 = CIRCLE('', #5929, 1.7);
#5931 = DIRECTION('', (0., -0., 1.));
#5932 = VECTOR('', #5931, 1.);
#5933 = CARTESIAN_POINT('', (-118.74799769, 117.04799769, -2.));
#5934 = LINE('', #5933, #5932);
#5935 = DIRECTION('', (0., -0., 1.));
#5936 = VECTOR('', #5935, 1.);
#5937 = CARTESIAN_POINT('', (-118.74799769, 120.44799769, -2.));
#5938 = LINE('', #5937, #5936);
#5939 = DIRECTION('', (0., 1., -0.));
#5940 = DIRECTION('', (-0., 0., 1.));
#5941 = CARTESIAN_POINT('', (-118.74799769, 99.74799769, -2.));
#5942 = AXIS2_PLACEMENT_3D('', #5941, #5940, #5939);
#5943 = CIRCLE('', #5942, 1.7);
#5944 = DIRECTION('', (-0., 1., 0.));
#5945 = DIRECTION('', (0., 0., -1.));
#5946 = CARTESIAN_POINT('', (-118.74799769, 99.74799769, -2.));
#5947 = AXIS2_PLACEMENT_3D('', #5946, #5945, #5944);
#5948 = CIRCLE('', #5947, 1.7);
#5949 = DIRECTION('', (-0., 1., 0.));
#5950 = DIRECTION('', (-0., -0., 1.));
#5951 = CARTESIAN_POINT('', (-118.74799769, 99.74799769, 2.));
#5952 = AXIS2_PLACEMENT_3D('', #5951, #5950, #5949);
#5953 = CIRCLE('', #5952, 1.7);
#5954 = DIRECTION('', (0., 1., 0.));
#5955 = DIRECTION('', (0., 0., -1.));
#5956 = CARTESIAN_POINT('', (-118.74799769, 99.74799769, 2.));
#5957 = AXIS2_PLACEMENT_3D('', #5956, #5955, #5954);
#5958 = CIRCLE('', #5957, 1.7);
#5959 = DIRECTION('', (1., -0.00000001, -0.));
#5960 = DIRECTION('', (-0., -0., -1.));
#5961 = CARTESIAN_POINT('', (-118.74799769, 99.74799769, -2.));
#5962 = AXIS2_PLACEMENT_3D('', #5961, #5960, #5959);
#5963 = CIRCLE('', #5962, 1.7);
#5964 = DIRECTION('', (-1., 0.00000001, -0.));
#5965 = DIRECTION('', (-0., -0., 1.));
#5966 = CARTESIAN_POINT('', (-118.74799769, 99.74799769, -2.));
#5967 = AXIS2_PLACEMENT_3D('', #5966, #5965, #5964);
#5968 = CIRCLE('', #5967, 1.7);
#5969 = DIRECTION('', (1., 0.00000001, 0.));
#5970 = DIRECTION('', (0., -0., -1.));
#5971 = CARTESIAN_POINT('', (-118.74799769, 99.74799769, 2.));
#5972 = AXIS2_PLACEMENT_3D('', #5971, #5970, #5969);
#5973 = CIRCLE('', #5972, 1.7);
#5974 = DIRECTION('', (-1., -0.00000001, 0.));
#5975 = DIRECTION('', (0., 0., 1.));
#5976 = CARTESIAN_POINT('', (-118.74799769, 99.74799769, 2.));
#5977 = AXIS2_PLACEMENT_3D('', #5976, #5975, #5974);
#5978 = CIRCLE('', #5977, 1.7);
#5979 = DIRECTION('', (0., -0., 1.));
#5980 = VECTOR('', #5979, 1.);
#5981 = CARTESIAN_POINT('', (-118.74799769, 98.04799769, -2.));
#5982 = LINE('', #5981, #5980);
#5983 = DIRECTION('', (0., -0., 1.));
#5984 = VECTOR('', #5983, 1.);
#5985 = CARTESIAN_POINT('', (-118.74799769, 101.44799769, -2.));
#5986 = LINE('', #5985, #5984);
#5987 = DIRECTION('', (0., 1., -0.));
#5988 = DIRECTION('', (-0., 0., 1.));
#5989 = CARTESIAN_POINT('', (-99.74799769, 99.74799769, -2.));
#5990 = AXIS2_PLACEMENT_3D('', #5989, #5988, #5987);
#5991 = CIRCLE('', #5990, 1.7);
#5992 = DIRECTION('', (-0., 1., 0.));
#5993 = DIRECTION('', (0., 0., -1.));
#5994 = CARTESIAN_POINT('', (-99.74799769, 99.74799769, -2.));
#5995 = AXIS2_PLACEMENT_3D('', #5994, #5993, #5992);
#5996 = CIRCLE('', #5995, 1.7);
#5997 = DIRECTION('', (0., 1., -0.));
#5998 = DIRECTION('', (-0., 0., 1.));
#5999 = CARTESIAN_POINT('', (-99.74799769, 99.74799769, 2.));
#6000 = AXIS2_PLACEMENT_3D('', #5999, #5998, #5997);
#6001 = CIRCLE('', #6000, 1.7);
#6002 = DIRECTION('', (-0., 1., -0.));
#6003 = DIRECTION('', (-0., -0., -1.));
#6004 = CARTESIAN_POINT('', (-99.74799769, 99.74799769, 2.));
#6005 = AXIS2_PLACEMENT_3D('', #6004, #6003, #6002);
#6006 = CIRCLE('', #6005, 1.7);
#6007 = DIRECTION('', (1., -0.00000001, -0.));
#6008 = DIRECTION('', (-0., 0., -1.));
#6009 = CARTESIAN_POINT('', (-99.74799769, 99.74799769, -2.));
#6010 = AXIS2_PLACEMENT_3D('', #6009, #6008, #6007);
#6011 = CIRCLE('', #6010, 1.7);
#6012 = DIRECTION('', (-1., 0.00000001, 0.));
#6013 = DIRECTION('', (-0., -0., 1.));
#6014 = CARTESIAN_POINT('', (-99.74799769, 99.74799769, -2.));
#6015 = AXIS2_PLACEMENT_3D('', #6014, #6013, #6012);
#6016 = CIRCLE('', #6015, 1.7);
#6017 = DIRECTION('', (1., 0.00000001, 0.));
#6018 = DIRECTION('', (0., -0., -1.));
#6019 = CARTESIAN_POINT('', (-99.74799769, 99.74799769, 2.));
#6020 = AXIS2_PLACEMENT_3D('', #6019, #6018, #6017);
#6021 = CIRCLE('', #6020, 1.7);
#6022 = DIRECTION('', (-1., -0.00000001, 0.));
#6023 = DIRECTION('', (0., -0., 1.));
#6024 = CARTESIAN_POINT('', (-99.74799769, 99.74799769, 2.));
#6025 = AXIS2_PLACEMENT_3D('', #6024, #6023, #6022);
#6026 = CIRCLE('', #6025, 1.7);
#6027 = DIRECTION('', (0., -0., 1.));
#6028 = VECTOR('', #6027, 1.);
#6029 = CARTESIAN_POINT('', (-99.74799769, 98.04799769, -2.));
#6030 = LINE('', #6029, #6028);
#6031 = DIRECTION('', (0., -0., 1.));
#6032 = VECTOR('', #6031, 1.);
#6033 = CARTESIAN_POINT('', (-99.74799769, 101.44799769, -2.));
#6034 = LINE('', #6033, #6032);
#6035 = DIRECTION('', (-0., 1., 0.));
#6036 = DIRECTION('', (0., -0., 1.));
#6037 = CARTESIAN_POINT('', (-99.74799769, 118.74799769, -2.));
#6038 = AXIS2_PLACEMENT_3D('', #6037, #6036, #6035);
#6039 = CIRCLE('', #6038, 1.7);
#6040 = DIRECTION('', (-0., 1., 0.));
#6041 = DIRECTION('', (-0., -0., -1.));
#6042 = CARTESIAN_POINT('', (-99.74799769, 118.74799769, -2.));
#6043 = AXIS2_PLACEMENT_3D('', #6042, #6041, #6040);
#6044 = CIRCLE('', #6043, 1.7);
#6045 = DIRECTION('', (-0., 1., 0.));
#6046 = DIRECTION('', (0., -0., 1.));
#6047 = CARTESIAN_POINT('', (-99.74799769, 118.74799769, 2.));
#6048 = AXIS2_PLACEMENT_3D('', #6047, #6046, #6045);
#6049 = CIRCLE('', #6048, 1.7);
#6050 = DIRECTION('', (0., 1., -0.));
#6051 = DIRECTION('', (-0., -0., -1.));
#6052 = CARTESIAN_POINT('', (-99.74799769, 118.74799769, 2.));
#6053 = AXIS2_PLACEMENT_3D('', #6052, #6051, #6050);
#6054 = CIRCLE('', #6053, 1.7);
#6055 = DIRECTION('', (1., -0.00000001, -0.));
#6056 = DIRECTION('', (-0., 0., -1.));
#6057 = CARTESIAN_POINT('', (-99.74799769, 118.74799769, -2.));
#6058 = AXIS2_PLACEMENT_3D('', #6057, #6056, #6055);
#6059 = CIRCLE('', #6058, 1.7);
#6060 = DIRECTION('', (-1., 0.00000001, 0.));
#6061 = DIRECTION('', (0., -0., 1.));
#6062 = CARTESIAN_POINT('', (-99.74799769, 118.74799769, -2.));
#6063 = AXIS2_PLACEMENT_3D('', #6062, #6061, #6060);
#6064 = CIRCLE('', #6063, 1.7);
#6065 = DIRECTION('', (1., 0.00000001, -0.));
#6066 = DIRECTION('', (-0., 0., -1.));
#6067 = CARTESIAN_POINT('', (-99.74799769, 118.74799769, 2.));
#6068 = AXIS2_PLACEMENT_3D('', #6067, #6066, #6065);
#6069 = CIRCLE('', #6068, 1.7);
#6070 = DIRECTION('', (-1., -0.00000001, 0.));
#6071 = DIRECTION('', (0., -0., 1.));
#6072 = CARTESIAN_POINT('', (-99.74799769, 118.74799769, 2.));
#6073 = AXIS2_PLACEMENT_3D('', #6072, #6071, #6070);
#6074 = CIRCLE('', #6073, 1.7);
#6075 = DIRECTION('', (0., -0., 1.));
#6076 = VECTOR('', #6075, 1.);
#6077 = CARTESIAN_POINT('', (-99.74799769, 117.04799769, -2.));
#6078 = LINE('', #6077, #6076);
#6079 = DIRECTION('', (0., -0., 1.));
#6080 = VECTOR('', #6079, 1.);
#6081 = CARTESIAN_POINT('', (-99.74799769, 120.44799769, -2.));
#6082 = LINE('', #6081, #6080);
#6083 = DIRECTION('', (-0., -1., 0.));
#6084 = VECTOR('', #6083, 1.);
#6085 = CARTESIAN_POINT('', (-134.24799769, -84.24799769, -2.));
#6086 = LINE('', #6085, #6084);
#6087 = DIRECTION('', (0., -0., 1.));
#6088 = VECTOR('', #6087, 1.);
#6089 = CARTESIAN_POINT('', (-134.24799769, -134.24799769, -2.));
#6090 = LINE('', #6089, #6088);
#6091 = DIRECTION('', (-0., -1., 0.));
#6092 = VECTOR('', #6091, 1.);
#6093 = CARTESIAN_POINT('', (-134.24799769, -84.24799769, 2.));
#6094 = LINE('', #6093, #6092);
#6095 = DIRECTION('', (0., -0., 1.));
#6096 = VECTOR('', #6095, 1.);
#6097 = CARTESIAN_POINT('', (-134.24799769, -84.24799769, -2.));
#6098 = LINE('', #6097, #6096);
#6099 = DIRECTION('', (1., -0., 0.));
#6100 = VECTOR('', #6099, 1.);
#6101 = CARTESIAN_POINT('', (-134.24799769, -134.24799769, -2.));
#6102 = LINE('', #6101, #6100);
#6103 = DIRECTION('', (0., -0., 1.));
#6104 = VECTOR('', #6103, 1.);
#6105 = CARTESIAN_POINT('', (-84.24799769, -134.24799769, -2.));
#6106 = LINE('', #6105, #6104);
#6107 = DIRECTION('', (1., -0., 0.));
#6108 = VECTOR('', #6107, 1.);
#6109 = CARTESIAN_POINT('', (-134.24799769, -134.24799769, 2.));
#6110 = LINE('', #6109, #6108);
#6111 = DIRECTION('', (0., 1., 0.));
#6112 = VECTOR('', #6111, 1.);
#6113 = CARTESIAN_POINT('', (-84.24799769, -134.24799769, -2.));
#6114 = LINE('', #6113, #6112);
#6115 = DIRECTION('', (0., -0., 1.));
#6116 = VECTOR('', #6115, 1.);
#6117 = CARTESIAN_POINT('', (-84.24799769, -84.24799769, -2.));
#6118 = LINE('', #6117, #6116);
#6119 = DIRECTION('', (0., 1., 0.));
#6120 = VECTOR('', #6119, 1.);
#6121 = CARTESIAN_POINT('', (-84.24799769, -134.24799769, 2.));
#6122 = LINE('', #6121, #6120);
#6123 = DIRECTION('', (-1., -0., 0.));
#6124 = VECTOR('', #6123, 1.);
#6125 = CARTESIAN_POINT('', (-84.24799769, -84.24799769, -2.));
#6126 = LINE('', #6125, #6124);
#6127 = DIRECTION('', (-1., -0., 0.));
#6128 = VECTOR('', #6127, 1.);
#6129 = CARTESIAN_POINT('', (-84.24799769, -84.24799769, 2.));
#6130 = LINE('', #6129, #6128);
#6131 = DIRECTION('', (-1., 0., -0.));
#6132 = DIRECTION('', (-0., -0., 1.));
#6133 = CARTESIAN_POINT('', (-109.24799769, -109.24799769, -2.));
#6134 = AXIS2_PLACEMENT_3D('', #6133, #6132, #6131);
#6135 = CIRCLE('', #6134, 6.);
#6136 = DIRECTION('', (-1., -0., 0.));
#6137 = DIRECTION('', (-0., 0., -1.));
#6138 = CARTESIAN_POINT('', (-109.24799769, -109.24799769, -2.));
#6139 = AXIS2_PLACEMENT_3D('', #6138, #6137, #6136);
#6140 = CIRCLE('', #6139, 6.);
#6141 = DIRECTION('', (-1., -0., -0.));
#6142 = DIRECTION('', (-0., -0., 1.));
#6143 = CARTESIAN_POINT('', (-109.24799769, -109.24799769, 2.));
#6144 = AXIS2_PLACEMENT_3D('', #6143, #6142, #6141);
#6145 = CIRCLE('', #6144, 6.);
#6146 = DIRECTION('', (-1., -0., -0.));
#6147 = DIRECTION('', (0., -0., -1.));
#6148 = CARTESIAN_POINT('', (-109.24799769, -109.24799769, 2.));
#6149 = AXIS2_PLACEMENT_3D('', #6148, #6147, #6146);
#6150 = CIRCLE('', #6149, 6.);
#6151 = DIRECTION('', (-0., 1., -0.));
#6152 = DIRECTION('', (-0., -0., -1.));
#6153 = CARTESIAN_POINT('', (-109.24799769, -109.24799769, -2.));
#6154 = AXIS2_PLACEMENT_3D('', #6153, #6152, #6151);
#6155 = CIRCLE('', #6154, 6.);
#6156 = DIRECTION('', (0., -1., -0.));
#6157 = DIRECTION('', (0., -0., 1.));
#6158 = CARTESIAN_POINT('', (-109.24799769, -109.24799769, -2.));
#6159 = AXIS2_PLACEMENT_3D('', #6158, #6157, #6156);
#6160 = CIRCLE('', #6159, 6.);
#6161 = DIRECTION('', (-0.00000001, 1., 0.));
#6162 = DIRECTION('', (0., 0., -1.));
#6163 = CARTESIAN_POINT('', (-109.24799769, -109.24799769, 2.));
#6164 = AXIS2_PLACEMENT_3D('', #6163, #6162, #6161);
#6165 = CIRCLE('', #6164, 6.);
#6166 = DIRECTION('', (0.00000001, -1., -0.));
#6167 = DIRECTION('', (0., -0., 1.));
#6168 = CARTESIAN_POINT('', (-109.24799769, -109.24799769, 2.));
#6169 = AXIS2_PLACEMENT_3D('', #6168, #6167, #6166);
#6170 = CIRCLE('', #6169, 6.);
#6171 = DIRECTION('', (0., -0., 1.));
#6172 = VECTOR('', #6171, 1.);
#6173 = CARTESIAN_POINT('', (-103.24799769, -109.24799769, -2.));
#6174 = LINE('', #6173, #6172);
#6175 = DIRECTION('', (0., -0., 1.));
#6176 = VECTOR('', #6175, 1.);
#6177 = CARTESIAN_POINT('', (-115.24799769, -109.24799769, -2.));
#6178 = LINE('', #6177, #6176);
#6179 = DIRECTION('', (-1., 0., -0.));
#6180 = DIRECTION('', (-0., -0., 1.));
#6181 = CARTESIAN_POINT('', (-121.74799769, -121.74799769, -2.));
#6182 = AXIS2_PLACEMENT_3D('', #6181, #6180, #6179);
#6183 = CIRCLE('', #6182, 1.7);
#6184 = DIRECTION('', (-1., -0., 0.));
#6185 = DIRECTION('', (-0., 0., -1.));
#6186 = CARTESIAN_POINT('', (-121.74799769, -121.74799769, -2.));
#6187 = AXIS2_PLACEMENT_3D('', #6186, #6185, #6184);
#6188 = CIRCLE('', #6187, 1.7);
#6189 = DIRECTION('', (-1., 0., -0.));
#6190 = DIRECTION('', (-0., -0., 1.));
#6191 = CARTESIAN_POINT('', (-121.74799769, -121.74799769, 2.));
#6192 = AXIS2_PLACEMENT_3D('', #6191, #6190, #6189);
#6193 = CIRCLE('', #6192, 1.7);
#6194 = DIRECTION('', (-1., -0., 0.));
#6195 = DIRECTION('', (-0., 0., -1.));
#6196 = CARTESIAN_POINT('', (-121.74799769, -121.74799769, 2.));
#6197 = AXIS2_PLACEMENT_3D('', #6196, #6195, #6194);
#6198 = CIRCLE('', #6197, 1.7);
#6199 = DIRECTION('', (0.00000001, 1., 0.));
#6200 = DIRECTION('', (0., 0., -1.));
#6201 = CARTESIAN_POINT('', (-121.74799769, -121.74799769, -2.));
#6202 = AXIS2_PLACEMENT_3D('', #6201, #6200, #6199);
#6203 = CIRCLE('', #6202, 1.7);
#6204 = DIRECTION('', (-0.00000001, -1., 0.));
#6205 = DIRECTION('', (0., 0., 1.));
#6206 = CARTESIAN_POINT('', (-121.74799769, -121.74799769, -2.));
#6207 = AXIS2_PLACEMENT_3D('', #6206, #6205, #6204);
#6208 = CIRCLE('', #6207, 1.7);
#6209 = DIRECTION('', (-0.00000001, 1., 0.));
#6210 = DIRECTION('', (0., 0., -1.));
#6211 = CARTESIAN_POINT('', (-121.74799769, -121.74799769, 2.));
#6212 = AXIS2_PLACEMENT_3D('', #6211, #6210, #6209);
#6213 = CIRCLE('', #6212, 1.7);
#6214 = DIRECTION('', (0.00000001, -1., 0.));
#6215 = DIRECTION('', (-0., 0., 1.));
#6216 = CARTESIAN_POINT('', (-121.74799769, -121.74799769, 2.));
#6217 = AXIS2_PLACEMENT_3D('', #6216, #6215, #6214);
#6218 = CIRCLE('', #6217, 1.7);
#6219 = DIRECTION('', (0., -0., 1.));
#6220 = VECTOR('', #6219, 1.);
#6221 = CARTESIAN_POINT('', (-120.04799769, -121.74799769, -2.));
#6222 = LINE('', #6221, #6220);
#6223 = DIRECTION('', (0., -0., 1.));
#6224 = VECTOR('', #6223, 1.);
#6225 = CARTESIAN_POINT('', (-123.44799769, -121.74799769, -2.));
#6226 = LINE('', #6225, #6224);
#6227 = DIRECTION('', (-1., 0., -0.));
#6228 = DIRECTION('', (-0., -0., 1.));
#6229 = CARTESIAN_POINT('', (-96.74799769, -121.74799769, -2.));
#6230 = AXIS2_PLACEMENT_3D('', #6229, #6228, #6227);
#6231 = CIRCLE('', #6230, 1.7);
#6232 = DIRECTION('', (-1., -0., 0.));
#6233 = DIRECTION('', (-0., 0., -1.));
#6234 = CARTESIAN_POINT('', (-96.74799769, -121.74799769, -2.));
#6235 = AXIS2_PLACEMENT_3D('', #6234, #6233, #6232);
#6236 = CIRCLE('', #6235, 1.7);
#6237 = DIRECTION('', (-1., 0., -0.));
#6238 = DIRECTION('', (-0., -0., 1.));
#6239 = CARTESIAN_POINT('', (-96.74799769, -121.74799769, 2.));
#6240 = AXIS2_PLACEMENT_3D('', #6239, #6238, #6237);
#6241 = CIRCLE('', #6240, 1.7);
#6242 = DIRECTION('', (-1., -0., 0.));
#6243 = DIRECTION('', (-0., 0., -1.));
#6244 = CARTESIAN_POINT('', (-96.74799769, -121.74799769, 2.));
#6245 = AXIS2_PLACEMENT_3D('', #6244, #6243, #6242);
#6246 = CIRCLE('', #6245, 1.7);
#6247 = DIRECTION('', (0.00000001, 1., -0.));
#6248 = DIRECTION('', (-0., -0., -1.));
#6249 = CARTESIAN_POINT('', (-96.74799769, -121.74799769, -2.));
#6250 = AXIS2_PLACEMENT_3D('', #6249, #6248, #6247);
#6251 = CIRCLE('', #6250, 1.7);
#6252 = DIRECTION('', (-0.00000001, -1., -0.));
#6253 = DIRECTION('', (0., -0., 1.));
#6254 = CARTESIAN_POINT('', (-96.74799769, -121.74799769, -2.));
#6255 = AXIS2_PLACEMENT_3D('', #6254, #6253, #6252);
#6256 = CIRCLE('', #6255, 1.7);
#6257 = DIRECTION('', (-0.00000001, 1., 0.));
#6258 = DIRECTION('', (0., 0., -1.));
#6259 = CARTESIAN_POINT('', (-96.74799769, -121.74799769, 2.));
#6260 = AXIS2_PLACEMENT_3D('', #6259, #6258, #6257);
#6261 = CIRCLE('', #6260, 1.7);
#6262 = DIRECTION('', (0.00000001, -1., 0.));
#6263 = DIRECTION('', (-0., 0., 1.));
#6264 = CARTESIAN_POINT('', (-96.74799769, -121.74799769, 2.));
#6265 = AXIS2_PLACEMENT_3D('', #6264, #6263, #6262);
#6266 = CIRCLE('', #6265, 1.7);
#6267 = DIRECTION('', (0., -0., 1.));
#6268 = VECTOR('', #6267, 1.);
#6269 = CARTESIAN_POINT('', (-95.04799769, -121.74799769, -2.));
#6270 = LINE('', #6269, #6268);
#6271 = DIRECTION('', (0., -0., 1.));
#6272 = VECTOR('', #6271, 1.);
#6273 = CARTESIAN_POINT('', (-98.44799769, -121.74799769, -2.));
#6274 = LINE('', #6273, #6272);
#6275 = DIRECTION('', (-1., 0., -0.));
#6276 = DIRECTION('', (-0., -0., 1.));
#6277 = CARTESIAN_POINT('', (-96.74799769, -96.74799769, -2.));
#6278 = AXIS2_PLACEMENT_3D('', #6277, #6276, #6275);
#6279 = CIRCLE('', #6278, 1.7);
#6280 = DIRECTION('', (-1., -0., 0.));
#6281 = DIRECTION('', (-0., 0., -1.));
#6282 = CARTESIAN_POINT('', (-96.74799769, -96.74799769, -2.));
#6283 = AXIS2_PLACEMENT_3D('', #6282, #6281, #6280);
#6284 = CIRCLE('', #6283, 1.7);
#6285 = DIRECTION('', (-1., 0., -0.));
#6286 = DIRECTION('', (-0., 0., 1.));
#6287 = CARTESIAN_POINT('', (-96.74799769, -96.74799769, 2.));
#6288 = AXIS2_PLACEMENT_3D('', #6287, #6286, #6285);
#6289 = CIRCLE('', #6288, 1.7);
#6290 = DIRECTION('', (-1., -0., 0.));
#6291 = DIRECTION('', (-0., 0., -1.));
#6292 = CARTESIAN_POINT('', (-96.74799769, -96.74799769, 2.));
#6293 = AXIS2_PLACEMENT_3D('', #6292, #6291, #6290);
#6294 = CIRCLE('', #6293, 1.7);
#6295 = DIRECTION('', (0.00000001, 1., 0.));
#6296 = DIRECTION('', (0., 0., -1.));
#6297 = CARTESIAN_POINT('', (-96.74799769, -96.74799769, -2.));
#6298 = AXIS2_PLACEMENT_3D('', #6297, #6296, #6295);
#6299 = CIRCLE('', #6298, 1.7);
#6300 = DIRECTION('', (-0.00000001, -1., 0.));
#6301 = DIRECTION('', (0., 0., 1.));
#6302 = CARTESIAN_POINT('', (-96.74799769, -96.74799769, -2.));
#6303 = AXIS2_PLACEMENT_3D('', #6302, #6301, #6300);
#6304 = CIRCLE('', #6303, 1.7);
#6305 = DIRECTION('', (-0.00000001, 1., 0.));
#6306 = DIRECTION('', (0., 0., -1.));
#6307 = CARTESIAN_POINT('', (-96.74799769, -96.74799769, 2.));
#6308 = AXIS2_PLACEMENT_3D('', #6307, #6306, #6305);
#6309 = CIRCLE('', #6308, 1.7);
#6310 = DIRECTION('', (0.00000001, -1., 0.));
#6311 = DIRECTION('', (0., 0., 1.));
#6312 = CARTESIAN_POINT('', (-96.74799769, -96.74799769, 2.));
#6313 = AXIS2_PLACEMENT_3D('', #6312, #6311, #6310);
#6314 = CIRCLE('', #6313, 1.7);
#6315 = DIRECTION('', (0., -0., 1.));
#6316 = VECTOR('', #6315, 1.);
#6317 = CARTESIAN_POINT('', (-95.04799769, -96.74799769, -2.));
#6318 = LINE('', #6317, #6316);
#6319 = DIRECTION('', (0., -0., 1.));
#6320 = VECTOR('', #6319, 1.);
#6321 = CARTESIAN_POINT('', (-98.44799769, -96.74799769, -2.));
#6322 = LINE('', #6321, #6320);
#6323 = DIRECTION('', (-1., 0., -0.));
#6324 = DIRECTION('', (-0., -0., 1.));
#6325 = CARTESIAN_POINT('', (-121.74799769, -96.74799769, -2.));
#6326 = AXIS2_PLACEMENT_3D('', #6325, #6324, #6323);
#6327 = CIRCLE('', #6326, 1.7);
#6328 = DIRECTION('', (-1., -0., -0.));
#6329 = DIRECTION('', (0., -0., -1.));
#6330 = CARTESIAN_POINT('', (-121.74799769, -96.74799769, -2.));
#6331 = AXIS2_PLACEMENT_3D('', #6330, #6329, #6328);
#6332 = CIRCLE('', #6331, 1.7);
#6333 = DIRECTION('', (-1., 0., 0.));
#6334 = DIRECTION('', (0., 0., 1.));
#6335 = CARTESIAN_POINT('', (-121.74799769, -96.74799769, 2.));
#6336 = AXIS2_PLACEMENT_3D('', #6335, #6334, #6333);
#6337 = CIRCLE('', #6336, 1.7);
#6338 = DIRECTION('', (-1., -0., 0.));
#6339 = DIRECTION('', (-0., 0., -1.));
#6340 = CARTESIAN_POINT('', (-121.74799769, -96.74799769, 2.));
#6341 = AXIS2_PLACEMENT_3D('', #6340, #6339, #6338);
#6342 = CIRCLE('', #6341, 1.7);
#6343 = DIRECTION('', (0.00000001, 1., 0.));
#6344 = DIRECTION('', (0., -0., -1.));
#6345 = CARTESIAN_POINT('', (-121.74799769, -96.74799769, -2.));
#6346 = AXIS2_PLACEMENT_3D('', #6345, #6344, #6343);
#6347 = CIRCLE('', #6346, 1.7);
#6348 = DIRECTION('', (-0.00000001, -1., 0.));
#6349 = DIRECTION('', (0., 0., 1.));
#6350 = CARTESIAN_POINT('', (-121.74799769, -96.74799769, -2.));
#6351 = AXIS2_PLACEMENT_3D('', #6350, #6349, #6348);
#6352 = CIRCLE('', #6351, 1.7);
#6353 = DIRECTION('', (-0.00000001, 1., 0.));
#6354 = DIRECTION('', (0., 0., -1.));
#6355 = CARTESIAN_POINT('', (-121.74799769, -96.74799769, 2.));
#6356 = AXIS2_PLACEMENT_3D('', #6355, #6354, #6353);
#6357 = CIRCLE('', #6356, 1.7);
#6358 = DIRECTION('', (0.00000001, -1., 0.));
#6359 = DIRECTION('', (-0., 0., 1.));
#6360 = CARTESIAN_POINT('', (-121.74799769, -96.74799769, 2.));
#6361 = AXIS2_PLACEMENT_3D('', #6360, #6359, #6358);
#6362 = CIRCLE('', #6361, 1.7);
#6363 = DIRECTION('', (0., -0., 1.));
#6364 = VECTOR('', #6363, 1.);
#6365 = CARTESIAN_POINT('', (-120.04799769, -96.74799769, -2.));
#6366 = LINE('', #6365, #6364);
#6367 = DIRECTION('', (0., -0., 1.));
#6368 = VECTOR('', #6367, 1.);
#6369 = CARTESIAN_POINT('', (-123.44799769, -96.74799769, -2.));
#6370 = LINE('', #6369, #6368);
#6371 = DIRECTION('', (-1., 0., -0.));
#6372 = DIRECTION('', (-0., -0., 1.));
#6373 = CARTESIAN_POINT('', (-118.74799769, -118.74799769, -2.));
#6374 = AXIS2_PLACEMENT_3D('', #6373, #6372, #6371);
#6375 = CIRCLE('', #6374, 1.7);
#6376 = DIRECTION('', (-1., -0., 0.));
#6377 = DIRECTION('', (-0., -0., -1.));
#6378 = CARTESIAN_POINT('', (-118.74799769, -118.74799769, -2.));
#6379 = AXIS2_PLACEMENT_3D('', #6378, #6377, #6376);
#6380 = CIRCLE('', #6379, 1.7);
#6381 = DIRECTION('', (-1., 0., 0.));
#6382 = DIRECTION('', (0., -0., 1.));
#6383 = CARTESIAN_POINT('', (-118.74799769, -118.74799769, 2.));
#6384 = AXIS2_PLACEMENT_3D('', #6383, #6382, #6381);
#6385 = CIRCLE('', #6384, 1.7);
#6386 = DIRECTION('', (-1., -0., 0.));
#6387 = DIRECTION('', (-0., 0., -1.));
#6388 = CARTESIAN_POINT('', (-118.74799769, -118.74799769, 2.));
#6389 = AXIS2_PLACEMENT_3D('', #6388, #6387, #6386);
#6390 = CIRCLE('', #6389, 1.7);
#6391 = DIRECTION('', (0.00000001, 1., 0.));
#6392 = DIRECTION('', (0., -0., -1.));
#6393 = CARTESIAN_POINT('', (-118.74799769, -118.74799769, -2.));
#6394 = AXIS2_PLACEMENT_3D('', #6393, #6392, #6391);
#6395 = CIRCLE('', #6394, 1.7);
#6396 = DIRECTION('', (-0.00000001, -1., 0.));
#6397 = DIRECTION('', (0., 0., 1.));
#6398 = CARTESIAN_POINT('', (-118.74799769, -118.74799769, -2.));
#6399 = AXIS2_PLACEMENT_3D('', #6398, #6397, #6396);
#6400 = CIRCLE('', #6399, 1.7);
#6401 = DIRECTION('', (-0.00000001, 1., 0.));
#6402 = DIRECTION('', (0., 0., -1.));
#6403 = CARTESIAN_POINT('', (-118.74799769, -118.74799769, 2.));
#6404 = AXIS2_PLACEMENT_3D('', #6403, #6402, #6401);
#6405 = CIRCLE('', #6404, 1.7);
#6406 = DIRECTION('', (0.00000001, -1., 0.));
#6407 = DIRECTION('', (-0., 0., 1.));
#6408 = CARTESIAN_POINT('', (-118.74799769, -118.74799769, 2.));
#6409 = AXIS2_PLACEMENT_3D('', #6408, #6407, #6406);
#6410 = CIRCLE('', #6409, 1.7);
#6411 = DIRECTION('', (0., -0., 1.));
#6412 = VECTOR('', #6411, 1.);
#6413 = CARTESIAN_POINT('', (-117.04799769, -118.74799769, -2.));
#6414 = LINE('', #6413, #6412);
#6415 = DIRECTION('', (0., -0., 1.));
#6416 = VECTOR('', #6415, 1.);
#6417 = CARTESIAN_POINT('', (-120.44799769, -118.74799769, -2.));
#6418 = LINE('', #6417, #6416);
#6419 = DIRECTION('', (-1., 0., -0.));
#6420 = DIRECTION('', (-0., -0., 1.));
#6421 = CARTESIAN_POINT('', (-99.74799769, -118.74799769, -2.));
#6422 = AXIS2_PLACEMENT_3D('', #6421, #6420, #6419);
#6423 = CIRCLE('', #6422, 1.7);
#6424 = DIRECTION('', (-1., -0., 0.));
#6425 = DIRECTION('', (-0., 0., -1.));
#6426 = CARTESIAN_POINT('', (-99.74799769, -118.74799769, -2.));
#6427 = AXIS2_PLACEMENT_3D('', #6426, #6425, #6424);
#6428 = CIRCLE('', #6427, 1.7);
#6429 = DIRECTION('', (-1., -0., 0.));
#6430 = DIRECTION('', (0., -0., 1.));
#6431 = CARTESIAN_POINT('', (-99.74799769, -118.74799769, 2.));
#6432 = AXIS2_PLACEMENT_3D('', #6431, #6430, #6429);
#6433 = CIRCLE('', #6432, 1.7);
#6434 = DIRECTION('', (-1., 0., 0.));
#6435 = DIRECTION('', (-0., 0., -1.));
#6436 = CARTESIAN_POINT('', (-99.74799769, -118.74799769, 2.));
#6437 = AXIS2_PLACEMENT_3D('', #6436, #6435, #6434);
#6438 = CIRCLE('', #6437, 1.7);
#6439 = DIRECTION('', (0.00000001, 1., -0.));
#6440 = DIRECTION('', (0., -0., -1.));
#6441 = CARTESIAN_POINT('', (-99.74799769, -118.74799769, -2.));
#6442 = AXIS2_PLACEMENT_3D('', #6441, #6440, #6439);
#6443 = CIRCLE('', #6442, 1.7);
#6444 = DIRECTION('', (-0.00000001, -1., -0.));
#6445 = DIRECTION('', (0., -0., 1.));
#6446 = CARTESIAN_POINT('', (-99.74799769, -118.74799769, -2.));
#6447 = AXIS2_PLACEMENT_3D('', #6446, #6445, #6444);
#6448 = CIRCLE('', #6447, 1.7);
#6449 = DIRECTION('', (-0.00000001, 1., 0.));
#6450 = DIRECTION('', (0., 0., -1.));
#6451 = CARTESIAN_POINT('', (-99.74799769, -118.74799769, 2.));
#6452 = AXIS2_PLACEMENT_3D('', #6451, #6450, #6449);
#6453 = CIRCLE('', #6452, 1.7);
#6454 = DIRECTION('', (0.00000001, -1., 0.));
#6455 = DIRECTION('', (-0., 0., 1.));
#6456 = CARTESIAN_POINT('', (-99.74799769, -118.74799769, 2.));
#6457 = AXIS2_PLACEMENT_3D('', #6456, #6455, #6454);
#6458 = CIRCLE('', #6457, 1.7);
#6459 = DIRECTION('', (0., -0., 1.));
#6460 = VECTOR('', #6459, 1.);
#6461 = CARTESIAN_POINT('', (-98.04799769, -118.74799769, -2.));
#6462 = LINE('', #6461, #6460);
#6463 = DIRECTION('', (0., -0., 1.));
#6464 = VECTOR('', #6463, 1.);
#6465 = CARTESIAN_POINT('', (-101.44799769, -118.74799769, -2.));
#6466 = LINE('', #6465, #6464);
#6467 = DIRECTION('', (-1., 0., -0.));
#6468 = DIRECTION('', (-0., -0., 1.));
#6469 = CARTESIAN_POINT('', (-99.74799769, -99.74799769, -2.));
#6470 = AXIS2_PLACEMENT_3D('', #6469, #6468, #6467);
#6471 = CIRCLE('', #6470, 1.7);
#6472 = DIRECTION('', (-1., -0., 0.));
#6473 = DIRECTION('', (-0., 0., -1.));
#6474 = CARTESIAN_POINT('', (-99.74799769, -99.74799769, -2.));
#6475 = AXIS2_PLACEMENT_3D('', #6474, #6473, #6472);
#6476 = CIRCLE('', #6475, 1.7);
#6477 = DIRECTION('', (-1., 0., -0.));
#6478 = DIRECTION('', (-0., -0., 1.));
#6479 = CARTESIAN_POINT('', (-99.74799769, -99.74799769, 2.));
#6480 = AXIS2_PLACEMENT_3D('', #6479, #6478, #6477);
#6481 = CIRCLE('', #6480, 1.7);
#6482 = DIRECTION('', (-1., -0., -0.));
#6483 = DIRECTION('', (0., -0., -1.));
#6484 = CARTESIAN_POINT('', (-99.74799769, -99.74799769, 2.));
#6485 = AXIS2_PLACEMENT_3D('', #6484, #6483, #6482);
#6486 = CIRCLE('', #6485, 1.7);
#6487 = DIRECTION('', (0.00000001, 1., -0.));
#6488 = DIRECTION('', (-0., -0., -1.));
#6489 = CARTESIAN_POINT('', (-99.74799769, -99.74799769, -2.));
#6490 = AXIS2_PLACEMENT_3D('', #6489, #6488, #6487);
#6491 = CIRCLE('', #6490, 1.7);
#6492 = DIRECTION('', (-0.00000001, -1., 0.));
#6493 = DIRECTION('', (0., -0., 1.));
#6494 = CARTESIAN_POINT('', (-99.74799769, -99.74799769, -2.));
#6495 = AXIS2_PLACEMENT_3D('', #6494, #6493, #6492);
#6496 = CIRCLE('', #6495, 1.7);
#6497 = DIRECTION('', (-0.00000001, 1., 0.));
#6498 = DIRECTION('', (0., 0., -1.));
#6499 = CARTESIAN_POINT('', (-99.74799769, -99.74799769, 2.));
#6500 = AXIS2_PLACEMENT_3D('', #6499, #6498, #6497);
#6501 = CIRCLE('', #6500, 1.7);
#6502 = DIRECTION('', (0.00000001, -1., 0.));
#6503 = DIRECTION('', (0., 0., 1.));
#6504 = CARTESIAN_POINT('', (-99.74799769, -99.74799769, 2.));
#6505 = AXIS2_PLACEMENT_3D('', #6504, #6503, #6502);
#6506 = CIRCLE('', #6505, 1.7);
#6507 = DIRECTION('', (0., -0., 1.));
#6508 = VECTOR('', #6507, 1.);
#6509 = CARTESIAN_POINT('', (-98.04799769, -99.74799769, -2.));
#6510 = LINE('', #6509, #6508);
#6511 = DIRECTION('', (0., -0., 1.));
#6512 = VECTOR('', #6511, 1.);
#6513 = CARTESIAN_POINT('', (-101.44799769, -99.74799769, -2.));
#6514 = LINE('', #6513, #6512);
#6515 = DIRECTION('', (-1., -0., 0.));
#6516 = DIRECTION('', (0., 0., 1.));
#6517 = CARTESIAN_POINT('', (-118.74799769, -99.74799769, -2.));
#6518 = AXIS2_PLACEMENT_3D('', #6517, #6516, #6515);
#6519 = CIRCLE('', #6518, 1.7);
#6520 = DIRECTION('', (-1., -0., 0.));
#6521 = DIRECTION('', (0., -0., -1.));
#6522 = CARTESIAN_POINT('', (-118.74799769, -99.74799769, -2.));
#6523 = AXIS2_PLACEMENT_3D('', #6522, #6521, #6520);
#6524 = CIRCLE('', #6523, 1.7);
#6525 = DIRECTION('', (-1., -0., 0.));
#6526 = DIRECTION('', (0., 0., 1.));
#6527 = CARTESIAN_POINT('', (-118.74799769, -99.74799769, 2.));
#6528 = AXIS2_PLACEMENT_3D('', #6527, #6526, #6525);
#6529 = CIRCLE('', #6528, 1.7);
#6530 = DIRECTION('', (-1., 0., -0.));
#6531 = DIRECTION('', (0., -0., -1.));
#6532 = CARTESIAN_POINT('', (-118.74799769, -99.74799769, 2.));
#6533 = AXIS2_PLACEMENT_3D('', #6532, #6531, #6530);
#6534 = CIRCLE('', #6533, 1.7);
#6535 = DIRECTION('', (0.00000001, 1., -0.));
#6536 = DIRECTION('', (-0., -0., -1.));
#6537 = CARTESIAN_POINT('', (-118.74799769, -99.74799769, -2.));
#6538 = AXIS2_PLACEMENT_3D('', #6537, #6536, #6535);
#6539 = CIRCLE('', #6538, 1.7);
#6540 = DIRECTION('', (-0.00000001, -1., 0.));
#6541 = DIRECTION('', (0., 0., 1.));
#6542 = CARTESIAN_POINT('', (-118.74799769, -99.74799769, -2.));
#6543 = AXIS2_PLACEMENT_3D('', #6542, #6541, #6540);
#6544 = CIRCLE('', #6543, 1.7);
#6545 = DIRECTION('', (-0.00000001, 1., -0.));
#6546 = DIRECTION('', (-0., -0., -1.));
#6547 = CARTESIAN_POINT('', (-118.74799769, -99.74799769, 2.));
#6548 = AXIS2_PLACEMENT_3D('', #6547, #6546, #6545);
#6549 = CIRCLE('', #6548, 1.7);
#6550 = DIRECTION('', (0.00000001, -1., 0.));
#6551 = DIRECTION('', (0., 0., 1.));
#6552 = CARTESIAN_POINT('', (-118.74799769, -99.74799769, 2.));
#6553 = AXIS2_PLACEMENT_3D('', #6552, #6551, #6550);
#6554 = CIRCLE('', #6553, 1.7);
#6555 = DIRECTION('', (0., -0., 1.));
#6556 = VECTOR('', #6555, 1.);
#6557 = CARTESIAN_POINT('', (-117.04799769, -99.74799769, -2.));
#6558 = LINE('', #6557, #6556);
#6559 = DIRECTION('', (0., -0., 1.));
#6560 = VECTOR('', #6559, 1.);
#6561 = CARTESIAN_POINT('', (-120.44799769, -99.74799769, -2.));
#6562 = LINE('', #6561, #6560);
#6563 = DIRECTION('', (1., -0., 0.));
#6564 = VECTOR('', #6563, 1.);
#6565 = CARTESIAN_POINT('', (84.24799769, -134.24799769, -2.));
#6566 = LINE('', #6565, #6564);
#6567 = DIRECTION('', (0., -0., 1.));
#6568 = VECTOR('', #6567, 1.);
#6569 = CARTESIAN_POINT('', (134.24799769, -134.24799769, -2.));
#6570 = LINE('', #6569, #6568);
#6571 = DIRECTION('', (1., -0., 0.));
#6572 = VECTOR('', #6571, 1.);
#6573 = CARTESIAN_POINT('', (84.24799769, -134.24799769, 2.));
#6574 = LINE('', #6573, #6572);
#6575 = DIRECTION('', (0., -0., 1.));
#6576 = VECTOR('', #6575, 1.);
#6577 = CARTESIAN_POINT('', (84.24799769, -134.24799769, -2.));
#6578 = LINE('', #6577, #6576);
#6579 = DIRECTION('', (0., 1., 0.));
#6580 = VECTOR('', #6579, 1.);
#6581 = CARTESIAN_POINT('', (134.24799769, -134.24799769, -2.));
#6582 = LINE('', #6581, #6580);
#6583 = DIRECTION('', (0., -0., 1.));
#6584 = VECTOR('', #6583, 1.);
#6585 = CARTESIAN_POINT('', (134.24799769, -84.24799769, -2.));
#6586 = LINE('', #6585, #6584);
#6587 = DIRECTION('', (0., 1., 0.));
#6588 = VECTOR('', #6587, 1.);
#6589 = CARTESIAN_POINT('', (134.24799769, -134.24799769, 2.));
#6590 = LINE('', #6589, #6588);
#6591 = DIRECTION('', (-1., 0., 0.));
#6592 = VECTOR('', #6591, 1.);
#6593 = CARTESIAN_POINT('', (134.24799769, -84.24799769, -2.));
#6594 = LINE('', #6593, #6592);
#6595 = DIRECTION('', (0., -0., 1.));
#6596 = VECTOR('', #6595, 1.);
#6597 = CARTESIAN_POINT('', (84.24799769, -84.24799769, -2.));
#6598 = LINE('', #6597, #6596);
#6599 = DIRECTION('', (-1., 0., 0.));
#6600 = VECTOR('', #6599, 1.);
#6601 = CARTESIAN_POINT('', (134.24799769, -84.24799769, 2.));
#6602 = LINE('', #6601, #6600);
#6603 = DIRECTION('', (-0., -1., 0.));
#6604 = VECTOR('', #6603, 1.);
#6605 = CARTESIAN_POINT('', (84.24799769, -84.24799769, -2.));
#6606 = LINE('', #6605, #6604);
#6607 = DIRECTION('', (-0., -1., 0.));
#6608 = VECTOR('', #6607, 1.);
#6609 = CARTESIAN_POINT('', (84.24799769, -84.24799769, 2.));
#6610 = LINE('', #6609, #6608);
#6611 = DIRECTION('', (-0., -1., -0.));
#6612 = DIRECTION('', (0., -0., 1.));
#6613 = CARTESIAN_POINT('', (109.24799769, -109.24799769, -2.));
#6614 = AXIS2_PLACEMENT_3D('', #6613, #6612, #6611);
#6615 = CIRCLE('', #6614, 6.);
#6616 = DIRECTION('', (0., -1., 0.));
#6617 = DIRECTION('', (-0., -0., -1.));
#6618 = CARTESIAN_POINT('', (109.24799769, -109.24799769, -2.));
#6619 = AXIS2_PLACEMENT_3D('', #6618, #6617, #6616);
#6620 = CIRCLE('', #6619, 6.);
#6621 = DIRECTION('', (0., -1., -0.));
#6622 = DIRECTION('', (0., -0., 1.));
#6623 = CARTESIAN_POINT('', (109.24799769, -109.24799769, 2.));
#6624 = AXIS2_PLACEMENT_3D('', #6623, #6622, #6621);
#6625 = CIRCLE('', #6624, 6.);
#6626 = DIRECTION('', (0., -1., -0.));
#6627 = DIRECTION('', (0., 0., -1.));
#6628 = CARTESIAN_POINT('', (109.24799769, -109.24799769, 2.));
#6629 = AXIS2_PLACEMENT_3D('', #6628, #6627, #6626);
#6630 = CIRCLE('', #6629, 6.);
#6631 = DIRECTION('', (-1., -0., -0.));
#6632 = DIRECTION('', (0., -0., -1.));
#6633 = CARTESIAN_POINT('', (109.24799769, -109.24799769, -2.));
#6634 = AXIS2_PLACEMENT_3D('', #6633, #6632, #6631);
#6635 = CIRCLE('', #6634, 6.);
#6636 = DIRECTION('', (1., 0., -0.));
#6637 = DIRECTION('', (0., 0., 1.));
#6638 = CARTESIAN_POINT('', (109.24799769, -109.24799769, -2.));
#6639 = AXIS2_PLACEMENT_3D('', #6638, #6637, #6636);
#6640 = CIRCLE('', #6639, 6.);
#6641 = DIRECTION('', (-1., -0.00000001, 0.));
#6642 = DIRECTION('', (-0., 0., -1.));
#6643 = CARTESIAN_POINT('', (109.24799769, -109.24799769, 2.));
#6644 = AXIS2_PLACEMENT_3D('', #6643, #6642, #6641);
#6645 = CIRCLE('', #6644, 6.);
#6646 = DIRECTION('', (1., 0.00000001, -0.));
#6647 = DIRECTION('', (0., 0., 1.));
#6648 = CARTESIAN_POINT('', (109.24799769, -109.24799769, 2.));
#6649 = AXIS2_PLACEMENT_3D('', #6648, #6647, #6646);
#6650 = CIRCLE('', #6649, 6.);
#6651 = DIRECTION('', (0., -0., 1.));
#6652 = VECTOR('', #6651, 1.);
#6653 = CARTESIAN_POINT('', (109.24799769, -103.24799769, -2.));
#6654 = LINE('', #6653, #6652);
#6655 = DIRECTION('', (0., -0., 1.));
#6656 = VECTOR('', #6655, 1.);
#6657 = CARTESIAN_POINT('', (109.24799769, -115.24799769, -2.));
#6658 = LINE('', #6657, #6656);
#6659 = DIRECTION('', (-0., -1., -0.));
#6660 = DIRECTION('', (0., -0., 1.));
#6661 = CARTESIAN_POINT('', (121.74799769, -121.74799769, -2.));
#6662 = AXIS2_PLACEMENT_3D('', #6661, #6660, #6659);
#6663 = CIRCLE('', #6662, 1.7);
#6664 = DIRECTION('', (0., -1., 0.));
#6665 = DIRECTION('', (-0., -0., -1.));
#6666 = CARTESIAN_POINT('', (121.74799769, -121.74799769, -2.));
#6667 = AXIS2_PLACEMENT_3D('', #6666, #6665, #6664);
#6668 = CIRCLE('', #6667, 1.7);
#6669 = DIRECTION('', (-0., -1., -0.));
#6670 = DIRECTION('', (0., -0., 1.));
#6671 = CARTESIAN_POINT('', (121.74799769, -121.74799769, 2.));
#6672 = AXIS2_PLACEMENT_3D('', #6671, #6670, #6669);
#6673 = CIRCLE('', #6672, 1.7);
#6674 = DIRECTION('', (0., -1., 0.));
#6675 = DIRECTION('', (-0., -0., -1.));
#6676 = CARTESIAN_POINT('', (121.74799769, -121.74799769, 2.));
#6677 = AXIS2_PLACEMENT_3D('', #6676, #6675, #6674);
#6678 = CIRCLE('', #6677, 1.7);
#6679 = DIRECTION('', (-1., 0.00000001, 0.));
#6680 = DIRECTION('', (-0., 0., -1.));
#6681 = CARTESIAN_POINT('', (121.74799769, -121.74799769, -2.));
#6682 = AXIS2_PLACEMENT_3D('', #6681, #6680, #6679);
#6683 = CIRCLE('', #6682, 1.7);
#6684 = DIRECTION('', (1., -0.00000001, 0.));
#6685 = DIRECTION('', (-0., 0., 1.));
#6686 = CARTESIAN_POINT('', (121.74799769, -121.74799769, -2.));
#6687 = AXIS2_PLACEMENT_3D('', #6686, #6685, #6684);
#6688 = CIRCLE('', #6687, 1.7);
#6689 = DIRECTION('', (-1., -0.00000001, 0.));
#6690 = DIRECTION('', (-0., 0., -1.));
#6691 = CARTESIAN_POINT('', (121.74799769, -121.74799769, 2.));
#6692 = AXIS2_PLACEMENT_3D('', #6691, #6690, #6689);
#6693 = CIRCLE('', #6692, 1.7);
#6694 = DIRECTION('', (1., 0.00000001, 0.));
#6695 = DIRECTION('', (-0., -0., 1.));
#6696 = CARTESIAN_POINT('', (121.74799769, -121.74799769, 2.));
#6697 = AXIS2_PLACEMENT_3D('', #6696, #6695, #6694);
#6698 = CIRCLE('', #6697, 1.7);
#6699 = DIRECTION('', (0., -0., 1.));
#6700 = VECTOR('', #6699, 1.);
#6701 = CARTESIAN_POINT('', (121.74799769, -120.04799769, -2.));
#6702 = LINE('', #6701, #6700);
#6703 = DIRECTION('', (0., -0., 1.));
#6704 = VECTOR('', #6703, 1.);
#6705 = CARTESIAN_POINT('', (121.74799769, -123.44799769, -2.));
#6706 = LINE('', #6705, #6704);
#6707 = DIRECTION('', (-0., -1., -0.));
#6708 = DIRECTION('', (0., -0., 1.));
#6709 = CARTESIAN_POINT('', (121.74799769, -96.74799769, -2.));
#6710 = AXIS2_PLACEMENT_3D('', #6709, #6708, #6707);
#6711 = CIRCLE('', #6710, 1.7);
#6712 = DIRECTION('', (0., -1., 0.));
#6713 = DIRECTION('', (-0., -0., -1.));
#6714 = CARTESIAN_POINT('', (121.74799769, -96.74799769, -2.));
#6715 = AXIS2_PLACEMENT_3D('', #6714, #6713, #6712);
#6716 = CIRCLE('', #6715, 1.7);
#6717 = DIRECTION('', (-0., -1., -0.));
#6718 = DIRECTION('', (0., -0., 1.));
#6719 = CARTESIAN_POINT('', (121.74799769, -96.74799769, 2.));
#6720 = AXIS2_PLACEMENT_3D('', #6719, #6718, #6717);
#6721 = CIRCLE('', #6720, 1.7);
#6722 = DIRECTION('', (0., -1., 0.));
#6723 = DIRECTION('', (-0., -0., -1.));
#6724 = CARTESIAN_POINT('', (121.74799769, -96.74799769, 2.));
#6725 = AXIS2_PLACEMENT_3D('', #6724, #6723, #6722);
#6726 = CIRCLE('', #6725, 1.7);
#6727 = DIRECTION('', (-1., 0.00000001, -0.));
#6728 = DIRECTION('', (0., -0., -1.));
#6729 = CARTESIAN_POINT('', (121.74799769, -96.74799769, -2.));
#6730 = AXIS2_PLACEMENT_3D('', #6729, #6728, #6727);
#6731 = CIRCLE('', #6730, 1.7);
#6732 = DIRECTION('', (1., -0.00000001, -0.));
#6733 = DIRECTION('', (0., 0., 1.));
#6734 = CARTESIAN_POINT('', (121.74799769, -96.74799769, -2.));
#6735 = AXIS2_PLACEMENT_3D('', #6734, #6733, #6732);
#6736 = CIRCLE('', #6735, 1.7);
#6737 = DIRECTION('', (-1., -0.00000001, 0.));
#6738 = DIRECTION('', (-0., 0., -1.));
#6739 = CARTESIAN_POINT('', (121.74799769, -96.74799769, 2.));
#6740 = AXIS2_PLACEMENT_3D('', #6739, #6738, #6737);
#6741 = CIRCLE('', #6740, 1.7);
#6742 = DIRECTION('', (1., 0.00000001, 0.));
#6743 = DIRECTION('', (-0., -0., 1.));
#6744 = CARTESIAN_POINT('', (121.74799769, -96.74799769, 2.));
#6745 = AXIS2_PLACEMENT_3D('', #6744, #6743, #6742);
#6746 = CIRCLE('', #6745, 1.7);
#6747 = DIRECTION('', (0., -0., 1.));
#6748 = VECTOR('', #6747, 1.);
#6749 = CARTESIAN_POINT('', (121.74799769, -95.04799769, -2.));
#6750 = LINE('', #6749, #6748);
#6751 = DIRECTION('', (0., -0., 1.));
#6752 = VECTOR('', #6751, 1.);
#6753 = CARTESIAN_POINT('', (121.74799769, -98.44799769, -2.));
#6754 = LINE('', #6753, #6752);
#6755 = DIRECTION('', (-0., -1., -0.));
#6756 = DIRECTION('', (0., -0., 1.));
#6757 = CARTESIAN_POINT('', (96.74799769, -96.74799769, -2.));
#6758 = AXIS2_PLACEMENT_3D('', #6757, #6756, #6755);
#6759 = CIRCLE('', #6758, 1.7);
#6760 = DIRECTION('', (0., -1., 0.));
#6761 = DIRECTION('', (-0., -0., -1.));
#6762 = CARTESIAN_POINT('', (96.74799769, -96.74799769, -2.));
#6763 = AXIS2_PLACEMENT_3D('', #6762, #6761, #6760);
#6764 = CIRCLE('', #6763, 1.7);
#6765 = DIRECTION('', (-0., -1., -0.));
#6766 = DIRECTION('', (-0., -0., 1.));
#6767 = CARTESIAN_POINT('', (96.74799769, -96.74799769, 2.));
#6768 = AXIS2_PLACEMENT_3D('', #6767, #6766, #6765);
#6769 = CIRCLE('', #6768, 1.7);
#6770 = DIRECTION('', (0., -1., 0.));
#6771 = DIRECTION('', (-0., -0., -1.));
#6772 = CARTESIAN_POINT('', (96.74799769, -96.74799769, 2.));
#6773 = AXIS2_PLACEMENT_3D('', #6772, #6771, #6770);
#6774 = CIRCLE('', #6773, 1.7);
#6775 = DIRECTION('', (-1., 0.00000001, 0.));
#6776 = DIRECTION('', (-0., 0., -1.));
#6777 = CARTESIAN_POINT('', (96.74799769, -96.74799769, -2.));
#6778 = AXIS2_PLACEMENT_3D('', #6777, #6776, #6775);
#6779 = CIRCLE('', #6778, 1.7);
#6780 = DIRECTION('', (1., -0.00000001, 0.));
#6781 = DIRECTION('', (-0., -0., 1.));
#6782 = CARTESIAN_POINT('', (96.74799769, -96.74799769, -2.));
#6783 = AXIS2_PLACEMENT_3D('', #6782, #6781, #6780);
#6784 = CIRCLE('', #6783, 1.7);
#6785 = DIRECTION('', (-1., -0.00000001, 0.));
#6786 = DIRECTION('', (-0., 0., -1.));
#6787 = CARTESIAN_POINT('', (96.74799769, -96.74799769, 2.));
#6788 = AXIS2_PLACEMENT_3D('', #6787, #6786, #6785);
#6789 = CIRCLE('', #6788, 1.7);
#6790 = DIRECTION('', (1., 0.00000001, 0.));
#6791 = DIRECTION('', (-0., 0., 1.));
#6792 = CARTESIAN_POINT('', (96.74799769, -96.74799769, 2.));
#6793 = AXIS2_PLACEMENT_3D('', #6792, #6791, #6790);
#6794 = CIRCLE('', #6793, 1.7);
#6795 = DIRECTION('', (0., -0., 1.));
#6796 = VECTOR('', #6795, 1.);
#6797 = CARTESIAN_POINT('', (96.74799769, -95.04799769, -2.));
#6798 = LINE('', #6797, #6796);
#6799 = DIRECTION('', (0., -0., 1.));
#6800 = VECTOR('', #6799, 1.);
#6801 = CARTESIAN_POINT('', (96.74799769, -98.44799769, -2.));
#6802 = LINE('', #6801, #6800);
#6803 = DIRECTION('', (-0., -1., -0.));
#6804 = DIRECTION('', (0., -0., 1.));
#6805 = CARTESIAN_POINT('', (96.74799769, -121.74799769, -2.));
#6806 = AXIS2_PLACEMENT_3D('', #6805, #6804, #6803);
#6807 = CIRCLE('', #6806, 1.7);
#6808 = DIRECTION('', (0., -1., -0.));
#6809 = DIRECTION('', (0., 0., -1.));
#6810 = CARTESIAN_POINT('', (96.74799769, -121.74799769, -2.));
#6811 = AXIS2_PLACEMENT_3D('', #6810, #6809, #6808);
#6812 = CIRCLE('', #6811, 1.7);
#6813 = DIRECTION('', (-0., -1., 0.));
#6814 = DIRECTION('', (-0., 0., 1.));
#6815 = CARTESIAN_POINT('', (96.74799769, -121.74799769, 2.));
#6816 = AXIS2_PLACEMENT_3D('', #6815, #6814, #6813);
#6817 = CIRCLE('', #6816, 1.7);
#6818 = DIRECTION('', (0., -1., 0.));
#6819 = DIRECTION('', (-0., -0., -1.));
#6820 = CARTESIAN_POINT('', (96.74799769, -121.74799769, 2.));
#6821 = AXIS2_PLACEMENT_3D('', #6820, #6819, #6818);
#6822 = CIRCLE('', #6821, 1.7);
#6823 = DIRECTION('', (-1., 0.00000001, 0.));
#6824 = DIRECTION('', (0., 0., -1.));
#6825 = CARTESIAN_POINT('', (96.74799769, -121.74799769, -2.));
#6826 = AXIS2_PLACEMENT_3D('', #6825, #6824, #6823);
#6827 = CIRCLE('', #6826, 1.7);
#6828 = DIRECTION('', (1., -0.00000001, 0.));
#6829 = DIRECTION('', (-0., 0., 1.));
#6830 = CARTESIAN_POINT('', (96.74799769, -121.74799769, -2.));
#6831 = AXIS2_PLACEMENT_3D('', #6830, #6829, #6828);
#6832 = CIRCLE('', #6831, 1.7);
#6833 = DIRECTION('', (-1., -0.00000001, 0.));
#6834 = DIRECTION('', (-0., 0., -1.));
#6835 = CARTESIAN_POINT('', (96.74799769, -121.74799769, 2.));
#6836 = AXIS2_PLACEMENT_3D('', #6835, #6834, #6833);
#6837 = CIRCLE('', #6836, 1.7);
#6838 = DIRECTION('', (1., 0.00000001, 0.));
#6839 = DIRECTION('', (-0., -0., 1.));
#6840 = CARTESIAN_POINT('', (96.74799769, -121.74799769, 2.));
#6841 = AXIS2_PLACEMENT_3D('', #6840, #6839, #6838);
#6842 = CIRCLE('', #6841, 1.7);
#6843 = DIRECTION('', (0., -0., 1.));
#6844 = VECTOR('', #6843, 1.);
#6845 = CARTESIAN_POINT('', (96.74799769, -120.04799769, -2.));
#6846 = LINE('', #6845, #6844);
#6847 = DIRECTION('', (0., -0., 1.));
#6848 = VECTOR('', #6847, 1.);
#6849 = CARTESIAN_POINT('', (96.74799769, -123.44799769, -2.));
#6850 = LINE('', #6849, #6848);
#6851 = DIRECTION('', (-0., -1., -0.));
#6852 = DIRECTION('', (0., -0., 1.));
#6853 = CARTESIAN_POINT('', (118.74799769, -118.74799769, -2.));
#6854 = AXIS2_PLACEMENT_3D('', #6853, #6852, #6851);
#6855 = CIRCLE('', #6854, 1.7);
#6856 = DIRECTION('', (0., -1., 0.));
#6857 = DIRECTION('', (0., -0., -1.));
#6858 = CARTESIAN_POINT('', (118.74799769, -118.74799769, -2.));
#6859 = AXIS2_PLACEMENT_3D('', #6858, #6857, #6856);
#6860 = CIRCLE('', #6859, 1.7);
#6861 = DIRECTION('', (-0., -1., 0.));
#6862 = DIRECTION('', (0., 0., 1.));
#6863 = CARTESIAN_POINT('', (118.74799769, -118.74799769, 2.));
#6864 = AXIS2_PLACEMENT_3D('', #6863, #6862, #6861);
#6865 = CIRCLE('', #6864, 1.7);
#6866 = DIRECTION('', (0., -1., 0.));
#6867 = DIRECTION('', (-0., -0., -1.));
#6868 = CARTESIAN_POINT('', (118.74799769, -118.74799769, 2.));
#6869 = AXIS2_PLACEMENT_3D('', #6868, #6867, #6866);
#6870 = CIRCLE('', #6869, 1.7);
#6871 = DIRECTION('', (-1., 0.00000001, 0.));
#6872 = DIRECTION('', (0., 0., -1.));
#6873 = CARTESIAN_POINT('', (118.74799769, -118.74799769, -2.));
#6874 = AXIS2_PLACEMENT_3D('', #6873, #6872, #6871);
#6875 = CIRCLE('', #6874, 1.7);
#6876 = DIRECTION('', (1., -0.00000001, 0.));
#6877 = DIRECTION('', (-0., 0., 1.));
#6878 = CARTESIAN_POINT('', (118.74799769, -118.74799769, -2.));
#6879 = AXIS2_PLACEMENT_3D('', #6878, #6877, #6876);
#6880 = CIRCLE('', #6879, 1.7);
#6881 = DIRECTION('', (-1., -0.00000001, 0.));
#6882 = DIRECTION('', (-0., 0., -1.));
#6883 = CARTESIAN_POINT('', (118.74799769, -118.74799769, 2.));
#6884 = AXIS2_PLACEMENT_3D('', #6883, #6882, #6881);
#6885 = CIRCLE('', #6884, 1.7);
#6886 = DIRECTION('', (1., 0.00000001, 0.));
#6887 = DIRECTION('', (-0., -0., 1.));
#6888 = CARTESIAN_POINT('', (118.74799769, -118.74799769, 2.));
#6889 = AXIS2_PLACEMENT_3D('', #6888, #6887, #6886);
#6890 = CIRCLE('', #6889, 1.7);
#6891 = DIRECTION('', (0., -0., 1.));
#6892 = VECTOR('', #6891, 1.);
#6893 = CARTESIAN_POINT('', (118.74799769, -117.04799769, -2.));
#6894 = LINE('', #6893, #6892);
#6895 = DIRECTION('', (0., -0., 1.));
#6896 = VECTOR('', #6895, 1.);
#6897 = CARTESIAN_POINT('', (118.74799769, -120.44799769, -2.));
#6898 = LINE('', #6897, #6896);
#6899 = DIRECTION('', (-0., -1., -0.));
#6900 = DIRECTION('', (0., -0., 1.));
#6901 = CARTESIAN_POINT('', (118.74799769, -99.74799769, -2.));
#6902 = AXIS2_PLACEMENT_3D('', #6901, #6900, #6899);
#6903 = CIRCLE('', #6902, 1.7);
#6904 = DIRECTION('', (0., -1., 0.));
#6905 = DIRECTION('', (-0., -0., -1.));
#6906 = CARTESIAN_POINT('', (118.74799769, -99.74799769, -2.));
#6907 = AXIS2_PLACEMENT_3D('', #6906, #6905, #6904);
#6908 = CIRCLE('', #6907, 1.7);
#6909 = DIRECTION('', (0., -1., 0.));
#6910 = DIRECTION('', (0., 0., 1.));
#6911 = CARTESIAN_POINT('', (118.74799769, -99.74799769, 2.));
#6912 = AXIS2_PLACEMENT_3D('', #6911, #6910, #6909);
#6913 = CIRCLE('', #6912, 1.7);
#6914 = DIRECTION('', (-0., -1., 0.));
#6915 = DIRECTION('', (-0., -0., -1.));
#6916 = CARTESIAN_POINT('', (118.74799769, -99.74799769, 2.));
#6917 = AXIS2_PLACEMENT_3D('', #6916, #6915, #6914);
#6918 = CIRCLE('', #6917, 1.7);
#6919 = DIRECTION('', (-1., 0.00000001, -0.));
#6920 = DIRECTION('', (0., 0., -1.));
#6921 = CARTESIAN_POINT('', (118.74799769, -99.74799769, -2.));
#6922 = AXIS2_PLACEMENT_3D('', #6921, #6920, #6919);
#6923 = CIRCLE('', #6922, 1.7);
#6924 = DIRECTION('', (1., -0.00000001, -0.));
#6925 = DIRECTION('', (0., 0., 1.));
#6926 = CARTESIAN_POINT('', (118.74799769, -99.74799769, -2.));
#6927 = AXIS2_PLACEMENT_3D('', #6926, #6925, #6924);
#6928 = CIRCLE('', #6927, 1.7);
#6929 = DIRECTION('', (-1., -0.00000001, 0.));
#6930 = DIRECTION('', (-0., 0., -1.));
#6931 = CARTESIAN_POINT('', (118.74799769, -99.74799769, 2.));
#6932 = AXIS2_PLACEMENT_3D('', #6931, #6930, #6929);
#6933 = CIRCLE('', #6932, 1.7);
#6934 = DIRECTION('', (1., 0.00000001, 0.));
#6935 = DIRECTION('', (-0., -0., 1.));
#6936 = CARTESIAN_POINT('', (118.74799769, -99.74799769, 2.));
#6937 = AXIS2_PLACEMENT_3D('', #6936, #6935, #6934);
#6938 = CIRCLE('', #6937, 1.7);
#6939 = DIRECTION('', (0., -0., 1.));
#6940 = VECTOR('', #6939, 1.);
#6941 = CARTESIAN_POINT('', (118.74799769, -98.04799769, -2.));
#6942 = LINE('', #6941, #6940);
#6943 = DIRECTION('', (0., -0., 1.));
#6944 = VECTOR('', #6943, 1.);
#6945 = CARTESIAN_POINT('', (118.74799769, -101.44799769, -2.));
#6946 = LINE('', #6945, #6944);
#6947 = DIRECTION('', (0., -1., -0.));
#6948 = DIRECTION('', (0., -0., 1.));
#6949 = CARTESIAN_POINT('', (99.74799769, -99.74799769, -2.));
#6950 = AXIS2_PLACEMENT_3D('', #6949, #6948, #6947);
#6951 = CIRCLE('', #6950, 1.7);
#6952 = DIRECTION('', (0., -1., 0.));
#6953 = DIRECTION('', (-0., -0., -1.));
#6954 = CARTESIAN_POINT('', (99.74799769, -99.74799769, -2.));
#6955 = AXIS2_PLACEMENT_3D('', #6954, #6953, #6952);
#6956 = CIRCLE('', #6955, 1.7);
#6957 = DIRECTION('', (-0., -1., -0.));
#6958 = DIRECTION('', (0., -0., 1.));
#6959 = CARTESIAN_POINT('', (99.74799769, -99.74799769, 2.));
#6960 = AXIS2_PLACEMENT_3D('', #6959, #6958, #6957);
#6961 = CIRCLE('', #6960, 1.7);
#6962 = DIRECTION('', (0., -1., -0.));
#6963 = DIRECTION('', (0., 0., -1.));
#6964 = CARTESIAN_POINT('', (99.74799769, -99.74799769, 2.));
#6965 = AXIS2_PLACEMENT_3D('', #6964, #6963, #6962);
#6966 = CIRCLE('', #6965, 1.7);
#6967 = DIRECTION('', (-1., 0.00000001, -0.));
#6968 = DIRECTION('', (0., -0., -1.));
#6969 = CARTESIAN_POINT('', (99.74799769, -99.74799769, -2.));
#6970 = AXIS2_PLACEMENT_3D('', #6969, #6968, #6967);
#6971 = CIRCLE('', #6970, 1.7);
#6972 = DIRECTION('', (1., -0.00000001, 0.));
#6973 = DIRECTION('', (0., 0., 1.));
#6974 = CARTESIAN_POINT('', (99.74799769, -99.74799769, -2.));
#6975 = AXIS2_PLACEMENT_3D('', #6974, #6973, #6972);
#6976 = CIRCLE('', #6975, 1.7);
#6977 = DIRECTION('', (-1., -0.00000001, 0.));
#6978 = DIRECTION('', (-0., -0., -1.));
#6979 = CARTESIAN_POINT('', (99.74799769, -99.74799769, 2.));
#6980 = AXIS2_PLACEMENT_3D('', #6979, #6978, #6977);
#6981 = CIRCLE('', #6980, 1.7);
#6982 = DIRECTION('', (1., 0.00000001, 0.));
#6983 = DIRECTION('', (-0., 0., 1.));
#6984 = CARTESIAN_POINT('', (99.74799769, -99.74799769, 2.));
#6985 = AXIS2_PLACEMENT_3D('', #6984, #6983, #6982);
#6986 = CIRCLE('', #6985, 1.7);
#6987 = DIRECTION('', (0., -0., 1.));
#6988 = VECTOR('', #6987, 1.);
#6989 = CARTESIAN_POINT('', (99.74799769, -98.04799769, -2.));
#6990 = LINE('', #6989, #6988);
#6991 = DIRECTION('', (0., -0., 1.));
#6992 = VECTOR('', #6991, 1.);
#6993 = CARTESIAN_POINT('', (99.74799769, -101.44799769, -2.));
#6994 = LINE('', #6993, #6992);
#6995 = DIRECTION('', (0., -1., 0.));
#6996 = DIRECTION('', (-0., -0., 1.));
#6997 = CARTESIAN_POINT('', (99.74799769, -118.74799769, -2.));
#6998 = AXIS2_PLACEMENT_3D('', #6997, #6996, #6995);
#6999 = CIRCLE('', #6998, 1.7);
#7000 = DIRECTION('', (0., -1., 0.));
#7001 = DIRECTION('', (0., 0., -1.));
#7002 = CARTESIAN_POINT('', (99.74799769, -118.74799769, -2.));
#7003 = AXIS2_PLACEMENT_3D('', #7002, #7001, #7000);
#7004 = CIRCLE('', #7003, 1.7);
#7005 = DIRECTION('', (0., -1., 0.));
#7006 = DIRECTION('', (-0., 0., 1.));
#7007 = CARTESIAN_POINT('', (99.74799769, -118.74799769, 2.));
#7008 = AXIS2_PLACEMENT_3D('', #7007, #7006, #7005);
#7009 = CIRCLE('', #7008, 1.7);
#7010 = DIRECTION('', (-0., -1., -0.));
#7011 = DIRECTION('', (0., 0., -1.));
#7012 = CARTESIAN_POINT('', (99.74799769, -118.74799769, 2.));
#7013 = AXIS2_PLACEMENT_3D('', #7012, #7011, #7010);
#7014 = CIRCLE('', #7013, 1.7);
#7015 = DIRECTION('', (-1., 0.00000001, -0.));
#7016 = DIRECTION('', (0., -0., -1.));
#7017 = CARTESIAN_POINT('', (99.74799769, -118.74799769, -2.));
#7018 = AXIS2_PLACEMENT_3D('', #7017, #7016, #7015);
#7019 = CIRCLE('', #7018, 1.7);
#7020 = DIRECTION('', (1., -0.00000001, 0.));
#7021 = DIRECTION('', (-0., 0., 1.));
#7022 = CARTESIAN_POINT('', (99.74799769, -118.74799769, -2.));
#7023 = AXIS2_PLACEMENT_3D('', #7022, #7021, #7020);
#7024 = CIRCLE('', #7023, 1.7);
#7025 = DIRECTION('', (-1., -0.00000001, -0.));
#7026 = DIRECTION('', (0., -0., -1.));
#7027 = CARTESIAN_POINT('', (99.74799769, -118.74799769, 2.));
#7028 = AXIS2_PLACEMENT_3D('', #7027, #7026, #7025);
#7029 = CIRCLE('', #7028, 1.7);
#7030 = DIRECTION('', (1., 0.00000001, 0.));
#7031 = DIRECTION('', (-0., 0., 1.));
#7032 = CARTESIAN_POINT('', (99.74799769, -118.74799769, 2.));
#7033 = AXIS2_PLACEMENT_3D('', #7032, #7031, #7030);
#7034 = CIRCLE('', #7033, 1.7);
#7035 = DIRECTION('', (0., -0., 1.));
#7036 = VECTOR('', #7035, 1.);
#7037 = CARTESIAN_POINT('', (99.74799769, -117.04799769, -2.));
#7038 = LINE('', #7037, #7036);
#7039 = DIRECTION('', (0., -0., 1.));
#7040 = VECTOR('', #7039, 1.);
#7041 = CARTESIAN_POINT('', (99.74799769, -120.44799769, -2.));
#7042 = LINE('', #7041, #7040);
#7043 = EDGE_CURVE('', #6, #8, #1706, .T.);
#7044 = EDGE_CURVE('', #8, #10, #1710, .T.);
#7045 = EDGE_CURVE('', #12, #10, #1714, .T.);
#7046 = EDGE_CURVE('', #6, #12, #1718, .T.);
#7047 = EDGE_CURVE('', #8, #14, #1722, .T.);
#7048 = EDGE_CURVE('', #14, #16, #1726, .T.);
#7049 = EDGE_CURVE('', #10, #16, #1730, .T.);
#7050 = EDGE_CURVE('', #14, #18, #1734, .T.);
#7051 = EDGE_CURVE('', #18, #20, #1738, .T.);
#7052 = EDGE_CURVE('', #16, #20, #1742, .T.);
#7053 = EDGE_CURVE('', #18, #6, #1746, .T.);
#7054 = EDGE_CURVE('', #20, #12, #1750, .T.);
#7055 = EDGE_CURVE('', #22, #32, #1755, .T.);
#7056 = EDGE_CURVE('', #22, #30, #1760, .T.);
#7057 = EDGE_CURVE('', #26, #36, #1765, .T.);
#7058 = EDGE_CURVE('', #26, #34, #1770, .T.);
#7059 = EDGE_CURVE('', #30, #24, #1775, .T.);
#7060 = EDGE_CURVE('', #32, #24, #1780, .T.);
#7061 = EDGE_CURVE('', #34, #28, #1785, .T.);
#7062 = EDGE_CURVE('', #36, #28, #1790, .T.);
#7063 = EDGE_CURVE('', #24, #28, #1794, .T.);
#7064 = EDGE_CURVE('', #22, #26, #1798, .T.);
#7065 = EDGE_CURVE('', #38, #40, #1802, .T.);
#7066 = EDGE_CURVE('', #40, #42, #1806, .T.);
#7067 = EDGE_CURVE('', #44, #42, #1810, .T.);
#7068 = EDGE_CURVE('', #38, #44, #1814, .T.);
#7069 = EDGE_CURVE('', #40, #46, #1818, .T.);
#7070 = EDGE_CURVE('', #46, #48, #1822, .T.);
#7071 = EDGE_CURVE('', #42, #48, #1826, .T.);
#7072 = EDGE_CURVE('', #46, #50, #1830, .T.);
#7073 = EDGE_CURVE('', #50, #52, #1834, .T.);
#7074 = EDGE_CURVE('', #48, #52, #1838, .T.);
#7075 = EDGE_CURVE('', #50, #38, #1842, .T.);
#7076 = EDGE_CURVE('', #52, #44, #1846, .T.);
#7077 = EDGE_CURVE('', #54, #54, #1851, .T.);
#7078 = EDGE_CURVE('', #54, #56, #1855, .T.);
#7079 = EDGE_CURVE('', #56, #56, #1860, .T.);
#7080 = EDGE_CURVE('', #58, #58, #1865, .T.);
#7081 = EDGE_CURVE('', #58, #60, #1869, .T.);
#7082 = EDGE_CURVE('', #60, #60, #1874, .T.);
#7083 = EDGE_CURVE('', #62, #62, #1879, .T.);
#7084 = EDGE_CURVE('', #62, #64, #1883, .T.);
#7085 = EDGE_CURVE('', #64, #64, #1888, .T.);
#7086 = EDGE_CURVE('', #66, #66, #1893, .T.);
#7087 = EDGE_CURVE('', #66, #68, #1897, .T.);
#7088 = EDGE_CURVE('', #68, #68, #1902, .T.);
#7089 = EDGE_CURVE('', #70, #70, #1907, .T.);
#7090 = EDGE_CURVE('', #70, #72, #1911, .T.);
#7091 = EDGE_CURVE('', #72, #72, #1916, .T.);
#7092 = EDGE_CURVE('', #74, #74, #1921, .T.);
#7093 = EDGE_CURVE('', #74, #76, #1925, .T.);
#7094 = EDGE_CURVE('', #76, #76, #1930, .T.);
#7095 = EDGE_CURVE('', #78, #78, #1935, .T.);
#7096 = EDGE_CURVE('', #78, #80, #1939, .T.);
#7097 = EDGE_CURVE('', #80, #80, #1944, .T.);
#7098 = EDGE_CURVE('', #82, #82, #1949, .T.);
#7099 = EDGE_CURVE('', #82, #84, #1953, .T.);
#7100 = EDGE_CURVE('', #84, #84, #1958, .T.);
#7101 = EDGE_CURVE('', #86, #86, #1963, .T.);
#7102 = EDGE_CURVE('', #86, #88, #1967, .T.);
#7103 = EDGE_CURVE('', #88, #88, #1972, .T.);
#7104 = EDGE_CURVE('', #90, #90, #1977, .T.);
#7105 = EDGE_CURVE('', #90, #92, #1981, .T.);
#7106 = EDGE_CURVE('', #92, #92, #1986, .T.);
#7107 = EDGE_CURVE('', #94, #94, #1991, .T.);
#7108 = EDGE_CURVE('', #94, #96, #1995, .T.);
#7109 = EDGE_CURVE('', #96, #96, #2000, .T.);
#7110 = EDGE_CURVE('', #98, #98, #2005, .T.);
#7111 = EDGE_CURVE('', #98, #100, #2009, .T.);
#7112 = EDGE_CURVE('', #100, #100, #2014, .T.);
#7113 = EDGE_CURVE('', #102, #102, #2019, .T.);
#7114 = EDGE_CURVE('', #102, #104, #2023, .T.);
#7115 = EDGE_CURVE('', #104, #104, #2028, .T.);
#7116 = EDGE_CURVE('', #106, #106, #2033, .T.);
#7117 = EDGE_CURVE('', #106, #108, #2037, .T.);
#7118 = EDGE_CURVE('', #108, #108, #2042, .T.);
#7119 = EDGE_CURVE('', #110, #110, #2047, .T.);
#7120 = EDGE_CURVE('', #110, #112, #2051, .T.);
#7121 = EDGE_CURVE('', #112, #112, #2056, .T.);
#7122 = EDGE_CURVE('', #114, #114, #2061, .T.);
#7123 = EDGE_CURVE('', #114, #116, #2065, .T.);
#7124 = EDGE_CURVE('', #116, #116, #2070, .T.);
#7125 = EDGE_CURVE('', #118, #118, #2075, .T.);
#7126 = EDGE_CURVE('', #118, #120, #2079, .T.);
#7127 = EDGE_CURVE('', #120, #120, #2084, .T.);
#7128 = EDGE_CURVE('', #122, #122, #2089, .T.);
#7129 = EDGE_CURVE('', #122, #124, #2093, .T.);
#7130 = EDGE_CURVE('', #124, #124, #2098, .T.);
#7131 = EDGE_CURVE('', #126, #126, #2103, .T.);
#7132 = EDGE_CURVE('', #126, #128, #2107, .T.);
#7133 = EDGE_CURVE('', #128, #128, #2112, .T.);
#7134 = EDGE_CURVE('', #130, #130, #2117, .T.);
#7135 = EDGE_CURVE('', #130, #132, #2121, .T.);
#7136 = EDGE_CURVE('', #132, #132, #2126, .T.);
#7137 = EDGE_CURVE('', #134, #134, #2131, .T.);
#7138 = EDGE_CURVE('', #134, #136, #2135, .T.);
#7139 = EDGE_CURVE('', #136, #136, #2140, .T.);
#7140 = EDGE_CURVE('', #138, #138, #2145, .T.);
#7141 = EDGE_CURVE('', #138, #140, #2149, .T.);
#7142 = EDGE_CURVE('', #140, #140, #2154, .T.);
#7143 = EDGE_CURVE('', #142, #142, #2159, .T.);
#7144 = EDGE_CURVE('', #142, #144, #2163, .T.);
#7145 = EDGE_CURVE('', #144, #144, #2168, .T.);
#7146 = EDGE_CURVE('', #146, #146, #2173, .T.);
#7147 = EDGE_CURVE('', #146, #148, #2177, .T.);
#7148 = EDGE_CURVE('', #148, #148, #2182, .T.);
#7149 = EDGE_CURVE('', #150, #150, #2187, .T.);
#7150 = EDGE_CURVE('', #150, #152, #2191, .T.);
#7151 = EDGE_CURVE('', #152, #152, #2196, .T.);
#7152 = EDGE_CURVE('', #154, #154, #2201, .T.);
#7153 = EDGE_CURVE('', #154, #156, #2205, .T.);
#7154 = EDGE_CURVE('', #156, #156, #2210, .T.);
#7155 = EDGE_CURVE('', #158, #158, #2215, .T.);
#7156 = EDGE_CURVE('', #158, #160, #2219, .T.);
#7157 = EDGE_CURVE('', #160, #160, #2224, .T.);
#7158 = EDGE_CURVE('', #162, #162, #2229, .T.);
#7159 = EDGE_CURVE('', #162, #164, #2233, .T.);
#7160 = EDGE_CURVE('', #164, #164, #2238, .T.);
#7161 = EDGE_CURVE('', #166, #166, #2243, .T.);
#7162 = EDGE_CURVE('', #166, #168, #2247, .T.);
#7163 = EDGE_CURVE('', #168, #168, #2252, .T.);
#7164 = EDGE_CURVE('', #170, #170, #2257, .T.);
#7165 = EDGE_CURVE('', #170, #172, #2261, .T.);
#7166 = EDGE_CURVE('', #172, #172, #2266, .T.);
#7167 = EDGE_CURVE('', #174, #174, #2271, .T.);
#7168 = EDGE_CURVE('', #174, #176, #2275, .T.);
#7169 = EDGE_CURVE('', #176, #176, #2280, .T.);
#7170 = EDGE_CURVE('', #178, #178, #2285, .T.);
#7171 = EDGE_CURVE('', #178, #180, #2289, .T.);
#7172 = EDGE_CURVE('', #180, #180, #2294, .T.);
#7173 = EDGE_CURVE('', #182, #182, #2299, .T.);
#7174 = EDGE_CURVE('', #182, #184, #2303, .T.);
#7175 = EDGE_CURVE('', #184, #184, #2308, .T.);
#7176 = EDGE_CURVE('', #186, #186, #2313, .T.);
#7177 = EDGE_CURVE('', #186, #188, #2317, .T.);
#7178 = EDGE_CURVE('', #188, #188, #2322, .T.);
#7179 = EDGE_CURVE('', #190, #190, #2327, .T.);
#7180 = EDGE_CURVE('', #190, #192, #2331, .T.);
#7181 = EDGE_CURVE('', #192, #192, #2336, .T.);
#7182 = EDGE_CURVE('', #194, #196, #2340, .T.);
#7183 = EDGE_CURVE('', #196, #198, #2344, .T.);
#7184 = EDGE_CURVE('', #200, #198, #2348, .T.);
#7185 = EDGE_CURVE('', #194, #200, #2352, .T.);
#7186 = EDGE_CURVE('', #196, #202, #2356, .T.);
#7187 = EDGE_CURVE('', #202, #204, #2360, .T.);
#7188 = EDGE_CURVE('', #198, #204, #2364, .T.);
#7189 = EDGE_CURVE('', #202, #206, #2368, .T.);
#7190 = EDGE_CURVE('', #206, #208, #2372, .T.);
#7191 = EDGE_CURVE('', #204, #208, #2376, .T.);
#7192 = EDGE_CURVE('', #206, #194, #2380, .T.);
#7193 = EDGE_CURVE('', #208, #200, #2384, .T.);
#7194 = EDGE_CURVE('', #210, #210, #2389, .T.);
#7195 = EDGE_CURVE('', #210, #212, #2393, .T.);
#7196 = EDGE_CURVE('', #212, #212, #2398, .T.);
#7197 = EDGE_CURVE('', #214, #216, #2402, .T.);
#7198 = EDGE_CURVE('', #216, #218, #2406, .T.);
#7199 = EDGE_CURVE('', #220, #218, #2410, .T.);
#7200 = EDGE_CURVE('', #214, #220, #2414, .T.);
#7201 = EDGE_CURVE('', #216, #222, #2418, .T.);
#7202 = EDGE_CURVE('', #222, #224, #2422, .T.);
#7203 = EDGE_CURVE('', #218, #224, #2426, .T.);
#7204 = EDGE_CURVE('', #222, #226, #2430, .T.);
#7205 = EDGE_CURVE('', #226, #228, #2434, .T.);
#7206 = EDGE_CURVE('', #224, #228, #2438, .T.);
#7207 = EDGE_CURVE('', #226, #214, #2442, .T.);
#7208 = EDGE_CURVE('', #228, #220, #2446, .T.);
#7209 = EDGE_CURVE('', #230, #230, #2451, .T.);
#7210 = EDGE_CURVE('', #230, #232, #2455, .T.);
#7211 = EDGE_CURVE('', #232, #232, #2460, .T.);
#7212 = EDGE_CURVE('', #234, #236, #2464, .T.);
#7213 = EDGE_CURVE('', #236, #238, #2468, .T.);
#7214 = EDGE_CURVE('', #240, #238, #2472, .T.);
#7215 = EDGE_CURVE('', #234, #240, #2476, .T.);
#7216 = EDGE_CURVE('', #236, #242, #2480, .T.);
#7217 = EDGE_CURVE('', #242, #244, #2484, .T.);
#7218 = EDGE_CURVE('', #238, #244, #2488, .T.);
#7219 = EDGE_CURVE('', #242, #246, #2492, .T.);
#7220 = EDGE_CURVE('', #246, #248, #2496, .T.);
#7221 = EDGE_CURVE('', #244, #248, #2500, .T.);
#7222 = EDGE_CURVE('', #246, #234, #2504, .T.);
#7223 = EDGE_CURVE('', #248, #240, #2508, .T.);
#7224 = EDGE_CURVE('', #250, #252, #2512, .T.);
#7225 = EDGE_CURVE('', #252, #254, #2516, .T.);
#7226 = EDGE_CURVE('', #256, #254, #2520, .T.);
#7227 = EDGE_CURVE('', #250, #256, #2524, .T.);
#7228 = EDGE_CURVE('', #252, #258, #2528, .T.);
#7229 = EDGE_CURVE('', #258, #260, #2532, .T.);
#7230 = EDGE_CURVE('', #254, #260, #2536, .T.);
#7231 = EDGE_CURVE('', #258, #262, #2540, .T.);
#7232 = EDGE_CURVE('', #262, #264, #2544, .T.);
#7233 = EDGE_CURVE('', #260, #264, #2548, .T.);
#7234 = EDGE_CURVE('', #262, #250, #2552, .T.);
#7235 = EDGE_CURVE('', #264, #256, #2556, .T.);
#7236 = EDGE_CURVE('', #266, #266, #2561, .T.);
#7237 = EDGE_CURVE('', #266, #268, #2565, .T.);
#7238 = EDGE_CURVE('', #268, #268, #2570, .T.);
#7239 = EDGE_CURVE('', #270, #270, #2575, .T.);
#7240 = EDGE_CURVE('', #270, #272, #2579, .T.);
#7241 = EDGE_CURVE('', #272, #272, #2584, .T.);
#7242 = EDGE_CURVE('', #274, #274, #2589, .T.);
#7243 = EDGE_CURVE('', #274, #276, #2593, .T.);
#7244 = EDGE_CURVE('', #276, #276, #2598, .T.);
#7245 = EDGE_CURVE('', #278, #278, #2603, .T.);
#7246 = EDGE_CURVE('', #278, #280, #2607, .T.);
#7247 = EDGE_CURVE('', #280, #280, #2612, .T.);
#7248 = EDGE_CURVE('', #282, #284, #2616, .T.);
#7249 = EDGE_CURVE('', #284, #286, #2620, .T.);
#7250 = EDGE_CURVE('', #288, #286, #2624, .T.);
#7251 = EDGE_CURVE('', #282, #288, #2628, .T.);
#7252 = EDGE_CURVE('', #284, #290, #2632, .T.);
#7253 = EDGE_CURVE('', #290, #292, #2636, .T.);
#7254 = EDGE_CURVE('', #286, #292, #2640, .T.);
#7255 = EDGE_CURVE('', #290, #294, #2644, .T.);
#7256 = EDGE_CURVE('', #294, #296, #2648, .T.);
#7257 = EDGE_CURVE('', #292, #296, #2652, .T.);
#7258 = EDGE_CURVE('', #294, #282, #2656, .T.);
#7259 = EDGE_CURVE('', #296, #288, #2660, .T.);
#7260 = EDGE_CURVE('', #298, #298, #2665, .T.);
#7261 = EDGE_CURVE('', #298, #300, #2669, .T.);
#7262 = EDGE_CURVE('', #300, #300, #2674, .T.);
#7263 = EDGE_CURVE('', #302, #304, #2678, .T.);
#7264 = EDGE_CURVE('', #304, #306, #2682, .T.);
#7265 = EDGE_CURVE('', #308, #306, #2686, .T.);
#7266 = EDGE_CURVE('', #302, #308, #2690, .T.);
#7267 = EDGE_CURVE('', #304, #310, #2694, .T.);
#7268 = EDGE_CURVE('', #310, #312, #2698, .T.);
#7269 = EDGE_CURVE('', #306, #312, #2702, .T.);
#7270 = EDGE_CURVE('', #310, #314, #2706, .T.);
#7271 = EDGE_CURVE('', #314, #316, #2710, .T.);
#7272 = EDGE_CURVE('', #312, #316, #2714, .T.);
#7273 = EDGE_CURVE('', #314, #302, #2718, .T.);
#7274 = EDGE_CURVE('', #316, #308, #2722, .T.);
#7275 = EDGE_CURVE('', #318, #320, #2726, .T.);
#7276 = EDGE_CURVE('', #320, #322, #2730, .T.);
#7277 = EDGE_CURVE('', #324, #322, #2734, .T.);
#7278 = EDGE_CURVE('', #318, #324, #2738, .T.);
#7279 = EDGE_CURVE('', #320, #326, #2742, .T.);
#7280 = EDGE_CURVE('', #326, #328, #2746, .T.);
#7281 = EDGE_CURVE('', #322, #328, #2750, .T.);
#7282 = EDGE_CURVE('', #326, #330, #2754, .T.);
#7283 = EDGE_CURVE('', #330, #332, #2758, .T.);
#7284 = EDGE_CURVE('', #328, #332, #2762, .T.);
#7285 = EDGE_CURVE('', #330, #318, #2766, .T.);
#7286 = EDGE_CURVE('', #332, #324, #2770, .T.);
#7287 = EDGE_CURVE('', #334, #336, #2774, .T.);
#7288 = EDGE_CURVE('', #336, #338, #2778, .T.);
#7289 = EDGE_CURVE('', #340, #338, #2782, .T.);
#7290 = EDGE_CURVE('', #334, #340, #2786, .T.);
#7291 = EDGE_CURVE('', #336, #342, #2790, .T.);
#7292 = EDGE_CURVE('', #342, #344, #2794, .T.);
#7293 = EDGE_CURVE('', #338, #344, #2798, .T.);
#7294 = EDGE_CURVE('', #342, #346, #2802, .T.);
#7295 = EDGE_CURVE('', #346, #348, #2806, .T.);
#7296 = EDGE_CURVE('', #344, #348, #2810, .T.);
#7297 = EDGE_CURVE('', #346, #334, #2814, .T.);
#7298 = EDGE_CURVE('', #348, #340, #2818, .T.);
#7299 = EDGE_CURVE('', #350, #352, #2822, .T.);
#7300 = EDGE_CURVE('', #352, #354, #2826, .T.);
#7301 = EDGE_CURVE('', #356, #354, #2830, .T.);
#7302 = EDGE_CURVE('', #350, #356, #2834, .T.);
#7303 = EDGE_CURVE('', #352, #358, #2838, .T.);
#7304 = EDGE_CURVE('', #358, #360, #2842, .T.);
#7305 = EDGE_CURVE('', #354, #360, #2846, .T.);
#7306 = EDGE_CURVE('', #358, #362, #2850, .T.);
#7307 = EDGE_CURVE('', #362, #364, #2854, .T.);
#7308 = EDGE_CURVE('', #360, #364, #2858, .T.);
#7309 = EDGE_CURVE('', #362, #350, #2862, .T.);
#7310 = EDGE_CURVE('', #364, #356, #2866, .T.);
#7311 = EDGE_CURVE('', #366, #366, #2871, .T.);
#7312 = EDGE_CURVE('', #366, #368, #2875, .T.);
#7313 = EDGE_CURVE('', #368, #368, #2880, .T.);
#7314 = EDGE_CURVE('', #370, #370, #2885, .T.);
#7315 = EDGE_CURVE('', #370, #372, #2889, .T.);
#7316 = EDGE_CURVE('', #372, #372, #2894, .T.);
#7317 = EDGE_CURVE('', #374, #374, #2899, .T.);
#7318 = EDGE_CURVE('', #374, #376, #2903, .T.);
#7319 = EDGE_CURVE('', #376, #376, #2908, .T.);
#7320 = EDGE_CURVE('', #378, #378, #2913, .T.);
#7321 = EDGE_CURVE('', #378, #380, #2917, .T.);
#7322 = EDGE_CURVE('', #380, #380, #2922, .T.);
#7323 = EDGE_CURVE('', #382, #382, #2927, .T.);
#7324 = EDGE_CURVE('', #382, #382, #2932, .T.);
#7325 = EDGE_CURVE('', #384, #384, #2937, .T.);
#7326 = EDGE_CURVE('', #384, #386, #2941, .T.);
#7327 = EDGE_CURVE('', #386, #386, #2946, .T.);
#7328 = EDGE_CURVE('', #388, #388, #2951, .T.);
#7329 = EDGE_CURVE('', #388, #390, #2955, .T.);
#7330 = EDGE_CURVE('', #390, #390, #2960, .T.);
#7331 = EDGE_CURVE('', #392, #392, #2965, .T.);
#7332 = EDGE_CURVE('', #392, #394, #2969, .T.);
#7333 = EDGE_CURVE('', #394, #394, #2974, .T.);
#7334 = EDGE_CURVE('', #396, #396, #2979, .T.);
#7335 = EDGE_CURVE('', #396, #398, #2983, .T.);
#7336 = EDGE_CURVE('', #398, #398, #2988, .T.);
#7337 = EDGE_CURVE('', #400, #400, #2993, .T.);
#7338 = EDGE_CURVE('', #400, #402, #2997, .T.);
#7339 = EDGE_CURVE('', #402, #402, #3002, .T.);
#7340 = EDGE_CURVE('', #406, #404, #3011, .T.);
#7341 = EDGE_CURVE('', #404, #404, #3016, .T.);
#7342 = EDGE_CURVE('', #406, #406, #3021, .T.);
#7343 = EDGE_CURVE('', #410, #408, #3030, .T.);
#7344 = EDGE_CURVE('', #408, #408, #3035, .T.);
#7345 = EDGE_CURVE('', #410, #410, #3040, .T.);
#7346 = EDGE_CURVE('', #414, #412, #3049, .T.);
#7347 = EDGE_CURVE('', #412, #412, #3054, .T.);
#7348 = EDGE_CURVE('', #414, #414, #3059, .T.);
#7349 = EDGE_CURVE('', #418, #416, #3068, .T.);
#7350 = EDGE_CURVE('', #416, #416, #3073, .T.);
#7351 = EDGE_CURVE('', #418, #418, #3078, .T.);
#7352 = EDGE_CURVE('', #422, #420, #3087, .T.);
#7353 = EDGE_CURVE('', #420, #420, #3092, .T.);
#7354 = EDGE_CURVE('', #422, #422, #3097, .T.);
#7355 = EDGE_CURVE('', #426, #424, #3106, .T.);
#7356 = EDGE_CURVE('', #424, #424, #3111, .T.);
#7357 = EDGE_CURVE('', #426, #426, #3116, .T.);
#7358 = EDGE_CURVE('', #430, #428, #3125, .T.);
#7359 = EDGE_CURVE('', #428, #428, #3130, .T.);
#7360 = EDGE_CURVE('', #430, #430, #3135, .T.);
#7361 = EDGE_CURVE('', #434, #432, #3144, .T.);
#7362 = EDGE_CURVE('', #432, #432, #3149, .T.);
#7363 = EDGE_CURVE('', #434, #434, #3154, .T.);
#7364 = EDGE_CURVE('', #436, #436, #3159, .T.);
#7365 = EDGE_CURVE('', #436, #436, #3164, .T.);
#7366 = EDGE_CURVE('', #438, #438, #3169, .T.);
#7367 = EDGE_CURVE('', #438, #438, #3174, .T.);
#7368 = EDGE_CURVE('', #440, #442, #3178, .T.);
#7369 = EDGE_CURVE('', #442, #444, #3182, .T.);
#7370 = EDGE_CURVE('', #446, #444, #3186, .T.);
#7371 = EDGE_CURVE('', #440, #446, #3190, .T.);
#7372 = EDGE_CURVE('', #442, #448, #3194, .T.);
#7373 = EDGE_CURVE('', #448, #450, #3198, .T.);
#7374 = EDGE_CURVE('', #444, #450, #3202, .T.);
#7375 = EDGE_CURVE('', #448, #452, #3206, .T.);
#7376 = EDGE_CURVE('', #452, #454, #3210, .T.);
#7377 = EDGE_CURVE('', #450, #454, #3214, .T.);
#7378 = EDGE_CURVE('', #452, #440, #3218, .T.);
#7379 = EDGE_CURVE('', #454, #446, #3222, .T.);
#7380 = EDGE_CURVE('', #456, #458, #3226, .T.);
#7381 = EDGE_CURVE('', #458, #460, #3230, .T.);
#7382 = EDGE_CURVE('', #462, #460, #3234, .T.);
#7383 = EDGE_CURVE('', #456, #462, #3238, .T.);
#7384 = EDGE_CURVE('', #458, #464, #3242, .T.);
#7385 = EDGE_CURVE('', #464, #466, #3246, .T.);
#7386 = EDGE_CURVE('', #460, #466, #3250, .T.);
#7387 = EDGE_CURVE('', #464, #468, #3254, .T.);
#7388 = EDGE_CURVE('', #468, #470, #3258, .T.);
#7389 = EDGE_CURVE('', #466, #470, #3262, .T.);
#7390 = EDGE_CURVE('', #468, #456, #3266, .T.);
#7391 = EDGE_CURVE('', #470, #462, #3270, .T.);
#7392 = EDGE_CURVE('', #472, #474, #3274, .T.);
#7393 = EDGE_CURVE('', #474, #476, #3278, .T.);
#7394 = EDGE_CURVE('', #478, #476, #3282, .T.);
#7395 = EDGE_CURVE('', #472, #478, #3286, .T.);
#7396 = EDGE_CURVE('', #474, #480, #3290, .T.);
#7397 = EDGE_CURVE('', #480, #482, #3294, .T.);
#7398 = EDGE_CURVE('', #476, #482, #3298, .T.);
#7399 = EDGE_CURVE('', #480, #484, #3302, .T.);
#7400 = EDGE_CURVE('', #484, #486, #3306, .T.);
#7401 = EDGE_CURVE('', #482, #486, #3310, .T.);
#7402 = EDGE_CURVE('', #484, #472, #3314, .T.);
#7403 = EDGE_CURVE('', #486, #478, #3318, .T.);
#7404 = EDGE_CURVE('', #488, #490, #3322, .T.);
#7405 = EDGE_CURVE('', #490, #492, #3326, .T.);
#7406 = EDGE_CURVE('', #494, #492, #3330, .T.);
#7407 = EDGE_CURVE('', #488, #494, #3334, .T.);
#7408 = EDGE_CURVE('', #490, #496, #3338, .T.);
#7409 = EDGE_CURVE('', #496, #498, #3342, .T.);
#7410 = EDGE_CURVE('', #492, #498, #3346, .T.);
#7411 = EDGE_CURVE('', #496, #500, #3350, .T.);
#7412 = EDGE_CURVE('', #500, #502, #3354, .T.);
#7413 = EDGE_CURVE('', #498, #502, #3358, .T.);
#7414 = EDGE_CURVE('', #500, #488, #3362, .T.);
#7415 = EDGE_CURVE('', #502, #494, #3366, .T.);
#7416 = EDGE_CURVE('', #504, #506, #3370, .T.);
#7417 = EDGE_CURVE('', #506, #508, #3374, .T.);
#7418 = EDGE_CURVE('', #510, #508, #3378, .T.);
#7419 = EDGE_CURVE('', #504, #510, #3382, .T.);
#7420 = EDGE_CURVE('', #506, #512, #3386, .T.);
#7421 = EDGE_CURVE('', #512, #514, #3390, .T.);
#7422 = EDGE_CURVE('', #508, #514, #3394, .T.);
#7423 = EDGE_CURVE('', #512, #516, #3398, .T.);
#7424 = EDGE_CURVE('', #516, #518, #3402, .T.);
#7425 = EDGE_CURVE('', #514, #518, #3406, .T.);
#7426 = EDGE_CURVE('', #516, #520, #3410, .T.);
#7427 = EDGE_CURVE('', #520, #522, #3414, .T.);
#7428 = EDGE_CURVE('', #518, #522, #3418, .T.);
#7429 = EDGE_CURVE('', #520, #524, #3422, .T.);
#7430 = EDGE_CURVE('', #524, #526, #3426, .T.);
#7431 = EDGE_CURVE('', #522, #526, #3430, .T.);
#7432 = EDGE_CURVE('', #524, #528, #3434, .T.);
#7433 = EDGE_CURVE('', #528, #530, #3438, .T.);
#7434 = EDGE_CURVE('', #526, #530, #3442, .T.);
#7435 = EDGE_CURVE('', #528, #532, #3446, .T.);
#7436 = EDGE_CURVE('', #532, #534, #3450, .T.);
#7437 = EDGE_CURVE('', #530, #534, #3454, .T.);
#7438 = EDGE_CURVE('', #532, #504, #3458, .T.);
#7439 = EDGE_CURVE('', #534, #510, #3462, .T.);
#7440 = EDGE_CURVE('', #536, #536, #3467, .T.);
#7441 = EDGE_CURVE('', #536, #538, #3471, .T.);
#7442 = EDGE_CURVE('', #538, #538, #3476, .T.);
#7443 = EDGE_CURVE('', #540, #542, #3480, .T.);
#7444 = EDGE_CURVE('', #542, #544, #3484, .T.);
#7445 = EDGE_CURVE('', #546, #544, #3488, .T.);
#7446 = EDGE_CURVE('', #540, #546, #3492, .T.);
#7447 = EDGE_CURVE('', #542, #548, #3496, .T.);
#7448 = EDGE_CURVE('', #548, #550, #3500, .T.);
#7449 = EDGE_CURVE('', #544, #550, #3504, .T.);
#7450 = EDGE_CURVE('', #548, #552, #3508, .T.);
#7451 = EDGE_CURVE('', #552, #554, #3512, .T.);
#7452 = EDGE_CURVE('', #550, #554, #3516, .T.);
#7453 = EDGE_CURVE('', #552, #540, #3520, .T.);
#7454 = EDGE_CURVE('', #554, #546, #3524, .T.);
#7455 = EDGE_CURVE('', #556, #558, #3528, .T.);
#7456 = EDGE_CURVE('', #558, #560, #3532, .T.);
#7457 = EDGE_CURVE('', #562, #560, #3536, .T.);
#7458 = EDGE_CURVE('', #556, #562, #3540, .T.);
#7459 = EDGE_CURVE('', #558, #564, #3544, .T.);
#7460 = EDGE_CURVE('', #564, #566, #3548, .T.);
#7461 = EDGE_CURVE('', #560, #566, #3552, .T.);
#7462 = EDGE_CURVE('', #564, #568, #3556, .T.);
#7463 = EDGE_CURVE('', #568, #570, #3560, .T.);
#7464 = EDGE_CURVE('', #566, #570, #3564, .T.);
#7465 = EDGE_CURVE('', #568, #556, #3568, .T.);
#7466 = EDGE_CURVE('', #570, #562, #3572, .T.);
#7467 = EDGE_CURVE('', #572, #574, #3576, .T.);
#7468 = EDGE_CURVE('', #574, #576, #3580, .T.);
#7469 = EDGE_CURVE('', #578, #576, #3584, .T.);
#7470 = EDGE_CURVE('', #572, #578, #3588, .T.);
#7471 = EDGE_CURVE('', #574, #580, #3592, .T.);
#7472 = EDGE_CURVE('', #580, #582, #3596, .T.);
#7473 = EDGE_CURVE('', #576, #582, #3600, .T.);
#7474 = EDGE_CURVE('', #580, #584, #3604, .T.);
#7475 = EDGE_CURVE('', #584, #586, #3608, .T.);
#7476 = EDGE_CURVE('', #582, #586, #3612, .T.);
#7477 = EDGE_CURVE('', #584, #572, #3616, .T.);
#7478 = EDGE_CURVE('', #586, #578, #3620, .T.);
#7479 = EDGE_CURVE('', #588, #590, #3624, .T.);
#7480 = EDGE_CURVE('', #590, #592, #3628, .T.);
#7481 = EDGE_CURVE('', #594, #592, #3632, .T.);
#7482 = EDGE_CURVE('', #588, #594, #3636, .T.);
#7483 = EDGE_CURVE('', #590, #596, #3640, .T.);
#7484 = EDGE_CURVE('', #596, #598, #3644, .T.);
#7485 = EDGE_CURVE('', #592, #598, #3648, .T.);
#7486 = EDGE_CURVE('', #596, #600, #3652, .T.);
#7487 = EDGE_CURVE('', #600, #602, #3656, .T.);
#7488 = EDGE_CURVE('', #598, #602, #3660, .T.);
#7489 = EDGE_CURVE('', #600, #588, #3664, .T.);
#7490 = EDGE_CURVE('', #602, #594, #3668, .T.);
#7491 = EDGE_CURVE('', #604, #606, #3672, .T.);
#7492 = EDGE_CURVE('', #606, #608, #3676, .T.);
#7493 = EDGE_CURVE('', #610, #608, #3680, .T.);
#7494 = EDGE_CURVE('', #604, #610, #3684, .T.);
#7495 = EDGE_CURVE('', #606, #612, #3688, .T.);
#7496 = EDGE_CURVE('', #612, #614, #3692, .T.);
#7497 = EDGE_CURVE('', #608, #614, #3696, .T.);
#7498 = EDGE_CURVE('', #612, #616, #3700, .T.);
#7499 = EDGE_CURVE('', #616, #618, #3704, .T.);
#7500 = EDGE_CURVE('', #614, #618, #3708, .T.);
#7501 = EDGE_CURVE('', #616, #604, #3712, .T.);
#7502 = EDGE_CURVE('', #618, #610, #3716, .T.);
#7503 = EDGE_CURVE('', #620, #622, #3720, .T.);
#7504 = EDGE_CURVE('', #622, #624, #3724, .T.);
#7505 = EDGE_CURVE('', #626, #624, #3728, .T.);
#7506 = EDGE_CURVE('', #620, #626, #3732, .T.);
#7507 = EDGE_CURVE('', #622, #628, #3736, .T.);
#7508 = EDGE_CURVE('', #628, #630, #3740, .T.);
#7509 = EDGE_CURVE('', #624, #630, #3744, .T.);
#7510 = EDGE_CURVE('', #628, #632, #3748, .T.);
#7511 = EDGE_CURVE('', #632, #634, #3752, .T.);
#7512 = EDGE_CURVE('', #630, #634, #3756, .T.);
#7513 = EDGE_CURVE('', #632, #620, #3760, .T.);
#7514 = EDGE_CURVE('', #634, #626, #3764, .T.);
#7515 = EDGE_CURVE('', #636, #646, #3769, .T.);
#7516 = EDGE_CURVE('', #636, #644, #3774, .T.);
#7517 = EDGE_CURVE('', #640, #650, #3779, .T.);
#7518 = EDGE_CURVE('', #640, #648, #3784, .T.);
#7519 = EDGE_CURVE('', #644, #638, #3789, .T.);
#7520 = EDGE_CURVE('', #646, #638, #3794, .T.);
#7521 = EDGE_CURVE('', #648, #642, #3799, .T.);
#7522 = EDGE_CURVE('', #650, #642, #3804, .T.);
#7523 = EDGE_CURVE('', #638, #642, #3808, .T.);
#7524 = EDGE_CURVE('', #636, #640, #3812, .T.);
#7525 = EDGE_CURVE('', #652, #656, #3817, .T.);
#7526 = EDGE_CURVE('', #652, #654, #3821, .T.);
#7527 = EDGE_CURVE('', #654, #658, #3826, .T.);
#7528 = EDGE_CURVE('', #656, #652, #3831, .T.);
#7529 = EDGE_CURVE('', #658, #654, #3836, .T.);
#7530 = EDGE_CURVE('', #656, #658, #3840, .T.);
#7531 = EDGE_CURVE('', #660, #670, #3845, .T.);
#7532 = EDGE_CURVE('', #660, #662, #3849, .T.);
#7533 = EDGE_CURVE('', #662, #666, #3854, .T.);
#7534 = EDGE_CURVE('', #666, #662, #3859, .T.);
#7535 = EDGE_CURVE('', #664, #666, #3863, .T.);
#7536 = EDGE_CURVE('', #664, #668, #3868, .T.);
#7537 = EDGE_CURVE('', #668, #660, #3873, .T.);
#7538 = EDGE_CURVE('', #670, #664, #3878, .T.);
#7539 = EDGE_CURVE('', #672, #676, #3883, .T.);
#7540 = EDGE_CURVE('', #672, #674, #3887, .T.);
#7541 = EDGE_CURVE('', #674, #678, #3892, .T.);
#7542 = EDGE_CURVE('', #676, #672, #3897, .T.);
#7543 = EDGE_CURVE('', #678, #674, #3902, .T.);
#7544 = EDGE_CURVE('', #676, #678, #3906, .T.);
#7545 = EDGE_CURVE('', #680, #682, #3911, .T.);
#7546 = EDGE_CURVE('', #682, #680, #3916, .T.);
#7547 = EDGE_CURVE('', #684, #690, #3921, .T.);
#7548 = EDGE_CURVE('', #684, #688, #3926, .T.);
#7549 = EDGE_CURVE('', #688, #686, #3931, .T.);
#7550 = EDGE_CURVE('', #690, #686, #3936, .T.);
#7551 = EDGE_CURVE('', #686, #682, #3940, .T.);
#7552 = EDGE_CURVE('', #684, #680, #3944, .T.);
#7553 = EDGE_CURVE('', #692, #696, #3949, .T.);
#7554 = EDGE_CURVE('', #692, #694, #3953, .T.);
#7555 = EDGE_CURVE('', #694, #698, #3958, .T.);
#7556 = EDGE_CURVE('', #696, #692, #3963, .T.);
#7557 = EDGE_CURVE('', #698, #694, #3968, .T.);
#7558 = EDGE_CURVE('', #696, #698, #3972, .T.);
#7559 = EDGE_CURVE('', #700, #702, #3977, .T.);
#7560 = EDGE_CURVE('', #702, #700, #3982, .T.);
#7561 = EDGE_CURVE('', #704, #710, #3987, .T.);
#7562 = EDGE_CURVE('', #704, #708, #3992, .T.);
#7563 = EDGE_CURVE('', #708, #706, #3997, .T.);
#7564 = EDGE_CURVE('', #710, #706, #4002, .T.);
#7565 = EDGE_CURVE('', #706, #702, #4006, .T.);
#7566 = EDGE_CURVE('', #704, #700, #4010, .T.);
#7567 = EDGE_CURVE('', #712, #716, #4015, .T.);
#7568 = EDGE_CURVE('', #712, #714, #4019, .T.);
#7569 = EDGE_CURVE('', #714, #718, #4024, .T.);
#7570 = EDGE_CURVE('', #716, #712, #4029, .T.);
#7571 = EDGE_CURVE('', #718, #714, #4034, .T.);
#7572 = EDGE_CURVE('', #716, #718, #4038, .T.);
#7573 = EDGE_CURVE('', #720, #722, #4043, .T.);
#7574 = EDGE_CURVE('', #722, #720, #4048, .T.);
#7575 = EDGE_CURVE('', #724, #730, #4053, .T.);
#7576 = EDGE_CURVE('', #724, #728, #4058, .T.);
#7577 = EDGE_CURVE('', #728, #726, #4063, .T.);
#7578 = EDGE_CURVE('', #730, #726, #4068, .T.);
#7579 = EDGE_CURVE('', #726, #722, #4072, .T.);
#7580 = EDGE_CURVE('', #724, #720, #4076, .T.);
#7581 = EDGE_CURVE('', #732, #736, #4081, .T.);
#7582 = EDGE_CURVE('', #732, #734, #4085, .T.);
#7583 = EDGE_CURVE('', #734, #738, #4090, .T.);
#7584 = EDGE_CURVE('', #736, #732, #4095, .T.);
#7585 = EDGE_CURVE('', #738, #734, #4100, .T.);
#7586 = EDGE_CURVE('', #736, #738, #4104, .T.);
#7587 = EDGE_CURVE('', #740, #742, #4109, .T.);
#7588 = EDGE_CURVE('', #742, #740, #4114, .T.);
#7589 = EDGE_CURVE('', #744, #750, #4119, .T.);
#7590 = EDGE_CURVE('', #744, #748, #4124, .T.);
#7591 = EDGE_CURVE('', #748, #746, #4129, .T.);
#7592 = EDGE_CURVE('', #750, #746, #4134, .T.);
#7593 = EDGE_CURVE('', #746, #742, #4138, .T.);
#7594 = EDGE_CURVE('', #744, #740, #4142, .T.);
#7595 = EDGE_CURVE('', #752, #756, #4147, .T.);
#7596 = EDGE_CURVE('', #752, #754, #4151, .T.);
#7597 = EDGE_CURVE('', #754, #758, #4156, .T.);
#7598 = EDGE_CURVE('', #756, #752, #4161, .T.);
#7599 = EDGE_CURVE('', #758, #754, #4166, .T.);
#7600 = EDGE_CURVE('', #756, #758, #4170, .T.);
#7601 = EDGE_CURVE('', #760, #764, #4175, .T.);
#7602 = EDGE_CURVE('', #760, #762, #4179, .T.);
#7603 = EDGE_CURVE('', #762, #770, #4184, .T.);
#7604 = EDGE_CURVE('', #764, #760, #4189, .T.);
#7605 = EDGE_CURVE('', #764, #766, #4193, .T.);
#7606 = EDGE_CURVE('', #762, #768, #4198, .T.);
#7607 = EDGE_CURVE('', #768, #766, #4203, .T.);
#7608 = EDGE_CURVE('', #770, #766, #4208, .T.);
#7609 = EDGE_CURVE('', #772, #776, #4213, .T.);
#7610 = EDGE_CURVE('', #772, #774, #4217, .T.);
#7611 = EDGE_CURVE('', #774, #778, #4222, .T.);
#7612 = EDGE_CURVE('', #776, #772, #4227, .T.);
#7613 = EDGE_CURVE('', #778, #774, #4232, .T.);
#7614 = EDGE_CURVE('', #776, #778, #4236, .T.);
#7615 = EDGE_CURVE('', #780, #784, #4241, .T.);
#7616 = EDGE_CURVE('', #780, #782, #4245, .T.);
#7617 = EDGE_CURVE('', #782, #790, #4250, .T.);
#7618 = EDGE_CURVE('', #784, #780, #4255, .T.);
#7619 = EDGE_CURVE('', #784, #786, #4259, .T.);
#7620 = EDGE_CURVE('', #782, #788, #4264, .T.);
#7621 = EDGE_CURVE('', #788, #786, #4269, .T.);
#7622 = EDGE_CURVE('', #790, #786, #4274, .T.);
#7623 = EDGE_CURVE('', #792, #794, #4278, .T.);
#7624 = EDGE_CURVE('', #794, #796, #4282, .T.);
#7625 = EDGE_CURVE('', #798, #796, #4286, .T.);
#7626 = EDGE_CURVE('', #792, #798, #4290, .T.);
#7627 = EDGE_CURVE('', #794, #800, #4294, .T.);
#7628 = EDGE_CURVE('', #800, #802, #4298, .T.);
#7629 = EDGE_CURVE('', #796, #802, #4302, .T.);
#7630 = EDGE_CURVE('', #800, #804, #4306, .T.);
#7631 = EDGE_CURVE('', #804, #806, #4310, .T.);
#7632 = EDGE_CURVE('', #802, #806, #4314, .T.);
#7633 = EDGE_CURVE('', #804, #792, #4318, .T.);
#7634 = EDGE_CURVE('', #806, #798, #4322, .T.);
#7635 = EDGE_CURVE('', #808, #818, #4327, .T.);
#7636 = EDGE_CURVE('', #808, #810, #4331, .T.);
#7637 = EDGE_CURVE('', #810, #814, #4336, .T.);
#7638 = EDGE_CURVE('', #814, #810, #4341, .T.);
#7639 = EDGE_CURVE('', #812, #814, #4345, .T.);
#7640 = EDGE_CURVE('', #812, #816, #4350, .T.);
#7641 = EDGE_CURVE('', #816, #808, #4355, .T.);
#7642 = EDGE_CURVE('', #818, #812, #4360, .T.);
#7643 = EDGE_CURVE('', #820, #822, #4364, .T.);
#7644 = EDGE_CURVE('', #822, #824, #4368, .T.);
#7645 = EDGE_CURVE('', #826, #824, #4372, .T.);
#7646 = EDGE_CURVE('', #820, #826, #4376, .T.);
#7647 = EDGE_CURVE('', #822, #854, #4380, .T.);
#7648 = EDGE_CURVE('', #828, #830, #4384, .T.);
#7649 = EDGE_CURVE('', #824, #852, #4388, .T.);
#7650 = EDGE_CURVE('', #828, #832, #4392, .T.);
#7651 = EDGE_CURVE('', #832, #834, #4396, .T.);
#7652 = EDGE_CURVE('', #830, #834, #4400, .T.);
#7653 = EDGE_CURVE('', #832, #866, #4404, .T.);
#7654 = EDGE_CURVE('', #834, #864, #4408, .T.);
#7655 = EDGE_CURVE('', #836, #860, #4412, .T.);
#7656 = EDGE_CURVE('', #838, #840, #4416, .T.);
#7657 = EDGE_CURVE('', #842, #862, #4420, .T.);
#7658 = EDGE_CURVE('', #836, #842, #4424, .T.);
#7659 = EDGE_CURVE('', #838, #844, #4428, .T.);
#7660 = EDGE_CURVE('', #844, #846, #4432, .T.);
#7661 = EDGE_CURVE('', #840, #846, #4436, .T.);
#7662 = EDGE_CURVE('', #844, #856, #4440, .T.);
#7663 = EDGE_CURVE('', #848, #850, #4444, .T.);
#7664 = EDGE_CURVE('', #846, #858, #4448, .T.);
#7665 = EDGE_CURVE('', #848, #836, #4452, .T.);
#7666 = EDGE_CURVE('', #850, #842, #4456, .T.);
#7667 = EDGE_CURVE('', #852, #854, #4460, .T.);
#7668 = EDGE_CURVE('', #856, #858, #4464, .T.);
#7669 = EDGE_CURVE('', #860, #862, #4468, .T.);
#7670 = EDGE_CURVE('', #864, #866, #4472, .T.);
#7671 = EDGE_CURVE('', #866, #860, #4476, .T.);
#7672 = EDGE_CURVE('', #864, #862, #4480, .T.);
#7673 = EDGE_CURVE('', #860, #854, #4484, .T.);
#7674 = EDGE_CURVE('', #856, #866, #4488, .T.);
#7675 = EDGE_CURVE('', #862, #852, #4492, .T.);
#7676 = EDGE_CURVE('', #858, #864, #4496, .T.);
#7677 = EDGE_CURVE('', #866, #848, #4500, .T.);
#7678 = EDGE_CURVE('', #864, #850, #4504, .T.);
#7679 = EDGE_CURVE('', #862, #826, #4508, .T.);
#7680 = EDGE_CURVE('', #860, #820, #4512, .T.);
#7681 = EDGE_CURVE('', #858, #830, #4516, .T.);
#7682 = EDGE_CURVE('', #856, #828, #4520, .T.);
#7683 = EDGE_CURVE('', #854, #838, #4524, .T.);
#7684 = EDGE_CURVE('', #852, #840, #4528, .T.);
#7685 = EDGE_CURVE('', #868, #870, #4532, .T.);
#7686 = EDGE_CURVE('', #870, #872, #4536, .T.);
#7687 = EDGE_CURVE('', #874, #872, #4540, .T.);
#7688 = EDGE_CURVE('', #868, #874, #4544, .T.);
#7689 = EDGE_CURVE('', #870, #876, #4548, .T.);
#7690 = EDGE_CURVE('', #876, #878, #4552, .T.);
#7691 = EDGE_CURVE('', #872, #878, #4556, .T.);
#7692 = EDGE_CURVE('', #876, #880, #4560, .T.);
#7693 = EDGE_CURVE('', #880, #882, #4564, .T.);
#7694 = EDGE_CURVE('', #878, #882, #4568, .T.);
#7695 = EDGE_CURVE('', #880, #868, #4572, .T.);
#7696 = EDGE_CURVE('', #882, #874, #4576, .T.);
#7697 = EDGE_CURVE('', #884, #886, #4580, .T.);
#7698 = EDGE_CURVE('', #886, #888, #4584, .T.);
#7699 = EDGE_CURVE('', #890, #888, #4588, .T.);
#7700 = EDGE_CURVE('', #884, #890, #4592, .T.);
#7701 = EDGE_CURVE('', #886, #892, #4596, .T.);
#7702 = EDGE_CURVE('', #892, #894, #4600, .T.);
#7703 = EDGE_CURVE('', #888, #894, #4604, .T.);
#7704 = EDGE_CURVE('', #892, #896, #4608, .T.);
#7705 = EDGE_CURVE('', #896, #898, #4612, .T.);
#7706 = EDGE_CURVE('', #894, #898, #4616, .T.);
#7707 = EDGE_CURVE('', #896, #884, #4620, .T.);
#7708 = EDGE_CURVE('', #898, #890, #4624, .T.);
#7709 = EDGE_CURVE('', #900, #910, #4629, .T.);
#7710 = EDGE_CURVE('', #900, #902, #4633, .T.);
#7711 = EDGE_CURVE('', #902, #906, #4638, .T.);
#7712 = EDGE_CURVE('', #906, #902, #4643, .T.);
#7713 = EDGE_CURVE('', #904, #906, #4647, .T.);
#7714 = EDGE_CURVE('', #904, #908, #4652, .T.);
#7715 = EDGE_CURVE('', #908, #900, #4657, .T.);
#7716 = EDGE_CURVE('', #910, #904, #4662, .T.);
#7717 = EDGE_CURVE('', #912, #914, #4666, .T.);
#7718 = EDGE_CURVE('', #914, #916, #4670, .T.);
#7719 = EDGE_CURVE('', #918, #916, #4674, .T.);
#7720 = EDGE_CURVE('', #912, #918, #4678, .T.);
#7721 = EDGE_CURVE('', #914, #920, #4682, .T.);
#7722 = EDGE_CURVE('', #920, #922, #4686, .T.);
#7723 = EDGE_CURVE('', #916, #922, #4690, .T.);
#7724 = EDGE_CURVE('', #920, #924, #4694, .T.);
#7725 = EDGE_CURVE('', #924, #926, #4698, .T.);
#7726 = EDGE_CURVE('', #922, #926, #4702, .T.);
#7727 = EDGE_CURVE('', #924, #912, #4706, .T.);
#7728 = EDGE_CURVE('', #926, #918, #4710, .T.);
#7729 = EDGE_CURVE('', #928, #938, #4715, .T.);
#7730 = EDGE_CURVE('', #928, #930, #4719, .T.);
#7731 = EDGE_CURVE('', #930, #934, #4724, .T.);
#7732 = EDGE_CURVE('', #934, #930, #4729, .T.);
#7733 = EDGE_CURVE('', #932, #934, #4733, .T.);
#7734 = EDGE_CURVE('', #932, #936, #4738, .T.);
#7735 = EDGE_CURVE('', #936, #928, #4743, .T.);
#7736 = EDGE_CURVE('', #938, #932, #4748, .T.);
#7737 = EDGE_CURVE('', #940, #950, #4753, .T.);
#7738 = EDGE_CURVE('', #940, #942, #4757, .T.);
#7739 = EDGE_CURVE('', #942, #946, #4762, .T.);
#7740 = EDGE_CURVE('', #946, #942, #4767, .T.);
#7741 = EDGE_CURVE('', #944, #946, #4771, .T.);
#7742 = EDGE_CURVE('', #944, #948, #4776, .T.);
#7743 = EDGE_CURVE('', #948, #940, #4781, .T.);
#7744 = EDGE_CURVE('', #950, #944, #4786, .T.);
#7745 = EDGE_CURVE('', #952, #954, #4790, .T.);
#7746 = EDGE_CURVE('', #954, #956, #4794, .T.);
#7747 = EDGE_CURVE('', #958, #956, #4798, .T.);
#7748 = EDGE_CURVE('', #952, #958, #4802, .T.);
#7749 = EDGE_CURVE('', #954, #960, #4806, .T.);
#7750 = EDGE_CURVE('', #960, #962, #4810, .T.);
#7751 = EDGE_CURVE('', #956, #962, #4814, .T.);
#7752 = EDGE_CURVE('', #960, #964, #4818, .T.);
#7753 = EDGE_CURVE('', #964, #966, #4822, .T.);
#7754 = EDGE_CURVE('', #962, #966, #4826, .T.);
#7755 = EDGE_CURVE('', #964, #952, #4830, .T.);
#7756 = EDGE_CURVE('', #966, #958, #4834, .T.);
#7757 = EDGE_CURVE('', #968, #978, #4839, .T.);
#7758 = EDGE_CURVE('', #968, #976, #4844, .T.);
#7759 = EDGE_CURVE('', #972, #982, #4849, .T.);
#7760 = EDGE_CURVE('', #972, #980, #4854, .T.);
#7761 = EDGE_CURVE('', #976, #970, #4859, .T.);
#7762 = EDGE_CURVE('', #978, #970, #4864, .T.);
#7763 = EDGE_CURVE('', #980, #974, #4869, .T.);
#7764 = EDGE_CURVE('', #982, #974, #4874, .T.);
#7765 = EDGE_CURVE('', #970, #974, #4878, .T.);
#7766 = EDGE_CURVE('', #968, #972, #4882, .T.);
#7767 = EDGE_CURVE('', #984, #994, #4887, .T.);
#7768 = EDGE_CURVE('', #984, #992, #4892, .T.);
#7769 = EDGE_CURVE('', #988, #998, #4897, .T.);
#7770 = EDGE_CURVE('', #988, #996, #4902, .T.);
#7771 = EDGE_CURVE('', #992, #986, #4907, .T.);
#7772 = EDGE_CURVE('', #994, #986, #4912, .T.);
#7773 = EDGE_CURVE('', #996, #990, #4917, .T.);
#7774 = EDGE_CURVE('', #998, #990, #4922, .T.);
#7775 = EDGE_CURVE('', #986, #990, #4926, .T.);
#7776 = EDGE_CURVE('', #984, #988, #4930, .T.);
#7777 = EDGE_CURVE('', #1000, #1010, #4935, .T.);
#7778 = EDGE_CURVE('', #1000, #1008, #4940, .T.);
#7779 = EDGE_CURVE('', #1004, #1014, #4945, .T.);
#7780 = EDGE_CURVE('', #1004, #1012, #4950, .T.);
#7781 = EDGE_CURVE('', #1008, #1002, #4955, .T.);
#7782 = EDGE_CURVE('', #1010, #1002, #4960, .T.);
#7783 = EDGE_CURVE('', #1012, #1006, #4965, .T.);
#7784 = EDGE_CURVE('', #1014, #1006, #4970, .T.);
#7785 = EDGE_CURVE('', #1002, #1006, #4974, .T.);
#7786 = EDGE_CURVE('', #1000, #1004, #4978, .T.);
#7787 = EDGE_CURVE('', #1016, #1026, #4983, .T.);
#7788 = EDGE_CURVE('', #1016, #1024, #4988, .T.);
#7789 = EDGE_CURVE('', #1020, #1030, #4993, .T.);
#7790 = EDGE_CURVE('', #1020, #1028, #4998, .T.);
#7791 = EDGE_CURVE('', #1024, #1018, #5003, .T.);
#7792 = EDGE_CURVE('', #1026, #1018, #5008, .T.);
#7793 = EDGE_CURVE('', #1028, #1022, #5013, .T.);
#7794 = EDGE_CURVE('', #1030, #1022, #5018, .T.);
#7795 = EDGE_CURVE('', #1018, #1022, #5022, .T.);
#7796 = EDGE_CURVE('', #1016, #1020, #5026, .T.);
#7797 = EDGE_CURVE('', #1032, #1042, #5031, .T.);
#7798 = EDGE_CURVE('', #1032, #1040, #5036, .T.);
#7799 = EDGE_CURVE('', #1036, #1046, #5041, .T.);
#7800 = EDGE_CURVE('', #1036, #1044, #5046, .T.);
#7801 = EDGE_CURVE('', #1040, #1034, #5051, .T.);
#7802 = EDGE_CURVE('', #1042, #1034, #5056, .T.);
#7803 = EDGE_CURVE('', #1044, #1038, #5061, .T.);
#7804 = EDGE_CURVE('', #1046, #1038, #5066, .T.);
#7805 = EDGE_CURVE('', #1034, #1038, #5070, .T.);
#7806 = EDGE_CURVE('', #1032, #1036, #5074, .T.);
#7807 = EDGE_CURVE('', #1048, #1058, #5079, .T.);
#7808 = EDGE_CURVE('', #1048, #1056, #5084, .T.);
#7809 = EDGE_CURVE('', #1052, #1062, #5089, .T.);
#7810 = EDGE_CURVE('', #1052, #1060, #5094, .T.);
#7811 = EDGE_CURVE('', #1056, #1050, #5099, .T.);
#7812 = EDGE_CURVE('', #1058, #1050, #5104, .T.);
#7813 = EDGE_CURVE('', #1060, #1054, #5109, .T.);
#7814 = EDGE_CURVE('', #1062, #1054, #5114, .T.);
#7815 = EDGE_CURVE('', #1050, #1054, #5118, .T.);
#7816 = EDGE_CURVE('', #1048, #1052, #5122, .T.);
#7817 = EDGE_CURVE('', #1064, #1066, #5126, .T.);
#7818 = EDGE_CURVE('', #1066, #1068, #5130, .T.);
#7819 = EDGE_CURVE('', #1070, #1068, #5134, .T.);
#7820 = EDGE_CURVE('', #1064, #1070, #5138, .T.);
#7821 = EDGE_CURVE('', #1066, #1072, #5142, .T.);
#7822 = EDGE_CURVE('', #1072, #1074, #5146, .T.);
#7823 = EDGE_CURVE('', #1068, #1074, #5150, .T.);
#7824 = EDGE_CURVE('', #1072, #1076, #5154, .T.);
#7825 = EDGE_CURVE('', #1076, #1078, #5158, .T.);
#7826 = EDGE_CURVE('', #1074, #1078, #5162, .T.);
#7827 = EDGE_CURVE('', #1076, #1064, #5166, .T.);
#7828 = EDGE_CURVE('', #1078, #1070, #5170, .T.);
#7829 = EDGE_CURVE('', #1080, #1090, #5175, .T.);
#7830 = EDGE_CURVE('', #1080, #1088, #5180, .T.);
#7831 = EDGE_CURVE('', #1084, #1094, #5185, .T.);
#7832 = EDGE_CURVE('', #1084, #1092, #5190, .T.);
#7833 = EDGE_CURVE('', #1088, #1082, #5195, .T.);
#7834 = EDGE_CURVE('', #1090, #1082, #5200, .T.);
#7835 = EDGE_CURVE('', #1092, #1086, #5205, .T.);
#7836 = EDGE_CURVE('', #1094, #1086, #5210, .T.);
#7837 = EDGE_CURVE('', #1082, #1086, #5214, .T.);
#7838 = EDGE_CURVE('', #1080, #1084, #5218, .T.);
#7839 = EDGE_CURVE('', #1096, #1106, #5223, .T.);
#7840 = EDGE_CURVE('', #1096, #1104, #5228, .T.);
#7841 = EDGE_CURVE('', #1100, #1110, #5233, .T.);
#7842 = EDGE_CURVE('', #1100, #1108, #5238, .T.);
#7843 = EDGE_CURVE('', #1104, #1098, #5243, .T.);
#7844 = EDGE_CURVE('', #1106, #1098, #5248, .T.);
#7845 = EDGE_CURVE('', #1108, #1102, #5253, .T.);
#7846 = EDGE_CURVE('', #1110, #1102, #5258, .T.);
#7847 = EDGE_CURVE('', #1098, #1102, #5262, .T.);
#7848 = EDGE_CURVE('', #1096, #1100, #5266, .T.);
#7849 = EDGE_CURVE('', #1112, #1122, #5271, .T.);
#7850 = EDGE_CURVE('', #1112, #1120, #5276, .T.);
#7851 = EDGE_CURVE('', #1116, #1126, #5281, .T.);
#7852 = EDGE_CURVE('', #1116, #1124, #5286, .T.);
#7853 = EDGE_CURVE('', #1120, #1114, #5291, .T.);
#7854 = EDGE_CURVE('', #1122, #1114, #5296, .T.);
#7855 = EDGE_CURVE('', #1124, #1118, #5301, .T.);
#7856 = EDGE_CURVE('', #1126, #1118, #5306, .T.);
#7857 = EDGE_CURVE('', #1114, #1118, #5310, .T.);
#7858 = EDGE_CURVE('', #1112, #1116, #5314, .T.);
#7859 = EDGE_CURVE('', #1128, #1138, #5319, .T.);
#7860 = EDGE_CURVE('', #1128, #1136, #5324, .T.);
#7861 = EDGE_CURVE('', #1132, #1142, #5329, .T.);
#7862 = EDGE_CURVE('', #1132, #1140, #5334, .T.);
#7863 = EDGE_CURVE('', #1136, #1130, #5339, .T.);
#7864 = EDGE_CURVE('', #1138, #1130, #5344, .T.);
#7865 = EDGE_CURVE('', #1140, #1134, #5349, .T.);
#7866 = EDGE_CURVE('', #1142, #1134, #5354, .T.);
#7867 = EDGE_CURVE('', #1130, #1134, #5358, .T.);
#7868 = EDGE_CURVE('', #1128, #1132, #5362, .T.);
#7869 = EDGE_CURVE('', #1144, #1154, #5367, .T.);
#7870 = EDGE_CURVE('', #1144, #1152, #5372, .T.);
#7871 = EDGE_CURVE('', #1148, #1158, #5377, .T.);
#7872 = EDGE_CURVE('', #1148, #1156, #5382, .T.);
#7873 = EDGE_CURVE('', #1152, #1146, #5387, .T.);
#7874 = EDGE_CURVE('', #1154, #1146, #5392, .T.);
#7875 = EDGE_CURVE('', #1156, #1150, #5397, .T.);
#7876 = EDGE_CURVE('', #1158, #1150, #5402, .T.);
#7877 = EDGE_CURVE('', #1146, #1150, #5406, .T.);
#7878 = EDGE_CURVE('', #1144, #1148, #5410, .T.);
#7879 = EDGE_CURVE('', #1160, #1170, #5415, .T.);
#7880 = EDGE_CURVE('', #1160, #1168, #5420, .T.);
#7881 = EDGE_CURVE('', #1164, #1174, #5425, .T.);
#7882 = EDGE_CURVE('', #1164, #1172, #5430, .T.);
#7883 = EDGE_CURVE('', #1168, #1162, #5435, .T.);
#7884 = EDGE_CURVE('', #1170, #1162, #5440, .T.);
#7885 = EDGE_CURVE('', #1172, #1166, #5445, .T.);
#7886 = EDGE_CURVE('', #1174, #1166, #5450, .T.);
#7887 = EDGE_CURVE('', #1162, #1166, #5454, .T.);
#7888 = EDGE_CURVE('', #1160, #1164, #5458, .T.);
#7889 = EDGE_CURVE('', #1176, #1186, #5463, .T.);
#7890 = EDGE_CURVE('', #1176, #1184, #5468, .T.);
#7891 = EDGE_CURVE('', #1180, #1190, #5473, .T.);
#7892 = EDGE_CURVE('', #1180, #1188, #5478, .T.);
#7893 = EDGE_CURVE('', #1184, #1178, #5483, .T.);
#7894 = EDGE_CURVE('', #1186, #1178, #5488, .T.);
#7895 = EDGE_CURVE('', #1188, #1182, #5493, .T.);
#7896 = EDGE_CURVE('', #1190, #1182, #5498, .T.);
#7897 = EDGE_CURVE('', #1178, #1182, #5502, .T.);
#7898 = EDGE_CURVE('', #1176, #1180, #5506, .T.);
#7899 = EDGE_CURVE('', #1192, #1202, #5511, .T.);
#7900 = EDGE_CURVE('', #1192, #1200, #5516, .T.);
#7901 = EDGE_CURVE('', #1196, #1206, #5521, .T.);
#7902 = EDGE_CURVE('', #1196, #1204, #5526, .T.);
#7903 = EDGE_CURVE('', #1200, #1194, #5531, .T.);
#7904 = EDGE_CURVE('', #1202, #1194, #5536, .T.);
#7905 = EDGE_CURVE('', #1204, #1198, #5541, .T.);
#7906 = EDGE_CURVE('', #1206, #1198, #5546, .T.);
#7907 = EDGE_CURVE('', #1194, #1198, #5550, .T.);
#7908 = EDGE_CURVE('', #1192, #1196, #5554, .T.);
#7909 = EDGE_CURVE('', #1208, #1218, #5559, .T.);
#7910 = EDGE_CURVE('', #1208, #1216, #5564, .T.);
#7911 = EDGE_CURVE('', #1212, #1222, #5569, .T.);
#7912 = EDGE_CURVE('', #1212, #1220, #5574, .T.);
#7913 = EDGE_CURVE('', #1216, #1210, #5579, .T.);
#7914 = EDGE_CURVE('', #1218, #1210, #5584, .T.);
#7915 = EDGE_CURVE('', #1220, #1214, #5589, .T.);
#7916 = EDGE_CURVE('', #1222, #1214, #5594, .T.);
#7917 = EDGE_CURVE('', #1210, #1214, #5598, .T.);
#7918 = EDGE_CURVE('', #1208, #1212, #5602, .T.);
#7919 = EDGE_CURVE('', #1224, #1226, #5606, .T.);
#7920 = EDGE_CURVE('', #1226, #1228, #5610, .T.);
#7921 = EDGE_CURVE('', #1230, #1228, #5614, .T.);
#7922 = EDGE_CURVE('', #1224, #1230, #5618, .T.);
#7923 = EDGE_CURVE('', #1226, #1232, #5622, .T.);
#7924 = EDGE_CURVE('', #1232, #1234, #5626, .T.);
#7925 = EDGE_CURVE('', #1228, #1234, #5630, .T.);
#7926 = EDGE_CURVE('', #1232, #1236, #5634, .T.);
#7927 = EDGE_CURVE('', #1236, #1238, #5638, .T.);
#7928 = EDGE_CURVE('', #1234, #1238, #5642, .T.);
#7929 = EDGE_CURVE('', #1236, #1224, #5646, .T.);
#7930 = EDGE_CURVE('', #1238, #1230, #5650, .T.);
#7931 = EDGE_CURVE('', #1240, #1250, #5655, .T.);
#7932 = EDGE_CURVE('', #1240, #1248, #5660, .T.);
#7933 = EDGE_CURVE('', #1244, #1254, #5665, .T.);
#7934 = EDGE_CURVE('', #1244, #1252, #5670, .T.);
#7935 = EDGE_CURVE('', #1248, #1242, #5675, .T.);
#7936 = EDGE_CURVE('', #1250, #1242, #5680, .T.);
#7937 = EDGE_CURVE('', #1252, #1246, #5685, .T.);
#7938 = EDGE_CURVE('', #1254, #1246, #5690, .T.);
#7939 = EDGE_CURVE('', #1242, #1246, #5694, .T.);
#7940 = EDGE_CURVE('', #1240, #1244, #5698, .T.);
#7941 = EDGE_CURVE('', #1256, #1266, #5703, .T.);
#7942 = EDGE_CURVE('', #1256, #1264, #5708, .T.);
#7943 = EDGE_CURVE('', #1260, #1270, #5713, .T.);
#7944 = EDGE_CURVE('', #1260, #1268, #5718, .T.);
#7945 = EDGE_CURVE('', #1264, #1258, #5723, .T.);
#7946 = EDGE_CURVE('', #1266, #1258, #5728, .T.);
#7947 = EDGE_CURVE('', #1268, #1262, #5733, .T.);
#7948 = EDGE_CURVE('', #1270, #1262, #5738, .T.);
#7949 = EDGE_CURVE('', #1258, #1262, #5742, .T.);
#7950 = EDGE_CURVE('', #1256, #1260, #5746, .T.);
#7951 = EDGE_CURVE('', #1272, #1282, #5751, .T.);
#7952 = EDGE_CURVE('', #1272, #1280, #5756, .T.);
#7953 = EDGE_CURVE('', #1276, #1286, #5761, .T.);
#7954 = EDGE_CURVE('', #1276, #1284, #5766, .T.);
#7955 = EDGE_CURVE('', #1280, #1274, #5771, .T.);
#7956 = EDGE_CURVE('', #1282, #1274, #5776, .T.);
#7957 = EDGE_CURVE('', #1284, #1278, #5781, .T.);
#7958 = EDGE_CURVE('', #1286, #1278, #5786, .T.);
#7959 = EDGE_CURVE('', #1274, #1278, #5790, .T.);
#7960 = EDGE_CURVE('', #1272, #1276, #5794, .T.);
#7961 = EDGE_CURVE('', #1288, #1298, #5799, .T.);
#7962 = EDGE_CURVE('', #1288, #1296, #5804, .T.);
#7963 = EDGE_CURVE('', #1292, #1302, #5809, .T.);
#7964 = EDGE_CURVE('', #1292, #1300, #5814, .T.);
#7965 = EDGE_CURVE('', #1296, #1290, #5819, .T.);
#7966 = EDGE_CURVE('', #1298, #1290, #5824, .T.);
#7967 = EDGE_CURVE('', #1300, #1294, #5829, .T.);
#7968 = EDGE_CURVE('', #1302, #1294, #5834, .T.);
#7969 = EDGE_CURVE('', #1290, #1294, #5838, .T.);
#7970 = EDGE_CURVE('', #1288, #1292, #5842, .T.);
#7971 = EDGE_CURVE('', #1304, #1314, #5847, .T.);
#7972 = EDGE_CURVE('', #1304, #1312, #5852, .T.);
#7973 = EDGE_CURVE('', #1308, #1318, #5857, .T.);
#7974 = EDGE_CURVE('', #1308, #1316, #5862, .T.);
#7975 = EDGE_CURVE('', #1312, #1306, #5867, .T.);
#7976 = EDGE_CURVE('', #1314, #1306, #5872, .T.);
#7977 = EDGE_CURVE('', #1316, #1310, #5877, .T.);
#7978 = EDGE_CURVE('', #1318, #1310, #5882, .T.);
#7979 = EDGE_CURVE('', #1306, #1310, #5886, .T.);
#7980 = EDGE_CURVE('', #1304, #1308, #5890, .T.);
#7981 = EDGE_CURVE('', #1320, #1330, #5895, .T.);
#7982 = EDGE_CURVE('', #1320, #1328, #5900, .T.);
#7983 = EDGE_CURVE('', #1324, #1334, #5905, .T.);
#7984 = EDGE_CURVE('', #1324, #1332, #5910, .T.);
#7985 = EDGE_CURVE('', #1328, #1322, #5915, .T.);
#7986 = EDGE_CURVE('', #1330, #1322, #5920, .T.);
#7987 = EDGE_CURVE('', #1332, #1326, #5925, .T.);
#7988 = EDGE_CURVE('', #1334, #1326, #5930, .T.);
#7989 = EDGE_CURVE('', #1322, #1326, #5934, .T.);
#7990 = EDGE_CURVE('', #1320, #1324, #5938, .T.);
#7991 = EDGE_CURVE('', #1336, #1346, #5943, .T.);
#7992 = EDGE_CURVE('', #1336, #1344, #5948, .T.);
#7993 = EDGE_CURVE('', #1340, #1350, #5953, .T.);
#7994 = EDGE_CURVE('', #1340, #1348, #5958, .T.);
#7995 = EDGE_CURVE('', #1344, #1338, #5963, .T.);
#7996 = EDGE_CURVE('', #1346, #1338, #5968, .T.);
#7997 = EDGE_CURVE('', #1348, #1342, #5973, .T.);
#7998 = EDGE_CURVE('', #1350, #1342, #5978, .T.);
#7999 = EDGE_CURVE('', #1338, #1342, #5982, .T.);
#8000 = EDGE_CURVE('', #1336, #1340, #5986, .T.);
#8001 = EDGE_CURVE('', #1352, #1362, #5991, .T.);
#8002 = EDGE_CURVE('', #1352, #1360, #5996, .T.);
#8003 = EDGE_CURVE('', #1356, #1366, #6001, .T.);
#8004 = EDGE_CURVE('', #1356, #1364, #6006, .T.);
#8005 = EDGE_CURVE('', #1360, #1354, #6011, .T.);
#8006 = EDGE_CURVE('', #1362, #1354, #6016, .T.);
#8007 = EDGE_CURVE('', #1364, #1358, #6021, .T.);
#8008 = EDGE_CURVE('', #1366, #1358, #6026, .T.);
#8009 = EDGE_CURVE('', #1354, #1358, #6030, .T.);
#8010 = EDGE_CURVE('', #1352, #1356, #6034, .T.);
#8011 = EDGE_CURVE('', #1368, #1378, #6039, .T.);
#8012 = EDGE_CURVE('', #1368, #1376, #6044, .T.);
#8013 = EDGE_CURVE('', #1372, #1382, #6049, .T.);
#8014 = EDGE_CURVE('', #1372, #1380, #6054, .T.);
#8015 = EDGE_CURVE('', #1376, #1370, #6059, .T.);
#8016 = EDGE_CURVE('', #1378, #1370, #6064, .T.);
#8017 = EDGE_CURVE('', #1380, #1374, #6069, .T.);
#8018 = EDGE_CURVE('', #1382, #1374, #6074, .T.);
#8019 = EDGE_CURVE('', #1370, #1374, #6078, .T.);
#8020 = EDGE_CURVE('', #1368, #1372, #6082, .T.);
#8021 = EDGE_CURVE('', #1384, #1386, #6086, .T.);
#8022 = EDGE_CURVE('', #1386, #1388, #6090, .T.);
#8023 = EDGE_CURVE('', #1390, #1388, #6094, .T.);
#8024 = EDGE_CURVE('', #1384, #1390, #6098, .T.);
#8025 = EDGE_CURVE('', #1386, #1392, #6102, .T.);
#8026 = EDGE_CURVE('', #1392, #1394, #6106, .T.);
#8027 = EDGE_CURVE('', #1388, #1394, #6110, .T.);
#8028 = EDGE_CURVE('', #1392, #1396, #6114, .T.);
#8029 = EDGE_CURVE('', #1396, #1398, #6118, .T.);
#8030 = EDGE_CURVE('', #1394, #1398, #6122, .T.);
#8031 = EDGE_CURVE('', #1396, #1384, #6126, .T.);
#8032 = EDGE_CURVE('', #1398, #1390, #6130, .T.);
#8033 = EDGE_CURVE('', #1400, #1410, #6135, .T.);
#8034 = EDGE_CURVE('', #1400, #1408, #6140, .T.);
#8035 = EDGE_CURVE('', #1404, #1414, #6145, .T.);
#8036 = EDGE_CURVE('', #1404, #1412, #6150, .T.);
#8037 = EDGE_CURVE('', #1408, #1402, #6155, .T.);
#8038 = EDGE_CURVE('', #1410, #1402, #6160, .T.);
#8039 = EDGE_CURVE('', #1412, #1406, #6165, .T.);
#8040 = EDGE_CURVE('', #1414, #1406, #6170, .T.);
#8041 = EDGE_CURVE('', #1402, #1406, #6174, .T.);
#8042 = EDGE_CURVE('', #1400, #1404, #6178, .T.);
#8043 = EDGE_CURVE('', #1416, #1426, #6183, .T.);
#8044 = EDGE_CURVE('', #1416, #1424, #6188, .T.);
#8045 = EDGE_CURVE('', #1420, #1430, #6193, .T.);
#8046 = EDGE_CURVE('', #1420, #1428, #6198, .T.);
#8047 = EDGE_CURVE('', #1424, #1418, #6203, .T.);
#8048 = EDGE_CURVE('', #1426, #1418, #6208, .T.);
#8049 = EDGE_CURVE('', #1428, #1422, #6213, .T.);
#8050 = EDGE_CURVE('', #1430, #1422, #6218, .T.);
#8051 = EDGE_CURVE('', #1418, #1422, #6222, .T.);
#8052 = EDGE_CURVE('', #1416, #1420, #6226, .T.);
#8053 = EDGE_CURVE('', #1432, #1442, #6231, .T.);
#8054 = EDGE_CURVE('', #1432, #1440, #6236, .T.);
#8055 = EDGE_CURVE('', #1436, #1446, #6241, .T.);
#8056 = EDGE_CURVE('', #1436, #1444, #6246, .T.);
#8057 = EDGE_CURVE('', #1440, #1434, #6251, .T.);
#8058 = EDGE_CURVE('', #1442, #1434, #6256, .T.);
#8059 = EDGE_CURVE('', #1444, #1438, #6261, .T.);
#8060 = EDGE_CURVE('', #1446, #1438, #6266, .T.);
#8061 = EDGE_CURVE('', #1434, #1438, #6270, .T.);
#8062 = EDGE_CURVE('', #1432, #1436, #6274, .T.);
#8063 = EDGE_CURVE('', #1448, #1458, #6279, .T.);
#8064 = EDGE_CURVE('', #1448, #1456, #6284, .T.);
#8065 = EDGE_CURVE('', #1452, #1462, #6289, .T.);
#8066 = EDGE_CURVE('', #1452, #1460, #6294, .T.);
#8067 = EDGE_CURVE('', #1456, #1450, #6299, .T.);
#8068 = EDGE_CURVE('', #1458, #1450, #6304, .T.);
#8069 = EDGE_CURVE('', #1460, #1454, #6309, .T.);
#8070 = EDGE_CURVE('', #1462, #1454, #6314, .T.);
#8071 = EDGE_CURVE('', #1450, #1454, #6318, .T.);
#8072 = EDGE_CURVE('', #1448, #1452, #6322, .T.);
#8073 = EDGE_CURVE('', #1464, #1474, #6327, .T.);
#8074 = EDGE_CURVE('', #1464, #1472, #6332, .T.);
#8075 = EDGE_CURVE('', #1468, #1478, #6337, .T.);
#8076 = EDGE_CURVE('', #1468, #1476, #6342, .T.);
#8077 = EDGE_CURVE('', #1472, #1466, #6347, .T.);
#8078 = EDGE_CURVE('', #1474, #1466, #6352, .T.);
#8079 = EDGE_CURVE('', #1476, #1470, #6357, .T.);
#8080 = EDGE_CURVE('', #1478, #1470, #6362, .T.);
#8081 = EDGE_CURVE('', #1466, #1470, #6366, .T.);
#8082 = EDGE_CURVE('', #1464, #1468, #6370, .T.);
#8083 = EDGE_CURVE('', #1480, #1490, #6375, .T.);
#8084 = EDGE_CURVE('', #1480, #1488, #6380, .T.);
#8085 = EDGE_CURVE('', #1484, #1494, #6385, .T.);
#8086 = EDGE_CURVE('', #1484, #1492, #6390, .T.);
#8087 = EDGE_CURVE('', #1488, #1482, #6395, .T.);
#8088 = EDGE_CURVE('', #1490, #1482, #6400, .T.);
#8089 = EDGE_CURVE('', #1492, #1486, #6405, .T.);
#8090 = EDGE_CURVE('', #1494, #1486, #6410, .T.);
#8091 = EDGE_CURVE('', #1482, #1486, #6414, .T.);
#8092 = EDGE_CURVE('', #1480, #1484, #6418, .T.);
#8093 = EDGE_CURVE('', #1496, #1506, #6423, .T.);
#8094 = EDGE_CURVE('', #1496, #1504, #6428, .T.);
#8095 = EDGE_CURVE('', #1500, #1510, #6433, .T.);
#8096 = EDGE_CURVE('', #1500, #1508, #6438, .T.);
#8097 = EDGE_CURVE('', #1504, #1498, #6443, .T.);
#8098 = EDGE_CURVE('', #1506, #1498, #6448, .T.);
#8099 = EDGE_CURVE('', #1508, #1502, #6453, .T.);
#8100 = EDGE_CURVE('', #1510, #1502, #6458, .T.);
#8101 = EDGE_CURVE('', #1498, #1502, #6462, .T.);
#8102 = EDGE_CURVE('', #1496, #1500, #6466, .T.);
#8103 = EDGE_CURVE('', #1512, #1522, #6471, .T.);
#8104 = EDGE_CURVE('', #1512, #1520, #6476, .T.);
#8105 = EDGE_CURVE('', #1516, #1526, #6481, .T.);
#8106 = EDGE_CURVE('', #1516, #1524, #6486, .T.);
#8107 = EDGE_CURVE('', #1520, #1514, #6491, .T.);
#8108 = EDGE_CURVE('', #1522, #1514, #6496, .T.);
#8109 = EDGE_CURVE('', #1524, #1518, #6501, .T.);
#8110 = EDGE_CURVE('', #1526, #1518, #6506, .T.);
#8111 = EDGE_CURVE('', #1514, #1518, #6510, .T.);
#8112 = EDGE_CURVE('', #1512, #1516, #6514, .T.);
#8113 = EDGE_CURVE('', #1528, #1538, #6519, .T.);
#8114 = EDGE_CURVE('', #1528, #1536, #6524, .T.);
#8115 = EDGE_CURVE('', #1532, #1542, #6529, .T.);
#8116 = EDGE_CURVE('', #1532, #1540, #6534, .T.);
#8117 = EDGE_CURVE('', #1536, #1530, #6539, .T.);
#8118 = EDGE_CURVE('', #1538, #1530, #6544, .T.);
#8119 = EDGE_CURVE('', #1540, #1534, #6549, .T.);
#8120 = EDGE_CURVE('', #1542, #1534, #6554, .T.);
#8121 = EDGE_CURVE('', #1530, #1534, #6558, .T.);
#8122 = EDGE_CURVE('', #1528, #1532, #6562, .T.);
#8123 = EDGE_CURVE('', #1544, #1546, #6566, .T.);
#8124 = EDGE_CURVE('', #1546, #1548, #6570, .T.);
#8125 = EDGE_CURVE('', #1550, #1548, #6574, .T.);
#8126 = EDGE_CURVE('', #1544, #1550, #6578, .T.);
#8127 = EDGE_CURVE('', #1546, #1552, #6582, .T.);
#8128 = EDGE_CURVE('', #1552, #1554, #6586, .T.);
#8129 = EDGE_CURVE('', #1548, #1554, #6590, .T.);
#8130 = EDGE_CURVE('', #1552, #1556, #6594, .T.);
#8131 = EDGE_CURVE('', #1556, #1558, #6598, .T.);
#8132 = EDGE_CURVE('', #1554, #1558, #6602, .T.);
#8133 = EDGE_CURVE('', #1556, #1544, #6606, .T.);
#8134 = EDGE_CURVE('', #1558, #1550, #6610, .T.);
#8135 = EDGE_CURVE('', #1560, #1570, #6615, .T.);
#8136 = EDGE_CURVE('', #1560, #1568, #6620, .T.);
#8137 = EDGE_CURVE('', #1564, #1574, #6625, .T.);
#8138 = EDGE_CURVE('', #1564, #1572, #6630, .T.);
#8139 = EDGE_CURVE('', #1568, #1562, #6635, .T.);
#8140 = EDGE_CURVE('', #1570, #1562, #6640, .T.);
#8141 = EDGE_CURVE('', #1572, #1566, #6645, .T.);
#8142 = EDGE_CURVE('', #1574, #1566, #6650, .T.);
#8143 = EDGE_CURVE('', #1562, #1566, #6654, .T.);
#8144 = EDGE_CURVE('', #1560, #1564, #6658, .T.);
#8145 = EDGE_CURVE('', #1576, #1586, #6663, .T.);
#8146 = EDGE_CURVE('', #1576, #1584, #6668, .T.);
#8147 = EDGE_CURVE('', #1580, #1590, #6673, .T.);
#8148 = EDGE_CURVE('', #1580, #1588, #6678, .T.);
#8149 = EDGE_CURVE('', #1584, #1578, #6683, .T.);
#8150 = EDGE_CURVE('', #1586, #1578, #6688, .T.);
#8151 = EDGE_CURVE('', #1588, #1582, #6693, .T.);
#8152 = EDGE_CURVE('', #1590, #1582, #6698, .T.);
#8153 = EDGE_CURVE('', #1578, #1582, #6702, .T.);
#8154 = EDGE_CURVE('', #1576, #1580, #6706, .T.);
#8155 = EDGE_CURVE('', #1592, #1602, #6711, .T.);
#8156 = EDGE_CURVE('', #1592, #1600, #6716, .T.);
#8157 = EDGE_CURVE('', #1596, #1606, #6721, .T.);
#8158 = EDGE_CURVE('', #1596, #1604, #6726, .T.);
#8159 = EDGE_CURVE('', #1600, #1594, #6731, .T.);
#8160 = EDGE_CURVE('', #1602, #1594, #6736, .T.);
#8161 = EDGE_CURVE('', #1604, #1598, #6741, .T.);
#8162 = EDGE_CURVE('', #1606, #1598, #6746, .T.);
#8163 = EDGE_CURVE('', #1594, #1598, #6750, .T.);
#8164 = EDGE_CURVE('', #1592, #1596, #6754, .T.);
#8165 = EDGE_CURVE('', #1608, #1618, #6759, .T.);
#8166 = EDGE_CURVE('', #1608, #1616, #6764, .T.);
#8167 = EDGE_CURVE('', #1612, #1622, #6769, .T.);
#8168 = EDGE_CURVE('', #1612, #1620, #6774, .T.);
#8169 = EDGE_CURVE('', #1616, #1610, #6779, .T.);
#8170 = EDGE_CURVE('', #1618, #1610, #6784, .T.);
#8171 = EDGE_CURVE('', #1620, #1614, #6789, .T.);
#8172 = EDGE_CURVE('', #1622, #1614, #6794, .T.);
#8173 = EDGE_CURVE('', #1610, #1614, #6798, .T.);
#8174 = EDGE_CURVE('', #1608, #1612, #6802, .T.);
#8175 = EDGE_CURVE('', #1624, #1634, #6807, .T.);
#8176 = EDGE_CURVE('', #1624, #1632, #6812, .T.);
#8177 = EDGE_CURVE('', #1628, #1638, #6817, .T.);
#8178 = EDGE_CURVE('', #1628, #1636, #6822, .T.);
#8179 = EDGE_CURVE('', #1632, #1626, #6827, .T.);
#8180 = EDGE_CURVE('', #1634, #1626, #6832, .T.);
#8181 = EDGE_CURVE('', #1636, #1630, #6837, .T.);
#8182 = EDGE_CURVE('', #1638, #1630, #6842, .T.);
#8183 = EDGE_CURVE('', #1626, #1630, #6846, .T.);
#8184 = EDGE_CURVE('', #1624, #1628, #6850, .T.);
#8185 = EDGE_CURVE('', #1640, #1650, #6855, .T.);
#8186 = EDGE_CURVE('', #1640, #1648, #6860, .T.);
#8187 = EDGE_CURVE('', #1644, #1654, #6865, .T.);
#8188 = EDGE_CURVE('', #1644, #1652, #6870, .T.);
#8189 = EDGE_CURVE('', #1648, #1642, #6875, .T.);
#8190 = EDGE_CURVE('', #1650, #1642, #6880, .T.);
#8191 = EDGE_CURVE('', #1652, #1646, #6885, .T.);
#8192 = EDGE_CURVE('', #1654, #1646, #6890, .T.);
#8193 = EDGE_CURVE('', #1642, #1646, #6894, .T.);
#8194 = EDGE_CURVE('', #1640, #1644, #6898, .T.);
#8195 = EDGE_CURVE('', #1656, #1666, #6903, .T.);
#8196 = EDGE_CURVE('', #1656, #1664, #6908, .T.);
#8197 = EDGE_CURVE('', #1660, #1670, #6913, .T.);
#8198 = EDGE_CURVE('', #1660, #1668, #6918, .T.);
#8199 = EDGE_CURVE('', #1664, #1658, #6923, .T.);
#8200 = EDGE_CURVE('', #1666, #1658, #6928, .T.);
#8201 = EDGE_CURVE('', #1668, #1662, #6933, .T.);
#8202 = EDGE_CURVE('', #1670, #1662, #6938, .T.);
#8203 = EDGE_CURVE('', #1658, #1662, #6942, .T.);
#8204 = EDGE_CURVE('', #1656, #1660, #6946, .T.);
#8205 = EDGE_CURVE('', #1672, #1682, #6951, .T.);
#8206 = EDGE_CURVE('', #1672, #1680, #6956, .T.);
#8207 = EDGE_CURVE('', #1676, #1686, #6961, .T.);
#8208 = EDGE_CURVE('', #1676, #1684, #6966, .T.);
#8209 = EDGE_CURVE('', #1680, #1674, #6971, .T.);
#8210 = EDGE_CURVE('', #1682, #1674, #6976, .T.);
#8211 = EDGE_CURVE('', #1684, #1678, #6981, .T.);
#8212 = EDGE_CURVE('', #1686, #1678, #6986, .T.);
#8213 = EDGE_CURVE('', #1674, #1678, #6990, .T.);
#8214 = EDGE_CURVE('', #1672, #1676, #6994, .T.);
#8215 = EDGE_CURVE('', #1688, #1698, #6999, .T.);
#8216 = EDGE_CURVE('', #1688, #1696, #7004, .T.);
#8217 = EDGE_CURVE('', #1692, #1702, #7009, .T.);
#8218 = EDGE_CURVE('', #1692, #1700, #7014, .T.);
#8219 = EDGE_CURVE('', #1696, #1690, #7019, .T.);
#8220 = EDGE_CURVE('', #1698, #1690, #7024, .T.);
#8221 = EDGE_CURVE('', #1700, #1694, #7029, .T.);
#8222 = EDGE_CURVE('', #1702, #1694, #7034, .T.);
#8223 = EDGE_CURVE('', #1690, #1694, #7038, .T.);
#8224 = EDGE_CURVE('', #1688, #1692, #7042, .T.);
#8225 = CARTESIAN_POINT('', (110., 73., 15.));
#8226 = DIRECTION('', (0., 1., 0.));
#8227 = AXIS2_PLACEMENT_3D('', #8225, #8226, $);
#8228 = PLANE('', #8227);
#8229 = CARTESIAN_POINT('', (110., 58., 27.));
#8230 = DIRECTION('', (-0., -0., 1.));
#8231 = AXIS2_PLACEMENT_3D('', #8229, #8230, $);
#8232 = PLANE('', #8231);
#8233 = CARTESIAN_POINT('', (110., 43., 15.));
#8234 = DIRECTION('', (0., -1., 0.));
#8235 = AXIS2_PLACEMENT_3D('', #8233, #8234, $);
#8236 = PLANE('', #8235);
#8237 = CARTESIAN_POINT('', (110., 58., 3.));
#8238 = DIRECTION('', (0., -0., -1.));
#8239 = AXIS2_PLACEMENT_3D('', #8237, #8238, $);
#8240 = PLANE('', #8239);
#8241 = CARTESIAN_POINT('', (106., 58., 15.));
#8242 = DIRECTION('', (1., -0., 0.));
#8243 = AXIS2_PLACEMENT_3D('', #8241, #8242, $);
#8244 = PLANE('', #8243);
#8245 = CARTESIAN_POINT('', (114., 58., 15.));
#8246 = DIRECTION('', (1., -0., 0.));
#8247 = AXIS2_PLACEMENT_3D('', #8245, #8246, $);
#8248 = PLANE('', #8247);
#8249 = CARTESIAN_POINT('', (110., 58., 15.));
#8250 = DIRECTION('', (1., -0., -0.));
#8251 = DIRECTION('', (0., 1., 0.));
#8252 = AXIS2_PLACEMENT_3D('', #8249, #8250, #8251);
#8253 = CYLINDRICAL_SURFACE('', #8252, 9.);
#8254 = CARTESIAN_POINT('', (105., 35., 0.));
#8255 = DIRECTION('', (1., -0., 0.));
#8256 = AXIS2_PLACEMENT_3D('', #8254, #8255, $);
#8257 = PLANE('', #8256);
#8258 = CARTESIAN_POINT('', (75., 41., 0.));
#8259 = DIRECTION('', (0., 1., -0.));
#8260 = AXIS2_PLACEMENT_3D('', #8258, #8259, $);
#8261 = PLANE('', #8260);
#8262 = CARTESIAN_POINT('', (45., 35., 0.));
#8263 = DIRECTION('', (-1., -0., 0.));
#8264 = AXIS2_PLACEMENT_3D('', #8262, #8263, $);
#8265 = PLANE('', #8264);
#8266 = CARTESIAN_POINT('', (75., 29., 0.));
#8267 = DIRECTION('', (0., -1., 0.));
#8268 = AXIS2_PLACEMENT_3D('', #8266, #8267, $);
#8269 = PLANE('', #8268);
#8270 = CARTESIAN_POINT('', (75., 35., -2.));
#8271 = DIRECTION('', (0., -0., 1.));
#8272 = AXIS2_PLACEMENT_3D('', #8270, #8271, $);
#8273 = PLANE('', #8272);
#8274 = CARTESIAN_POINT('', (75., 35., 2.));
#8275 = DIRECTION('', (0., -0., 1.));
#8276 = AXIS2_PLACEMENT_3D('', #8274, #8275, $);
#8277 = PLANE('', #8276);
#8278 = CARTESIAN_POINT('', (15., 47., 44.5));
#8279 = DIRECTION('', (0., -0., 1.));
#8280 = DIRECTION('', (1., 0., 0.));
#8281 = AXIS2_PLACEMENT_3D('', #8278, #8279, #8280);
#8282 = CYLINDRICAL_SURFACE('', #8281, 5.);
#8283 = CARTESIAN_POINT('', (15., 47., 40.5));
#8284 = DIRECTION('', (0., -0., 1.));
#8285 = AXIS2_PLACEMENT_3D('', #8283, #8284, $);
#8286 = PLANE('', #8285);
#8287 = CARTESIAN_POINT('', (15., 47., 48.5));
#8288 = DIRECTION('', (0., -0., 1.));
#8289 = AXIS2_PLACEMENT_3D('', #8287, #8288, $);
#8290 = PLANE('', #8289);
#8291 = CARTESIAN_POINT('', (45., 23., 44.5));
#8292 = DIRECTION('', (0., -0., 1.));
#8293 = DIRECTION('', (1., 0., 0.));
#8294 = AXIS2_PLACEMENT_3D('', #8291, #8292, #8293);
#8295 = CYLINDRICAL_SURFACE('', #8294, 5.);
#8296 = CARTESIAN_POINT('', (45., 23., 40.5));
#8297 = DIRECTION('', (0., -0., 1.));
#8298 = AXIS2_PLACEMENT_3D('', #8296, #8297, $);
#8299 = PLANE('', #8298);
#8300 = CARTESIAN_POINT('', (45., 23., 48.5));
#8301 = DIRECTION('', (0., -0., 1.));
#8302 = AXIS2_PLACEMENT_3D('', #8300, #8301, $);
#8303 = PLANE('', #8302);
#8304 = CARTESIAN_POINT('', (15., 23., 44.5));
#8305 = DIRECTION('', (0., -0., 1.));
#8306 = DIRECTION('', (1., 0., 0.));
#8307 = AXIS2_PLACEMENT_3D('', #8304, #8305, #8306);
#8308 = CYLINDRICAL_SURFACE('', #8307, 5.);
#8309 = CARTESIAN_POINT('', (15., 23., 40.5));
#8310 = DIRECTION('', (0., -0., 1.));
#8311 = AXIS2_PLACEMENT_3D('', #8309, #8310, $);
#8312 = PLANE('', #8311);
#8313 = CARTESIAN_POINT('', (15., 23., 48.5));
#8314 = DIRECTION('', (0., -0., 1.));
#8315 = AXIS2_PLACEMENT_3D('', #8313, #8314, $);
#8316 = PLANE('', #8315);
#8317 = CARTESIAN_POINT('', (5., 55., 20.5));
#8318 = DIRECTION('', (0., -0., 1.));
#8319 = DIRECTION('', (1., 0., 0.));
#8320 = AXIS2_PLACEMENT_3D('', #8317, #8318, #8319);
#8321 = CYLINDRICAL_SURFACE('', #8320, 3.);
#8322 = CARTESIAN_POINT('', (5., 55., 3.5));
#8323 = DIRECTION('', (0., -0., 1.));
#8324 = AXIS2_PLACEMENT_3D('', #8322, #8323, $);
#8325 = PLANE('', #8324);
#8326 = CARTESIAN_POINT('', (5., 55., 37.5));
#8327 = DIRECTION('', (0., -0., 1.));
#8328 = AXIS2_PLACEMENT_3D('', #8326, #8327, $);
#8329 = PLANE('', #8328);
#8330 = CARTESIAN_POINT('', (55., 15., 20.5));
#8331 = DIRECTION('', (-0., -0., 1.));
#8332 = DIRECTION('', (1., -0., 0.));
#8333 = AXIS2_PLACEMENT_3D('', #8330, #8331, #8332);
#8334 = CYLINDRICAL_SURFACE('', #8333, 3.);
#8335 = CARTESIAN_POINT('', (55., 15., 3.5));
#8336 = DIRECTION('', (0., -0., 1.));
#8337 = AXIS2_PLACEMENT_3D('', #8335, #8336, $);
#8338 = PLANE('', #8337);
#8339 = CARTESIAN_POINT('', (55., 15., 37.5));
#8340 = DIRECTION('', (0., -0., 1.));
#8341 = AXIS2_PLACEMENT_3D('', #8339, #8340, $);
#8342 = PLANE('', #8341);
#8343 = CARTESIAN_POINT('', (5., 15., 20.5));
#8344 = DIRECTION('', (0., -0., 1.));
#8345 = DIRECTION('', (1., 0., 0.));
#8346 = AXIS2_PLACEMENT_3D('', #8343, #8344, #8345);
#8347 = CYLINDRICAL_SURFACE('', #8346, 3.);
#8348 = CARTESIAN_POINT('', (5., 15., 3.5));
#8349 = DIRECTION('', (0., -0., 1.));
#8350 = AXIS2_PLACEMENT_3D('', #8348, #8349, $);
#8351 = PLANE('', #8350);
#8352 = CARTESIAN_POINT('', (5., 15., 37.5));
#8353 = DIRECTION('', (0., -0., 1.));
#8354 = AXIS2_PLACEMENT_3D('', #8352, #8353, $);
#8355 = PLANE('', #8354);
#8356 = CARTESIAN_POINT('', (-70., 28., -33.5));
#8357 = DIRECTION('', (0., -0., 1.));
#8358 = DIRECTION('', (1., 0., 0.));
#8359 = AXIS2_PLACEMENT_3D('', #8356, #8357, #8358);
#8360 = CYLINDRICAL_SURFACE('', #8359, 4.);
#8361 = CARTESIAN_POINT('', (-70., 28., -65.));
#8362 = DIRECTION('', (0., -0., 1.));
#8363 = AXIS2_PLACEMENT_3D('', #8361, #8362, $);
#8364 = PLANE('', #8363);
#8365 = CARTESIAN_POINT('', (-70., 28., -2.));
#8366 = DIRECTION('', (0., -0., 1.));
#8367 = AXIS2_PLACEMENT_3D('', #8365, #8366, $);
#8368 = PLANE('', #8367);
#8369 = CARTESIAN_POINT('', (70., -28., -33.5));
#8370 = DIRECTION('', (0., -0., 1.));
#8371 = DIRECTION('', (1., 0., 0.));
#8372 = AXIS2_PLACEMENT_3D('', #8369, #8370, #8371);
#8373 = CYLINDRICAL_SURFACE('', #8372, 4.);
#8374 = CARTESIAN_POINT('', (70., -28., -65.));
#8375 = DIRECTION('', (0., -0., 1.));
#8376 = AXIS2_PLACEMENT_3D('', #8374, #8375, $);
#8377 = PLANE('', #8376);
#8378 = CARTESIAN_POINT('', (70., -28., -2.));
#8379 = DIRECTION('', (0., -0., 1.));
#8380 = AXIS2_PLACEMENT_3D('', #8378, #8379, $);
#8381 = PLANE('', #8380);
#8382 = CARTESIAN_POINT('', (70., 28., -33.5));
#8383 = DIRECTION('', (0., -0., 1.));
#8384 = DIRECTION('', (1., 0., 0.));
#8385 = AXIS2_PLACEMENT_3D('', #8382, #8383, #8384);
#8386 = CYLINDRICAL_SURFACE('', #8385, 4.);
#8387 = CARTESIAN_POINT('', (70., 28., -65.));
#8388 = DIRECTION('', (0., -0., 1.));
#8389 = AXIS2_PLACEMENT_3D('', #8387, #8388, $);
#8390 = PLANE('', #8389);
#8391 = CARTESIAN_POINT('', (70., 28., -2.));
#8392 = DIRECTION('', (0., -0., 1.));
#8393 = AXIS2_PLACEMENT_3D('', #8391, #8392, $);
#8394 = PLANE('', #8393);
#8395 = CARTESIAN_POINT('', (0., -0., 274.));
#8396 = DIRECTION('', (0., -0., 1.));
#8397 = DIRECTION('', (1., 0., 0.));
#8398 = AXIS2_PLACEMENT_3D('', #8395, #8396, #8397);
#8399 = CYLINDRICAL_SURFACE('', #8398, 6.);
#8400 = CARTESIAN_POINT('', (0., 0., 269.));
#8401 = DIRECTION('', (0., -0., 1.));
#8402 = AXIS2_PLACEMENT_3D('', #8400, #8401, $);
#8403 = PLANE('', #8402);
#8404 = CARTESIAN_POINT('', (0., 0., 279.));
#8405 = DIRECTION('', (0., -0., 1.));
#8406 = AXIS2_PLACEMENT_3D('', #8404, #8405, $);
#8407 = PLANE('', #8406);
#8408 = CARTESIAN_POINT('', (217.60452167, 90.13474411, -140.));
#8409 = DIRECTION('', (0., -0., 1.));
#8410 = DIRECTION('', (0.92387953, 0.38268343, 0.));
#8411 = AXIS2_PLACEMENT_3D('', #8408, #8409, #8410);
#8412 = CYLINDRICAL_SURFACE('', #8411, 6.);
#8413 = CARTESIAN_POINT('', (217.60452167, 90.13474411, -145.));
#8414 = DIRECTION('', (0., -0., 1.));
#8415 = AXIS2_PLACEMENT_3D('', #8413, #8414, $);
#8416 = PLANE('', #8415);
#8417 = CARTESIAN_POINT('', (217.60452167, 90.13474411, -135.));
#8418 = DIRECTION('', (0., -0., 1.));
#8419 = AXIS2_PLACEMENT_3D('', #8417, #8418, $);
#8420 = PLANE('', #8419);
#8421 = CARTESIAN_POINT('', (90.13474411, 217.60452167, -140.));
#8422 = DIRECTION('', (0., -0., 1.));
#8423 = DIRECTION('', (0.38268343, 0.92387953, 0.));
#8424 = AXIS2_PLACEMENT_3D('', #8421, #8422, #8423);
#8425 = CYLINDRICAL_SURFACE('', #8424, 6.);
#8426 = CARTESIAN_POINT('', (90.13474411, 217.60452167, -145.));
#8427 = DIRECTION('', (0., -0., 1.));
#8428 = AXIS2_PLACEMENT_3D('', #8426, #8427, $);
#8429 = PLANE('', #8428);
#8430 = CARTESIAN_POINT('', (90.13474411, 217.60452167, -135.));
#8431 = DIRECTION('', (0., -0., 1.));
#8432 = AXIS2_PLACEMENT_3D('', #8430, #8431, $);
#8433 = PLANE('', #8432);
#8434 = CARTESIAN_POINT('', (-90.13474411, 217.60452167, -140.));
#8435 = DIRECTION('', (0., -0., 1.));
#8436 = DIRECTION('', (-0.38268343, 0.92387953, 0.));
#8437 = AXIS2_PLACEMENT_3D('', #8434, #8435, #8436);
#8438 = CYLINDRICAL_SURFACE('', #8437, 6.);
#8439 = CARTESIAN_POINT('', (-90.13474411, 217.60452167, -145.));
#8440 = DIRECTION('', (0., -0., 1.));
#8441 = AXIS2_PLACEMENT_3D('', #8439, #8440, $);
#8442 = PLANE('', #8441);
#8443 = CARTESIAN_POINT('', (-90.13474411, 217.60452167, -135.));
#8444 = DIRECTION('', (0., -0., 1.));
#8445 = AXIS2_PLACEMENT_3D('', #8443, #8444, $);
#8446 = PLANE('', #8445);
#8447 = CARTESIAN_POINT('', (-217.60452167, 90.13474411, -140.));
#8448 = DIRECTION('', (0., -0., 1.));
#8449 = DIRECTION('', (-0.92387953, 0.38268343, 0.));
#8450 = AXIS2_PLACEMENT_3D('', #8447, #8448, #8449);
#8451 = CYLINDRICAL_SURFACE('', #8450, 6.);
#8452 = CARTESIAN_POINT('', (-217.60452167, 90.13474411, -145.));
#8453 = DIRECTION('', (0., -0., 1.));
#8454 = AXIS2_PLACEMENT_3D('', #8452, #8453, $);
#8455 = PLANE('', #8454);
#8456 = CARTESIAN_POINT('', (-217.60452167, 90.13474411, -135.));
#8457 = DIRECTION('', (0., -0., 1.));
#8458 = AXIS2_PLACEMENT_3D('', #8456, #8457, $);
#8459 = PLANE('', #8458);
#8460 = CARTESIAN_POINT('', (-217.60452167, -90.13474411, -140.));
#8461 = DIRECTION('', (0., 0., 1.));
#8462 = DIRECTION('', (-0.92387953, -0.38268343, 0.));
#8463 = AXIS2_PLACEMENT_3D('', #8460, #8461, #8462);
#8464 = CYLINDRICAL_SURFACE('', #8463, 6.);
#8465 = CARTESIAN_POINT('', (-217.60452167, -90.13474411, -145.));
#8466 = DIRECTION('', (0., 0., 1.));
#8467 = AXIS2_PLACEMENT_3D('', #8465, #8466, $);
#8468 = PLANE('', #8467);
#8469 = CARTESIAN_POINT('', (-217.60452167, -90.13474411, -135.));
#8470 = DIRECTION('', (0., 0., 1.));
#8471 = AXIS2_PLACEMENT_3D('', #8469, #8470, $);
#8472 = PLANE('', #8471);
#8473 = CARTESIAN_POINT('', (-90.13474411, -217.60452167, -140.));
#8474 = DIRECTION('', (0., 0., 1.));
#8475 = DIRECTION('', (-0.38268343, -0.92387953, 0.));
#8476 = AXIS2_PLACEMENT_3D('', #8473, #8474, #8475);
#8477 = CYLINDRICAL_SURFACE('', #8476, 6.);
#8478 = CARTESIAN_POINT('', (-90.13474411, -217.60452167, -145.));
#8479 = DIRECTION('', (0., 0., 1.));
#8480 = AXIS2_PLACEMENT_3D('', #8478, #8479, $);
#8481 = PLANE('', #8480);
#8482 = CARTESIAN_POINT('', (-90.13474411, -217.60452167, -135.));
#8483 = DIRECTION('', (0., 0., 1.));
#8484 = AXIS2_PLACEMENT_3D('', #8482, #8483, $);
#8485 = PLANE('', #8484);
#8486 = CARTESIAN_POINT('', (90.13474411, -217.60452167, -140.));
#8487 = DIRECTION('', (-0., -0., 1.));
#8488 = DIRECTION('', (0.38268343, -0.92387953, 0.));
#8489 = AXIS2_PLACEMENT_3D('', #8486, #8487, #8488);
#8490 = CYLINDRICAL_SURFACE('', #8489, 6.);
#8491 = CARTESIAN_POINT('', (90.13474411, -217.60452167, -145.));
#8492 = DIRECTION('', (-0., -0., 1.));
#8493 = AXIS2_PLACEMENT_3D('', #8491, #8492, $);
#8494 = PLANE('', #8493);
#8495 = CARTESIAN_POINT('', (90.13474411, -217.60452167, -135.));
#8496 = DIRECTION('', (-0., -0., 1.));
#8497 = AXIS2_PLACEMENT_3D('', #8495, #8496, $);
#8498 = PLANE('', #8497);
#8499 = CARTESIAN_POINT('', (217.60452167, -90.13474411, -140.));
#8500 = DIRECTION('', (-0., -0., 1.));
#8501 = DIRECTION('', (0.92387953, -0.38268343, 0.));
#8502 = AXIS2_PLACEMENT_3D('', #8499, #8500, #8501);
#8503 = CYLINDRICAL_SURFACE('', #8502, 6.);
#8504 = CARTESIAN_POINT('', (217.60452167, -90.13474411, -145.));
#8505 = DIRECTION('', (-0., -0., 1.));
#8506 = AXIS2_PLACEMENT_3D('', #8504, #8505, $);
#8507 = PLANE('', #8506);
#8508 = CARTESIAN_POINT('', (217.60452167, -90.13474411, -135.));
#8509 = DIRECTION('', (-0., -0., 1.));
#8510 = AXIS2_PLACEMENT_3D('', #8508, #8509, $);
#8511 = PLANE('', #8510);
#8512 = CARTESIAN_POINT('', (253.14299191, 104.85526047, 0.));
#8513 = DIRECTION('', (0., -0., 1.));
#8514 = DIRECTION('', (0.92387953, 0.38268343, 0.));
#8515 = AXIS2_PLACEMENT_3D('', #8512, #8513, #8514);
#8516 = CYLINDRICAL_SURFACE('', #8515, 6.);
#8517 = CARTESIAN_POINT('', (253.14299191, 104.85526047, -5.));
#8518 = DIRECTION('', (0., -0., 1.));
#8519 = AXIS2_PLACEMENT_3D('', #8517, #8518, $);
#8520 = PLANE('', #8519);
#8521 = CARTESIAN_POINT('', (253.14299191, 104.85526047, 5.));
#8522 = DIRECTION('', (0., -0., 1.));
#8523 = AXIS2_PLACEMENT_3D('', #8521, #8522, $);
#8524 = PLANE('', #8523);
#8525 = CARTESIAN_POINT('', (104.85526047, 253.14299191, 0.));
#8526 = DIRECTION('', (0., -0., 1.));
#8527 = DIRECTION('', (0.38268343, 0.92387953, 0.));
#8528 = AXIS2_PLACEMENT_3D('', #8525, #8526, #8527);
#8529 = CYLINDRICAL_SURFACE('', #8528, 6.);
#8530 = CARTESIAN_POINT('', (104.85526047, 253.14299191, -5.));
#8531 = DIRECTION('', (0., -0., 1.));
#8532 = AXIS2_PLACEMENT_3D('', #8530, #8531, $);
#8533 = PLANE('', #8532);
#8534 = CARTESIAN_POINT('', (104.85526047, 253.14299191, 5.));
#8535 = DIRECTION('', (0., -0., 1.));
#8536 = AXIS2_PLACEMENT_3D('', #8534, #8535, $);
#8537 = PLANE('', #8536);
#8538 = CARTESIAN_POINT('', (-104.85526047, 253.14299191, 0.));
#8539 = DIRECTION('', (0., -0., 1.));
#8540 = DIRECTION('', (-0.38268343, 0.92387953, 0.));
#8541 = AXIS2_PLACEMENT_3D('', #8538, #8539, #8540);
#8542 = CYLINDRICAL_SURFACE('', #8541, 6.);
#8543 = CARTESIAN_POINT('', (-104.85526047, 253.14299191, -5.));
#8544 = DIRECTION('', (0., -0., 1.));
#8545 = AXIS2_PLACEMENT_3D('', #8543, #8544, $);
#8546 = PLANE('', #8545);
#8547 = CARTESIAN_POINT('', (-104.85526047, 253.14299191, 5.));
#8548 = DIRECTION('', (0., -0., 1.));
#8549 = AXIS2_PLACEMENT_3D('', #8547, #8548, $);
#8550 = PLANE('', #8549);
#8551 = CARTESIAN_POINT('', (-253.14299191, 104.85526047, 0.));
#8552 = DIRECTION('', (0., -0., 1.));
#8553 = DIRECTION('', (-0.92387953, 0.38268343, 0.));
#8554 = AXIS2_PLACEMENT_3D('', #8551, #8552, #8553);
#8555 = CYLINDRICAL_SURFACE('', #8554, 6.);
#8556 = CARTESIAN_POINT('', (-253.14299191, 104.85526047, -5.));
#8557 = DIRECTION('', (0., -0., 1.));
#8558 = AXIS2_PLACEMENT_3D('', #8556, #8557, $);
#8559 = PLANE('', #8558);
#8560 = CARTESIAN_POINT('', (-253.14299191, 104.85526047, 5.));
#8561 = DIRECTION('', (0., -0., 1.));
#8562 = AXIS2_PLACEMENT_3D('', #8560, #8561, $);
#8563 = PLANE('', #8562);
#8564 = CARTESIAN_POINT('', (-253.14299191, -104.85526047, 0.));
#8565 = DIRECTION('', (0., 0., 1.));
#8566 = DIRECTION('', (-0.92387953, -0.38268343, 0.));
#8567 = AXIS2_PLACEMENT_3D('', #8564, #8565, #8566);
#8568 = CYLINDRICAL_SURFACE('', #8567, 6.);
#8569 = CARTESIAN_POINT('', (-253.14299191, -104.85526047, -5.));
#8570 = DIRECTION('', (0., 0., 1.));
#8571 = AXIS2_PLACEMENT_3D('', #8569, #8570, $);
#8572 = PLANE('', #8571);
#8573 = CARTESIAN_POINT('', (-253.14299191, -104.85526047, 5.));
#8574 = DIRECTION('', (0., 0., 1.));
#8575 = AXIS2_PLACEMENT_3D('', #8573, #8574, $);
#8576 = PLANE('', #8575);
#8577 = CARTESIAN_POINT('', (-104.85526047, -253.14299191, 0.));
#8578 = DIRECTION('', (0., 0., 1.));
#8579 = DIRECTION('', (-0.38268343, -0.92387953, 0.));
#8580 = AXIS2_PLACEMENT_3D('', #8577, #8578, #8579);
#8581 = CYLINDRICAL_SURFACE('', #8580, 6.);
#8582 = CARTESIAN_POINT('', (-104.85526047, -253.14299191, -5.));
#8583 = DIRECTION('', (0., 0., 1.));
#8584 = AXIS2_PLACEMENT_3D('', #8582, #8583, $);
#8585 = PLANE('', #8584);
#8586 = CARTESIAN_POINT('', (-104.85526047, -253.14299191, 5.));
#8587 = DIRECTION('', (0., 0., 1.));
#8588 = AXIS2_PLACEMENT_3D('', #8586, #8587, $);
#8589 = PLANE('', #8588);
#8590 = CARTESIAN_POINT('', (104.85526047, -253.14299191, 0.));
#8591 = DIRECTION('', (-0., -0., 1.));
#8592 = DIRECTION('', (0.38268343, -0.92387953, 0.));
#8593 = AXIS2_PLACEMENT_3D('', #8590, #8591, #8592);
#8594 = CYLINDRICAL_SURFACE('', #8593, 6.);
#8595 = CARTESIAN_POINT('', (104.85526047, -253.14299191, -5.));
#8596 = DIRECTION('', (-0., -0., 1.));
#8597 = AXIS2_PLACEMENT_3D('', #8595, #8596, $);
#8598 = PLANE('', #8597);
#8599 = CARTESIAN_POINT('', (104.85526047, -253.14299191, 5.));
#8600 = DIRECTION('', (-0., -0., 1.));
#8601 = AXIS2_PLACEMENT_3D('', #8599, #8600, $);
#8602 = PLANE('', #8601);
#8603 = CARTESIAN_POINT('', (253.14299191, -104.85526047, 0.));
#8604 = DIRECTION('', (-0., -0., 1.));
#8605 = DIRECTION('', (0.92387953, -0.38268343, 0.));
#8606 = AXIS2_PLACEMENT_3D('', #8603, #8604, #8605);
#8607 = CYLINDRICAL_SURFACE('', #8606, 6.);
#8608 = CARTESIAN_POINT('', (253.14299191, -104.85526047, -5.));
#8609 = DIRECTION('', (-0., -0., 1.));
#8610 = AXIS2_PLACEMENT_3D('', #8608, #8609, $);
#8611 = PLANE('', #8610);
#8612 = CARTESIAN_POINT('', (253.14299191, -104.85526047, 5.));
#8613 = DIRECTION('', (-0., -0., 1.));
#8614 = AXIS2_PLACEMENT_3D('', #8612, #8613, $);
#8615 = PLANE('', #8614);
#8616 = CARTESIAN_POINT('', (222.83698546, 92.30210158, 130.));
#8617 = DIRECTION('', (0., -0., 1.));
#8618 = DIRECTION('', (0.92387953, 0.38268343, 0.));
#8619 = AXIS2_PLACEMENT_3D('', #8616, #8617, #8618);
#8620 = CYLINDRICAL_SURFACE('', #8619, 6.);
#8621 = CARTESIAN_POINT('', (222.83698546, 92.30210158, 125.));
#8622 = DIRECTION('', (0., -0., 1.));
#8623 = AXIS2_PLACEMENT_3D('', #8621, #8622, $);
#8624 = PLANE('', #8623);
#8625 = CARTESIAN_POINT('', (222.83698546, 92.30210158, 135.));
#8626 = DIRECTION('', (0., -0., 1.));
#8627 = AXIS2_PLACEMENT_3D('', #8625, #8626, $);
#8628 = PLANE('', #8627);
#8629 = CARTESIAN_POINT('', (92.30210158, 222.83698546, 130.));
#8630 = DIRECTION('', (0., -0., 1.));
#8631 = DIRECTION('', (0.38268343, 0.92387953, 0.));
#8632 = AXIS2_PLACEMENT_3D('', #8629, #8630, #8631);
#8633 = CYLINDRICAL_SURFACE('', #8632, 6.);
#8634 = CARTESIAN_POINT('', (92.30210158, 222.83698546, 125.));
#8635 = DIRECTION('', (0., -0., 1.));
#8636 = AXIS2_PLACEMENT_3D('', #8634, #8635, $);
#8637 = PLANE('', #8636);
#8638 = CARTESIAN_POINT('', (92.30210158, 222.83698546, 135.));
#8639 = DIRECTION('', (0., -0., 1.));
#8640 = AXIS2_PLACEMENT_3D('', #8638, #8639, $);
#8641 = PLANE('', #8640);
#8642 = CARTESIAN_POINT('', (-92.30210158, 222.83698546, 130.));
#8643 = DIRECTION('', (0., -0., 1.));
#8644 = DIRECTION('', (-0.38268343, 0.92387953, 0.));
#8645 = AXIS2_PLACEMENT_3D('', #8642, #8643, #8644);
#8646 = CYLINDRICAL_SURFACE('', #8645, 6.);
#8647 = CARTESIAN_POINT('', (-92.30210158, 222.83698546, 125.));
#8648 = DIRECTION('', (0., -0., 1.));
#8649 = AXIS2_PLACEMENT_3D('', #8647, #8648, $);
#8650 = PLANE('', #8649);
#8651 = CARTESIAN_POINT('', (-92.30210158, 222.83698546, 135.));
#8652 = DIRECTION('', (0., -0., 1.));
#8653 = AXIS2_PLACEMENT_3D('', #8651, #8652, $);
#8654 = PLANE('', #8653);
#8655 = CARTESIAN_POINT('', (-222.83698546, 92.30210158, 130.));
#8656 = DIRECTION('', (0., -0., 1.));
#8657 = DIRECTION('', (-0.92387953, 0.38268343, 0.));
#8658 = AXIS2_PLACEMENT_3D('', #8655, #8656, #8657);
#8659 = CYLINDRICAL_SURFACE('', #8658, 6.);
#8660 = CARTESIAN_POINT('', (-222.83698546, 92.30210158, 125.));
#8661 = DIRECTION('', (0., -0., 1.));
#8662 = AXIS2_PLACEMENT_3D('', #8660, #8661, $);
#8663 = PLANE('', #8662);
#8664 = CARTESIAN_POINT('', (-222.83698546, 92.30210158, 135.));
#8665 = DIRECTION('', (0., -0., 1.));
#8666 = AXIS2_PLACEMENT_3D('', #8664, #8665, $);
#8667 = PLANE('', #8666);
#8668 = CARTESIAN_POINT('', (-222.83698546, -92.30210158, 130.));
#8669 = DIRECTION('', (0., 0., 1.));
#8670 = DIRECTION('', (-0.92387953, -0.38268343, 0.));
#8671 = AXIS2_PLACEMENT_3D('', #8668, #8669, #8670);
#8672 = CYLINDRICAL_SURFACE('', #8671, 6.);
#8673 = CARTESIAN_POINT('', (-222.83698546, -92.30210158, 125.));
#8674 = DIRECTION('', (0., 0., 1.));
#8675 = AXIS2_PLACEMENT_3D('', #8673, #8674, $);
#8676 = PLANE('', #8675);
#8677 = CARTESIAN_POINT('', (-222.83698546, -92.30210158, 135.));
#8678 = DIRECTION('', (0., 0., 1.));
#8679 = AXIS2_PLACEMENT_3D('', #8677, #8678, $);
#8680 = PLANE('', #8679);
#8681 = CARTESIAN_POINT('', (-92.30210158, -222.83698546, 130.));
#8682 = DIRECTION('', (0., 0., 1.));
#8683 = DIRECTION('', (-0.38268343, -0.92387953, 0.));
#8684 = AXIS2_PLACEMENT_3D('', #8681, #8682, #8683);
#8685 = CYLINDRICAL_SURFACE('', #8684, 6.);
#8686 = CARTESIAN_POINT('', (-92.30210158, -222.83698546, 125.));
#8687 = DIRECTION('', (0., 0., 1.));
#8688 = AXIS2_PLACEMENT_3D('', #8686, #8687, $);
#8689 = PLANE('', #8688);
#8690 = CARTESIAN_POINT('', (-92.30210158, -222.83698546, 135.));
#8691 = DIRECTION('', (0., 0., 1.));
#8692 = AXIS2_PLACEMENT_3D('', #8690, #8691, $);
#8693 = PLANE('', #8692);
#8694 = CARTESIAN_POINT('', (92.30210158, -222.83698546, 130.));
#8695 = DIRECTION('', (-0., -0., 1.));
#8696 = DIRECTION('', (0.38268343, -0.92387953, 0.));
#8697 = AXIS2_PLACEMENT_3D('', #8694, #8695, #8696);
#8698 = CYLINDRICAL_SURFACE('', #8697, 6.);
#8699 = CARTESIAN_POINT('', (92.30210158, -222.83698546, 125.));
#8700 = DIRECTION('', (-0., -0., 1.));
#8701 = AXIS2_PLACEMENT_3D('', #8699, #8700, $);
#8702 = PLANE('', #8701);
#8703 = CARTESIAN_POINT('', (92.30210158, -222.83698546, 135.));
#8704 = DIRECTION('', (-0., -0., 1.));
#8705 = AXIS2_PLACEMENT_3D('', #8703, #8704, $);
#8706 = PLANE('', #8705);
#8707 = CARTESIAN_POINT('', (222.83698546, -92.30210158, 130.));
#8708 = DIRECTION('', (-0., -0., 1.));
#8709 = DIRECTION('', (0.92387953, -0.38268343, 0.));
#8710 = AXIS2_PLACEMENT_3D('', #8707, #8708, #8709);
#8711 = CYLINDRICAL_SURFACE('', #8710, 6.);
#8712 = CARTESIAN_POINT('', (222.83698546, -92.30210158, 125.));
#8713 = DIRECTION('', (-0., -0., 1.));
#8714 = AXIS2_PLACEMENT_3D('', #8712, #8713, $);
#8715 = PLANE('', #8714);
#8716 = CARTESIAN_POINT('', (222.83698546, -92.30210158, 135.));
#8717 = DIRECTION('', (-0., -0., 1.));
#8718 = AXIS2_PLACEMENT_3D('', #8716, #8717, $);
#8719 = PLANE('', #8718);
#8720 = CARTESIAN_POINT('', (45., 47., 44.5));
#8721 = DIRECTION('', (-0., -0., 1.));
#8722 = DIRECTION('', (1., -0., 0.));
#8723 = AXIS2_PLACEMENT_3D('', #8720, #8721, #8722);
#8724 = CYLINDRICAL_SURFACE('', #8723, 5.);
#8725 = CARTESIAN_POINT('', (45., 47., 40.5));
#8726 = DIRECTION('', (0., -0., 1.));
#8727 = AXIS2_PLACEMENT_3D('', #8725, #8726, $);
#8728 = PLANE('', #8727);
#8729 = CARTESIAN_POINT('', (45., 47., 48.5));
#8730 = DIRECTION('', (0., -0., 1.));
#8731 = AXIS2_PLACEMENT_3D('', #8729, #8730, $);
#8732 = PLANE('', #8731);
#8733 = CARTESIAN_POINT('', (60., 35., 39.));
#8734 = DIRECTION('', (1., -0., 0.));
#8735 = AXIS2_PLACEMENT_3D('', #8733, #8734, $);
#8736 = PLANE('', #8735);
#8737 = CARTESIAN_POINT('', (30., 60., 39.));
#8738 = DIRECTION('', (0., 1., -0.));
#8739 = AXIS2_PLACEMENT_3D('', #8737, #8738, $);
#8740 = PLANE('', #8739);
#8741 = CARTESIAN_POINT('', (0., 35., 39.));
#8742 = DIRECTION('', (-1., -0., 0.));
#8743 = AXIS2_PLACEMENT_3D('', #8741, #8742, $);
#8744 = PLANE('', #8743);
#8745 = CARTESIAN_POINT('', (30., 10., 39.));
#8746 = DIRECTION('', (0., -1., 0.));
#8747 = AXIS2_PLACEMENT_3D('', #8745, #8746, $);
#8748 = PLANE('', #8747);
#8749 = CARTESIAN_POINT('', (30., 35., 37.5));
#8750 = DIRECTION('', (0., -0., 1.));
#8751 = AXIS2_PLACEMENT_3D('', #8749, #8750, $);
#8752 = PLANE('', #8751);
#8753 = CARTESIAN_POINT('', (30., 35., 40.5));
#8754 = DIRECTION('', (0., -0., 1.));
#8755 = AXIS2_PLACEMENT_3D('', #8753, #8754, $);
#8756 = PLANE('', #8755);
#8757 = CARTESIAN_POINT('', (0., 0., 198.));
#8758 = DIRECTION('', (-0., -0., 1.));
#8759 = DIRECTION('', (1., -0., 0.));
#8760 = AXIS2_PLACEMENT_3D('', #8757, #8758, #8759);
#8761 = CYLINDRICAL_SURFACE('', #8760, 2.);
#8762 = CARTESIAN_POINT('', (0., 0., 122.));
#8763 = DIRECTION('', (0., -0., 1.));
#8764 = AXIS2_PLACEMENT_3D('', #8762, #8763, $);
#8765 = PLANE('', #8764);
#8766 = CARTESIAN_POINT('', (0., 0., 274.));
#8767 = DIRECTION('', (0., -0., 1.));
#8768 = AXIS2_PLACEMENT_3D('', #8766, #8767, $);
#8769 = PLANE('', #8768);
#8770 = CARTESIAN_POINT('', (45.00013778, -45.00013778, 121.));
#8771 = DIRECTION('', (0.70710678, -0.70710678, 0.));
#8772 = AXIS2_PLACEMENT_3D('', #8770, #8771, $);
#8773 = PLANE('', #8772);
#8774 = CARTESIAN_POINT('', (25.32842712, -19.67157288, 121.));
#8775 = DIRECTION('', (0.70710678, 0.70710678, -0.));
#8776 = AXIS2_PLACEMENT_3D('', #8774, #8775, $);
#8777 = PLANE('', #8776);
#8778 = CARTESIAN_POINT('', (-0.00013778, 0.00013778, 121.));
#8779 = DIRECTION('', (-0.70710678, 0.70710678, 0.));
#8780 = AXIS2_PLACEMENT_3D('', #8778, #8779, $);
#8781 = PLANE('', #8780);
#8782 = CARTESIAN_POINT('', (19.67157288, -25.32842712, 121.));
#8783 = DIRECTION('', (-0.70710678, -0.70710678, 0.));
#8784 = AXIS2_PLACEMENT_3D('', #8782, #8783, $);
#8785 = PLANE('', #8784);
#8786 = CARTESIAN_POINT('', (22.5, -22.5, 118.));
#8787 = DIRECTION('', (-0., -0., 1.));
#8788 = AXIS2_PLACEMENT_3D('', #8786, #8787, $);
#8789 = PLANE('', #8788);
#8790 = CARTESIAN_POINT('', (22.5, -22.5, 124.));
#8791 = DIRECTION('', (-0., -0., 1.));
#8792 = AXIS2_PLACEMENT_3D('', #8790, #8791, $);
#8793 = PLANE('', #8792);
#8794 = CARTESIAN_POINT('', (55., 55., 20.5));
#8795 = DIRECTION('', (-0., -0., 1.));
#8796 = DIRECTION('', (1., -0., 0.));
#8797 = AXIS2_PLACEMENT_3D('', #8794, #8795, #8796);
#8798 = CYLINDRICAL_SURFACE('', #8797, 3.);
#8799 = CARTESIAN_POINT('', (55., 55., 3.5));
#8800 = DIRECTION('', (0., -0., 1.));
#8801 = AXIS2_PLACEMENT_3D('', #8799, #8800, $);
#8802 = PLANE('', #8801);
#8803 = CARTESIAN_POINT('', (55., 55., 37.5));
#8804 = DIRECTION('', (0., -0., 1.));
#8805 = AXIS2_PLACEMENT_3D('', #8803, #8804, $);
#8806 = PLANE('', #8805);
#8807 = CARTESIAN_POINT('', (105., 50., 15.));
#8808 = DIRECTION('', (-0., 1., 0.));
#8809 = AXIS2_PLACEMENT_3D('', #8807, #8808, $);
#8810 = PLANE('', #8809);
#8811 = CARTESIAN_POINT('', (105., 0., 35.));
#8812 = DIRECTION('', (-0., -0., 1.));
#8813 = AXIS2_PLACEMENT_3D('', #8811, #8812, $);
#8814 = PLANE('', #8813);
#8815 = CARTESIAN_POINT('', (105., -50., 15.));
#8816 = DIRECTION('', (0., -1., 0.));
#8817 = AXIS2_PLACEMENT_3D('', #8815, #8816, $);
#8818 = PLANE('', #8817);
#8819 = CARTESIAN_POINT('', (105., 0., -5.));
#8820 = DIRECTION('', (0., -0., -1.));
#8821 = AXIS2_PLACEMENT_3D('', #8819, #8820, $);
#8822 = PLANE('', #8821);
#8823 = CARTESIAN_POINT('', (103.5, 0., 15.));
#8824 = DIRECTION('', (1., -0., 0.));
#8825 = AXIS2_PLACEMENT_3D('', #8823, #8824, $);
#8826 = PLANE('', #8825);
#8827 = CARTESIAN_POINT('', (106.5, 0., 15.));
#8828 = DIRECTION('', (1., -0., 0.));
#8829 = AXIS2_PLACEMENT_3D('', #8827, #8828, $);
#8830 = PLANE('', #8829);
#8831 = CARTESIAN_POINT('', (105., -35., 0.));
#8832 = DIRECTION('', (1., -0., 0.));
#8833 = AXIS2_PLACEMENT_3D('', #8831, #8832, $);
#8834 = PLANE('', #8833);
#8835 = CARTESIAN_POINT('', (75., -29., 0.));
#8836 = DIRECTION('', (0., 1., -0.));
#8837 = AXIS2_PLACEMENT_3D('', #8835, #8836, $);
#8838 = PLANE('', #8837);
#8839 = CARTESIAN_POINT('', (45., -35., 0.));
#8840 = DIRECTION('', (-1., -0., 0.));
#8841 = AXIS2_PLACEMENT_3D('', #8839, #8840, $);
#8842 = PLANE('', #8841);
#8843 = CARTESIAN_POINT('', (75., -41., 0.));
#8844 = DIRECTION('', (0., -1., 0.));
#8845 = AXIS2_PLACEMENT_3D('', #8843, #8844, $);
#8846 = PLANE('', #8845);
#8847 = CARTESIAN_POINT('', (75., -35., -2.));
#8848 = DIRECTION('', (0., -0., 1.));
#8849 = AXIS2_PLACEMENT_3D('', #8847, #8848, $);
#8850 = PLANE('', #8849);
#8851 = CARTESIAN_POINT('', (75., -35., 2.));
#8852 = DIRECTION('', (0., -0., 1.));
#8853 = AXIS2_PLACEMENT_3D('', #8851, #8852, $);
#8854 = PLANE('', #8853);
#8855 = CARTESIAN_POINT('', (109.24799769, 109.24799769, 38.5));
#8856 = DIRECTION('', (0., -0., 1.));
#8857 = DIRECTION('', (1., 0., 0.));
#8858 = AXIS2_PLACEMENT_3D('', #8855, #8856, #8857);
#8859 = CYLINDRICAL_SURFACE('', #8858, 101.6);
#8860 = CARTESIAN_POINT('', (109.24799769, 109.24799769, 38.));
#8861 = DIRECTION('', (0., -0., 1.));
#8862 = AXIS2_PLACEMENT_3D('', #8860, #8861, $);
#8863 = PLANE('', #8862);
#8864 = CARTESIAN_POINT('', (109.24799769, 109.24799769, 39.));
#8865 = DIRECTION('', (0., -0., 1.));
#8866 = AXIS2_PLACEMENT_3D('', #8864, #8865, $);
#8867 = PLANE('', #8866);
#8868 = CARTESIAN_POINT('', (-109.24799769, 109.24799769, 38.5));
#8869 = DIRECTION('', (0., -0., 1.));
#8870 = DIRECTION('', (0., 1., 0.));
#8871 = AXIS2_PLACEMENT_3D('', #8868, #8869, #8870);
#8872 = CYLINDRICAL_SURFACE('', #8871, 101.6);
#8873 = CARTESIAN_POINT('', (-109.24799769, 109.24799769, 38.));
#8874 = DIRECTION('', (0., -0., 1.));
#8875 = AXIS2_PLACEMENT_3D('', #8873, #8874, $);
#8876 = PLANE('', #8875);
#8877 = CARTESIAN_POINT('', (-109.24799769, 109.24799769, 39.));
#8878 = DIRECTION('', (0., -0., 1.));
#8879 = AXIS2_PLACEMENT_3D('', #8877, #8878, $);
#8880 = PLANE('', #8879);
#8881 = CARTESIAN_POINT('', (-109.24799769, -109.24799769, 38.5));
#8882 = DIRECTION('', (0., -0., 1.));
#8883 = DIRECTION('', (-1., 0., 0.));
#8884 = AXIS2_PLACEMENT_3D('', #8881, #8882, #8883);
#8885 = CYLINDRICAL_SURFACE('', #8884, 101.6);
#8886 = CARTESIAN_POINT('', (-109.24799769, -109.24799769, 38.));
#8887 = DIRECTION('', (0., -0., 1.));
#8888 = AXIS2_PLACEMENT_3D('', #8886, #8887, $);
#8889 = PLANE('', #8888);
#8890 = CARTESIAN_POINT('', (-109.24799769, -109.24799769, 39.));
#8891 = DIRECTION('', (0., -0., 1.));
#8892 = AXIS2_PLACEMENT_3D('', #8890, #8891, $);
#8893 = PLANE('', #8892);
#8894 = CARTESIAN_POINT('', (109.24799769, -109.24799769, 38.5));
#8895 = DIRECTION('', (0., 0., 1.));
#8896 = DIRECTION('', (-0., -1., 0.));
#8897 = AXIS2_PLACEMENT_3D('', #8894, #8895, #8896);
#8898 = CYLINDRICAL_SURFACE('', #8897, 101.6);
#8899 = CARTESIAN_POINT('', (109.24799769, -109.24799769, 38.));
#8900 = DIRECTION('', (0., 0., 1.));
#8901 = AXIS2_PLACEMENT_3D('', #8899, #8900, $);
#8902 = PLANE('', #8901);
#8903 = CARTESIAN_POINT('', (109.24799769, -109.24799769, 39.));
#8904 = DIRECTION('', (0., 0., 1.));
#8905 = AXIS2_PLACEMENT_3D('', #8903, #8904, $);
#8906 = PLANE('', #8905);
#8907 = CARTESIAN_POINT('', (49.4, 35., 56.9));
#8908 = DIRECTION('', (1., -0., 0.));
#8909 = AXIS2_PLACEMENT_3D('', #8907, #8908, $);
#8910 = PLANE('', #8909);
#8911 = CARTESIAN_POINT('', (30., 50.9, 56.9));
#8912 = DIRECTION('', (0., 1., 0.));
#8913 = AXIS2_PLACEMENT_3D('', #8911, #8912, $);
#8914 = PLANE('', #8913);
#8915 = CARTESIAN_POINT('', (10.6, 35., 56.9));
#8916 = DIRECTION('', (-1., -0., 0.));
#8917 = AXIS2_PLACEMENT_3D('', #8915, #8916, $);
#8918 = PLANE('', #8917);
#8919 = CARTESIAN_POINT('', (30., 19.1, 56.9));
#8920 = DIRECTION('', (0., -1., 0.));
#8921 = AXIS2_PLACEMENT_3D('', #8919, #8920, $);
#8922 = PLANE('', #8921);
#8923 = CARTESIAN_POINT('', (30., 35., 48.5));
#8924 = DIRECTION('', (0., -0., 1.));
#8925 = AXIS2_PLACEMENT_3D('', #8923, #8924, $);
#8926 = PLANE('', #8925);
#8927 = CARTESIAN_POINT('', (30., 35., 65.3));
#8928 = DIRECTION('', (0., -0., 1.));
#8929 = AXIS2_PLACEMENT_3D('', #8927, #8928, $);
#8930 = PLANE('', #8929);
#8931 = CARTESIAN_POINT('', (45., -45., 47.));
#8932 = DIRECTION('', (0., -0., 1.));
#8933 = DIRECTION('', (1., 0., 0.));
#8934 = AXIS2_PLACEMENT_3D('', #8931, #8932, #8933);
#8935 = CYLINDRICAL_SURFACE('', #8934, 4.);
#8936 = CARTESIAN_POINT('', (45., -45., 2.));
#8937 = DIRECTION('', (0., -0., 1.));
#8938 = AXIS2_PLACEMENT_3D('', #8936, #8937, $);
#8939 = PLANE('', #8938);
#8940 = CARTESIAN_POINT('', (45., -45., 92.));
#8941 = DIRECTION('', (0., -0., 1.));
#8942 = AXIS2_PLACEMENT_3D('', #8940, #8941, $);
#8943 = PLANE('', #8942);
#8944 = CARTESIAN_POINT('', (55.49747468, 49.49747468, -38.));
#8945 = DIRECTION('', (1., -0., 0.));
#8946 = AXIS2_PLACEMENT_3D('', #8944, #8945, $);
#8947 = PLANE('', #8946);
#8948 = CARTESIAN_POINT('', (49.49747468, 55.49747468, -38.));
#8949 = DIRECTION('', (0., 1., -0.));
#8950 = AXIS2_PLACEMENT_3D('', #8948, #8949, $);
#8951 = PLANE('', #8950);
#8952 = CARTESIAN_POINT('', (43.49747468, 49.49747468, -38.));
#8953 = DIRECTION('', (-1., -0., 0.));
#8954 = AXIS2_PLACEMENT_3D('', #8952, #8953, $);
#8955 = PLANE('', #8954);
#8956 = CARTESIAN_POINT('', (49.49747468, 43.49747468, -38.));
#8957 = DIRECTION('', (0., -1., 0.));
#8958 = AXIS2_PLACEMENT_3D('', #8956, #8957, $);
#8959 = PLANE('', #8958);
#8960 = CARTESIAN_POINT('', (49.49747468, 49.49747468, -73.));
#8961 = DIRECTION('', (0., -0., 1.));
#8962 = AXIS2_PLACEMENT_3D('', #8960, #8961, $);
#8963 = PLANE('', #8962);
#8964 = CARTESIAN_POINT('', (49.49747468, 49.49747468, -3.));
#8965 = DIRECTION('', (0., -0., 1.));
#8966 = AXIS2_PLACEMENT_3D('', #8964, #8965, $);
#8967 = PLANE('', #8966);
#8968 = CARTESIAN_POINT('', (-49.49747468, 55.49747468, -38.));
#8969 = DIRECTION('', (0., 1., -0.));
#8970 = AXIS2_PLACEMENT_3D('', #8968, #8969, $);
#8971 = PLANE('', #8970);
#8972 = CARTESIAN_POINT('', (-55.49747468, 49.49747468, -38.));
#8973 = DIRECTION('', (-1., -0., 0.));
#8974 = AXIS2_PLACEMENT_3D('', #8972, #8973, $);
#8975 = PLANE('', #8974);
#8976 = CARTESIAN_POINT('', (-49.49747468, 43.49747468, -38.));
#8977 = DIRECTION('', (0., -1., 0.));
#8978 = AXIS2_PLACEMENT_3D('', #8976, #8977, $);
#8979 = PLANE('', #8978);
#8980 = CARTESIAN_POINT('', (-43.49747468, 49.49747468, -38.));
#8981 = DIRECTION('', (1., -0., 0.));
#8982 = AXIS2_PLACEMENT_3D('', #8980, #8981, $);
#8983 = PLANE('', #8982);
#8984 = CARTESIAN_POINT('', (-49.49747468, 49.49747468, -73.));
#8985 = DIRECTION('', (0., -0., 1.));
#8986 = AXIS2_PLACEMENT_3D('', #8984, #8985, $);
#8987 = PLANE('', #8986);
#8988 = CARTESIAN_POINT('', (-49.49747468, 49.49747468, -3.));
#8989 = DIRECTION('', (0., -0., 1.));
#8990 = AXIS2_PLACEMENT_3D('', #8988, #8989, $);
#8991 = PLANE('', #8990);
#8992 = CARTESIAN_POINT('', (-55.49747468, -49.49747468, -38.));
#8993 = DIRECTION('', (-1., -0., 0.));
#8994 = AXIS2_PLACEMENT_3D('', #8992, #8993, $);
#8995 = PLANE('', #8994);
#8996 = CARTESIAN_POINT('', (-49.49747468, -55.49747468, -38.));
#8997 = DIRECTION('', (0., -1., 0.));
#8998 = AXIS2_PLACEMENT_3D('', #8996, #8997, $);
#8999 = PLANE('', #8998);
#9000 = CARTESIAN_POINT('', (-43.49747468, -49.49747468, -38.));
#9001 = DIRECTION('', (1., -0., 0.));
#9002 = AXIS2_PLACEMENT_3D('', #9000, #9001, $);
#9003 = PLANE('', #9002);
#9004 = CARTESIAN_POINT('', (-49.49747468, -43.49747468, -38.));
#9005 = DIRECTION('', (0., 1., -0.));
#9006 = AXIS2_PLACEMENT_3D('', #9004, #9005, $);
#9007 = PLANE('', #9006);
#9008 = CARTESIAN_POINT('', (-49.49747468, -49.49747468, -73.));
#9009 = DIRECTION('', (0., -0., 1.));
#9010 = AXIS2_PLACEMENT_3D('', #9008, #9009, $);
#9011 = PLANE('', #9010);
#9012 = CARTESIAN_POINT('', (-49.49747468, -49.49747468, -3.));
#9013 = DIRECTION('', (0., -0., 1.));
#9014 = AXIS2_PLACEMENT_3D('', #9012, #9013, $);
#9015 = PLANE('', #9014);
#9016 = CARTESIAN_POINT('', (49.49747468, -55.49747468, -38.));
#9017 = DIRECTION('', (0., -1., 0.));
#9018 = AXIS2_PLACEMENT_3D('', #9016, #9017, $);
#9019 = PLANE('', #9018);
#9020 = CARTESIAN_POINT('', (55.49747468, -49.49747468, -38.));
#9021 = DIRECTION('', (1., -0., 0.));
#9022 = AXIS2_PLACEMENT_3D('', #9020, #9021, $);
#9023 = PLANE('', #9022);
#9024 = CARTESIAN_POINT('', (49.49747468, -43.49747468, -38.));
#9025 = DIRECTION('', (0., 1., -0.));
#9026 = AXIS2_PLACEMENT_3D('', #9024, #9025, $);
#9027 = PLANE('', #9026);
#9028 = CARTESIAN_POINT('', (43.49747468, -49.49747468, -38.));
#9029 = DIRECTION('', (-1., -0., 0.));
#9030 = AXIS2_PLACEMENT_3D('', #9028, #9029, $);
#9031 = PLANE('', #9030);
#9032 = CARTESIAN_POINT('', (49.49747468, -49.49747468, -73.));
#9033 = DIRECTION('', (0., 0., 1.));
#9034 = AXIS2_PLACEMENT_3D('', #9032, #9033, $);
#9035 = PLANE('', #9034);
#9036 = CARTESIAN_POINT('', (49.49747468, -49.49747468, -3.));
#9037 = DIRECTION('', (0., 0., 1.));
#9038 = AXIS2_PLACEMENT_3D('', #9036, #9037, $);
#9039 = PLANE('', #9038);
#9040 = CARTESIAN_POINT('', (49.49747468, 49.49747468, -79.));
#9041 = DIRECTION('', (0., -0., 1.));
#9042 = DIRECTION('', (1., 0., 0.));
#9043 = AXIS2_PLACEMENT_3D('', #9040, #9041, #9042);
#9044 = CYLINDRICAL_SURFACE('', #9043, 14.);
#9045 = CARTESIAN_POINT('', (49.49747468, 49.49747468, -85.));
#9046 = DIRECTION('', (0., -0., 1.));
#9047 = AXIS2_PLACEMENT_3D('', #9045, #9046, $);
#9048 = PLANE('', #9047);
#9049 = CARTESIAN_POINT('', (49.49747468, 49.49747468, -73.));
#9050 = DIRECTION('', (0., -0., 1.));
#9051 = AXIS2_PLACEMENT_3D('', #9049, #9050, $);
#9052 = PLANE('', #9051);
#9053 = CARTESIAN_POINT('', (-49.49747468, 49.49747468, -79.));
#9054 = DIRECTION('', (0., -0., 1.));
#9055 = DIRECTION('', (1., 0., 0.));
#9056 = AXIS2_PLACEMENT_3D('', #9053, #9054, #9055);
#9057 = CYLINDRICAL_SURFACE('', #9056, 14.);
#9058 = CARTESIAN_POINT('', (-49.49747468, 49.49747468, -85.));
#9059 = DIRECTION('', (0., -0., 1.));
#9060 = AXIS2_PLACEMENT_3D('', #9058, #9059, $);
#9061 = PLANE('', #9060);
#9062 = CARTESIAN_POINT('', (-49.49747468, 49.49747468, -73.));
#9063 = DIRECTION('', (0., -0., 1.));
#9064 = AXIS2_PLACEMENT_3D('', #9062, #9063, $);
#9065 = PLANE('', #9064);
#9066 = CARTESIAN_POINT('', (-49.49747468, -49.49747468, -79.));
#9067 = DIRECTION('', (0., -0., 1.));
#9068 = DIRECTION('', (1., 0., 0.));
#9069 = AXIS2_PLACEMENT_3D('', #9066, #9067, #9068);
#9070 = CYLINDRICAL_SURFACE('', #9069, 14.);
#9071 = CARTESIAN_POINT('', (-49.49747468, -49.49747468, -85.));
#9072 = DIRECTION('', (0., -0., 1.));
#9073 = AXIS2_PLACEMENT_3D('', #9071, #9072, $);
#9074 = PLANE('', #9073);
#9075 = CARTESIAN_POINT('', (-49.49747468, -49.49747468, -73.));
#9076 = DIRECTION('', (0., -0., 1.));
#9077 = AXIS2_PLACEMENT_3D('', #9075, #9076, $);
#9078 = PLANE('', #9077);
#9079 = CARTESIAN_POINT('', (49.49747468, -49.49747468, -79.));
#9080 = DIRECTION('', (-0., -0., 1.));
#9081 = DIRECTION('', (1., -0., 0.));
#9082 = AXIS2_PLACEMENT_3D('', #9079, #9080, #9081);
#9083 = CYLINDRICAL_SURFACE('', #9082, 14.);
#9084 = CARTESIAN_POINT('', (49.49747468, -49.49747468, -85.));
#9085 = DIRECTION('', (0., -0., 1.));
#9086 = AXIS2_PLACEMENT_3D('', #9084, #9085, $);
#9087 = PLANE('', #9086);
#9088 = CARTESIAN_POINT('', (49.49747468, -49.49747468, -73.));
#9089 = DIRECTION('', (0., -0., 1.));
#9090 = AXIS2_PLACEMENT_3D('', #9088, #9089, $);
#9091 = PLANE('', #9090);
#9092 = CARTESIAN_POINT('', (-0., -0., 130.));
#9093 = DIRECTION('', (0., -0., -1.));
#9094 = DIRECTION('', (1., 0., 0.));
#9095 = AXIS2_PLACEMENT_3D('', #9092, #9093, #9094);
#9096 = TOROIDAL_SURFACE('', #9095, 241.197015, 1.5);
#9097 = CARTESIAN_POINT('', (137.8976441, 137.8976441, -71.));
#9098 = DIRECTION('', (0.35803278, 0.35803278, -0.86233698));
#9099 = DIRECTION('', (-0.70710678, 0.70710678, 0.));
#9100 = AXIS2_PLACEMENT_3D('', #9097, #9098, #9099);
#9101 = CYLINDRICAL_SURFACE('', #9100, 2.);
#9102 = CARTESIAN_POINT('', (109.24965154, 109.24965154, -2.00010674));
#9103 = DIRECTION('', (0.35803278, 0.35803278, -0.86233698));
#9104 = AXIS2_PLACEMENT_3D('', #9102, #9103, $);
#9105 = PLANE('', #9104);
#9106 = CARTESIAN_POINT('', (166.54563665, 166.54563665, -139.99989326));
#9107 = DIRECTION('', (0.35803278, 0.35803278, -0.86233698));
#9108 = AXIS2_PLACEMENT_3D('', #9106, #9107, $);
#9109 = PLANE('', #9108);
#9110 = CARTESIAN_POINT('', (-137.8976441, 137.8976441, -71.));
#9111 = DIRECTION('', (-0.35803278, 0.35803278, -0.86233698));
#9112 = DIRECTION('', (-0.70710678, -0.70710678, 0.));
#9113 = AXIS2_PLACEMENT_3D('', #9110, #9111, #9112);
#9114 = CYLINDRICAL_SURFACE('', #9113, 2.);
#9115 = CARTESIAN_POINT('', (-109.24965154, 109.24965154, -2.00010674));
#9116 = DIRECTION('', (-0.35803278, 0.35803278, -0.86233698));
#9117 = AXIS2_PLACEMENT_3D('', #9115, #9116, $);
#9118 = PLANE('', #9117);
#9119 = CARTESIAN_POINT('', (-166.54563665, 166.54563665, -139.99989326));
#9120 = DIRECTION('', (-0.35803278, 0.35803278, -0.86233698));
#9121 = AXIS2_PLACEMENT_3D('', #9119, #9120, $);
#9122 = PLANE('', #9121);
#9123 = CARTESIAN_POINT('', (-137.8976441, -137.8976441, -71.));
#9124 = DIRECTION('', (-0.35803278, -0.35803278, -0.86233698));
#9125 = DIRECTION('', (0.70710678, -0.70710678, 0.));
#9126 = AXIS2_PLACEMENT_3D('', #9123, #9124, #9125);
#9127 = CYLINDRICAL_SURFACE('', #9126, 2.);
#9128 = CARTESIAN_POINT('', (-109.24965154, -109.24965154, -2.00010674));
#9129 = DIRECTION('', (-0.35803278, -0.35803278, -0.86233698));
#9130 = AXIS2_PLACEMENT_3D('', #9128, #9129, $);
#9131 = PLANE('', #9130);
#9132 = CARTESIAN_POINT('', (-166.54563665, -166.54563665, -139.99989326));
#9133 = DIRECTION('', (-0.35803278, -0.35803278, -0.86233698));
#9134 = AXIS2_PLACEMENT_3D('', #9132, #9133, $);
#9135 = PLANE('', #9134);
#9136 = CARTESIAN_POINT('', (137.8976441, -137.8976441, -71.));
#9137 = DIRECTION('', (0.35803278, -0.35803278, -0.86233698));
#9138 = DIRECTION('', (0.70710678, 0.70710678, 0.));
#9139 = AXIS2_PLACEMENT_3D('', #9136, #9137, #9138);
#9140 = CYLINDRICAL_SURFACE('', #9139, 2.);
#9141 = CARTESIAN_POINT('', (109.24965154, -109.24965154, -2.00010674));
#9142 = DIRECTION('', (0.35803278, -0.35803278, -0.86233698));
#9143 = AXIS2_PLACEMENT_3D('', #9141, #9142, $);
#9144 = PLANE('', #9143);
#9145 = CARTESIAN_POINT('', (166.54563665, -166.54563665, -139.99989326));
#9146 = DIRECTION('', (0.35803278, -0.35803278, -0.86233698));
#9147 = AXIS2_PLACEMENT_3D('', #9145, #9146, $);
#9148 = PLANE('', #9147);
#9149 = CARTESIAN_POINT('', (0., -0., -274.));
#9150 = DIRECTION('', (0., -0., 1.));
#9151 = DIRECTION('', (1., 0., 0.));
#9152 = AXIS2_PLACEMENT_3D('', #9149, #9150, #9151);
#9153 = CYLINDRICAL_SURFACE('', #9152, 6.);
#9154 = CARTESIAN_POINT('', (0., 0., -279.));
#9155 = DIRECTION('', (0., -0., 1.));
#9156 = AXIS2_PLACEMENT_3D('', #9154, #9155, $);
#9157 = PLANE('', #9156);
#9158 = CARTESIAN_POINT('', (0., 0., -269.));
#9159 = DIRECTION('', (0., -0., 1.));
#9160 = AXIS2_PLACEMENT_3D('', #9158, #9159, $);
#9161 = PLANE('', #9160);
#9162 = CARTESIAN_POINT('', (-0.76536686, 1.84775907, -274.));
#9163 = CARTESIAN_POINT('', (-0.76536686, 1.84775907, -276.));
#9164 = CARTESIAN_POINT('', (-0., -0., -276.));
#9165 = CARTESIAN_POINT('', (0.76536686, -1.84775907, -276.));
#9166 = CARTESIAN_POINT('', (0.76536686, -1.84775907, -274.));
#9167 = CARTESIAN_POINT('', (0.76536686, -1.84775907, -272.));
#9168 = CARTESIAN_POINT('', (-0., -0., -272.));
#9169 = CARTESIAN_POINT('', (-0.76536686, 1.84775907, -272.));
#9170 = CARTESIAN_POINT('', (-0.76536686, 1.84775907, -274.));
#9171 = CARTESIAN_POINT('', (100.35896153, 43.73482737, -275.51996737));
#9172 = CARTESIAN_POINT('', (101.09709531, 44.0405724, -277.53106203));
#9173 = CARTESIAN_POINT('', (101.86246218, 42.19281333, -277.53106203));
#9174 = CARTESIAN_POINT('', (102.62782904, 40.34505427, -277.53106203));
#9175 = CARTESIAN_POINT('', (101.88969526, 40.03930924, -275.51996737));
#9176 = CARTESIAN_POINT('', (101.15156148, 39.73356422, -273.50887272));
#9177 = CARTESIAN_POINT('', (100.38619461, 41.58132328, -273.50887272));
#9178 = CARTESIAN_POINT('', (99.62082775, 43.42908235, -273.50887272));
#9179 = CARTESIAN_POINT('', (100.35896153, 43.73482737, -275.51996737));
#9180 = CARTESIAN_POINT('', (253.78189179, 107.28468586, -109.45618432));
#9181 = CARTESIAN_POINT('', (255.63990098, 108.05429847, -110.25513457));
#9182 = CARTESIAN_POINT('', (256.40526784, 106.2065394, -110.25513457));
#9183 = CARTESIAN_POINT('', (257.17063471, 104.35878034, -110.25513457));
#9184 = CARTESIAN_POINT('', (255.31262552, 103.58916773, -109.45618432));
#9185 = CARTESIAN_POINT('', (253.45461633, 102.81955513, -108.65723406));
#9186 = CARTESIAN_POINT('', (252.68924947, 104.6673142, -108.65723406));
#9187 = CARTESIAN_POINT('', (251.9238826, 106.51507326, -108.65723406));
#9188 = CARTESIAN_POINT('', (253.78189179, 107.28468586, -109.45618432));
#9189 = CARTESIAN_POINT('', (252.37762504, 106.70301953, -0.));
#9190 = CARTESIAN_POINT('', (254.22538411, 107.4683864, -0.));
#9191 = CARTESIAN_POINT('', (254.99075097, 105.62062733, -0.));
#9192 = CARTESIAN_POINT('', (255.75611784, 103.77286827, -0.));
#9193 = CARTESIAN_POINT('', (253.90835877, 103.0075014, -0.));
#9194 = CARTESIAN_POINT('', (252.06059971, 102.24213454, -0.));
#9195 = CARTESIAN_POINT('', (251.29523284, 104.0898936, -0.));
#9196 = CARTESIAN_POINT('', (250.52986598, 105.93765267, -0.));
#9197 = CARTESIAN_POINT('', (252.37762504, 106.70301953, -0.));
#9198 = CARTESIAN_POINT('', (253.22904693, 107.05569002, 109.28414043));
#9199 = CARTESIAN_POINT('', (255.08302075, 107.82363113, 110.08183489));
#9200 = CARTESIAN_POINT('', (255.84838761, 105.97587206, 110.08183489));
#9201 = CARTESIAN_POINT('', (256.61375448, 104.128113, 110.08183489));
#9202 = CARTESIAN_POINT('', (254.75978066, 103.36017189, 109.28414043));
#9203 = CARTESIAN_POINT('', (252.90580683, 102.59223079, 108.48644598));
#9204 = CARTESIAN_POINT('', (252.14043997, 104.43998986, 108.48644598));
#9205 = CARTESIAN_POINT('', (251.3750731, 106.28774892, 108.48644598));
#9206 = CARTESIAN_POINT('', (253.22904693, 107.05569002, 109.28414043));
#9207 = CARTESIAN_POINT('', (140.64965112, 60.42377744, 234.60617519));
#9208 = CARTESIAN_POINT('', (141.68187753, 60.85133962, 236.31862902));
#9209 = CARTESIAN_POINT('', (142.44724439, 59.00358055, 236.31862902));
#9210 = CARTESIAN_POINT('', (143.21261126, 57.15582149, 236.31862902));
#9211 = CARTESIAN_POINT('', (142.18038485, 56.72825931, 234.60617519));
#9212 = CARTESIAN_POINT('', (141.14815844, 56.30069713, 232.89372136));
#9213 = CARTESIAN_POINT('', (140.38279158, 58.14845619, 232.89372136));
#9214 = CARTESIAN_POINT('', (139.61742471, 59.99621526, 232.89372136));
#9215 = CARTESIAN_POINT('', (140.64965112, 60.42377744, 234.60617519));
#9216 = CARTESIAN_POINT('', (46.07684707, 21.25043937, 274.22565408));
#9217 = CARTESIAN_POINT('', (46.41876104, 21.39206477, 276.22730119));
#9218 = CARTESIAN_POINT('', (47.1841279, 19.54430571, 276.22730119));
#9219 = CARTESIAN_POINT('', (47.94949477, 17.69654664, 276.22730119));
#9220 = CARTESIAN_POINT('', (47.6075808, 17.55492124, 274.22565408));
#9221 = CARTESIAN_POINT('', (47.26566682, 17.41329583, 272.22400697));
#9222 = CARTESIAN_POINT('', (46.50029996, 19.2610549, 272.22400697));
#9223 = CARTESIAN_POINT('', (45.7349331, 21.10881396, 272.22400697));
#9224 = CARTESIAN_POINT('', (46.07684707, 21.25043937, 274.22565408));
#9225 = CARTESIAN_POINT('', (-0.76536686, 1.84775907, 274.));
#9226 = CARTESIAN_POINT('', (-0.76536686, 1.84775907, 276.));
#9227 = CARTESIAN_POINT('', (0., 0., 276.));
#9228 = CARTESIAN_POINT('', (0.76536686, -1.84775907, 276.));
#9229 = CARTESIAN_POINT('', (0.76536686, -1.84775907, 274.));
#9230 = CARTESIAN_POINT('', (0.76536686, -1.84775907, 272.));
#9231 = CARTESIAN_POINT('', (0., 0., 272.));
#9232 = CARTESIAN_POINT('', (-0.76536686, 1.84775907, 272.));
#9233 = CARTESIAN_POINT('', (-0.76536686, 1.84775907, 274.));
#9234 = (
  BOUNDED_SURFACE()
  B_SPLINE_SURFACE(2, 2, ((#9162, #9163, #9164, #9165, #9166, #9167, #9168, #9169, #9170), (#9171, #9172, #9173, #9174, #9175, #9176, #9177, #9178, #9179), (#9180, #9181, #9182, #9183, #9184, #9185, #9186, #9187, #9188), (#9189, #9190, #9191, #9192, #9193, #9194, #9195, #9196, #9197), (#9198, #9199, #9200, #9201, #9202, #9203, #9204, #9205, #9206), (#9207, #9208, #9209, #9210, #9211, #9212, #9213, #9214, #9215), (#9216, #9217, #9218, #9219, #9220, #9221, #9222, #9223, #9224), (#9225, #9226, #9227, #9228, #9229, #9230, #9231, #9232, #9233)), .UNSPECIFIED., .F., .F., .F.)
  B_SPLINE_SURFACE_WITH_KNOTS((3, 1, 2, 1, 1, 3), (3, 2, 2, 2, 3), (-1., -0.75, -0.5, -0.25, -0.125, -0.), (0., 0.25, 0.5, 0.75, 1.), .UNSPECIFIED.)
  GEOMETRIC_REPRESENTATION_ITEM()
  RATIONAL_B_SPLINE_SURFACE(((2., 1.41421356, 2., 1.41421356, 2., 1.41421356, 2., 1.41421356, 2.), (1.85355339, 1.31066017, 1.85355339, 1.31066017, 1.85355339, 1.31066017, 1.85355339, 1.31066017, 1.85355339), (1.85355339, 1.31066017, 1.85355339, 1.31066017, 1.85355339, 1.31066017, 1.85355339, 1.31066017, 1.85355339), (2., 1.41421356, 2., 1.41421356, 2., 1.41421356, 2., 1.41421356, 2.), (1.85355339, 1.31066017, 1.85355339, 1.31066017, 1.85355339, 1.31066017, 1.85355339, 1.31066017, 1.85355339), (1.85355339, 1.31066017, 1.85355339, 1.31066017, 1.85355339, 1.31066017, 1.85355339, 1.31066017, 1.85355339), (1.9267767, 1.36243687, 1.9267767, 1.36243687, 1.9267767, 1.36243687, 1.9267767, 1.36243687, 1.9267767), (2., 1.41421356, 2., 1.41421356, 2., 1.41421356, 2., 1.41421356, 2.)))
  REPRESENTATION_ITEM('')
  SURFACE()
);
#9235 = CARTESIAN_POINT('', (0., 0., 274.));
#9236 = DIRECTION('', (0.92387953, 0.38268343, -0.));
#9237 = AXIS2_PLACEMENT_3D('', #9235, #9236, $);
#9238 = PLANE('', #9237);
#9239 = CARTESIAN_POINT('', (-0., -0., -274.));
#9240 = DIRECTION('', (-0.92387953, -0.38268343, 0.));
#9241 = AXIS2_PLACEMENT_3D('', #9239, #9240, $);
#9242 = PLANE('', #9241);
#9243 = CARTESIAN_POINT('', (-1.84775907, 0.76536686, -274.));
#9244 = CARTESIAN_POINT('', (-1.84775907, 0.76536686, -276.));
#9245 = CARTESIAN_POINT('', (-0., -0., -276.));
#9246 = CARTESIAN_POINT('', (1.84775907, -0.76536686, -276.));
#9247 = CARTESIAN_POINT('', (1.84775907, -0.76536686, -274.));
#9248 = CARTESIAN_POINT('', (1.84775907, -0.76536686, -272.));
#9249 = CARTESIAN_POINT('', (-0., -0., -272.));
#9250 = CARTESIAN_POINT('', (-1.84775907, 0.76536686, -272.));
#9251 = CARTESIAN_POINT('', (-1.84775907, 0.76536686, -274.));
#9252 = CARTESIAN_POINT('', (40.03930924, 101.88969526, -275.51996737));
#9253 = CARTESIAN_POINT('', (40.34505427, 102.62782904, -277.53106203));
#9254 = CARTESIAN_POINT('', (42.19281333, 101.86246218, -277.53106203));
#9255 = CARTESIAN_POINT('', (44.0405724, 101.09709531, -277.53106203));
#9256 = CARTESIAN_POINT('', (43.73482737, 100.35896153, -275.51996737));
#9257 = CARTESIAN_POINT('', (43.42908235, 99.62082775, -273.50887272));
#9258 = CARTESIAN_POINT('', (41.58132328, 100.38619461, -273.50887272));
#9259 = CARTESIAN_POINT('', (39.73356422, 101.15156148, -273.50887272));
#9260 = CARTESIAN_POINT('', (40.03930924, 101.88969526, -275.51996737));
#9261 = CARTESIAN_POINT('', (103.58916773, 255.31262552, -109.45618432));
#9262 = CARTESIAN_POINT('', (104.35878034, 257.17063471, -110.25513457));
#9263 = CARTESIAN_POINT('', (106.2065394, 256.40526784, -110.25513457));
#9264 = CARTESIAN_POINT('', (108.05429847, 255.63990098, -110.25513457));
#9265 = CARTESIAN_POINT('', (107.28468586, 253.78189179, -109.45618432));
#9266 = CARTESIAN_POINT('', (106.51507326, 251.9238826, -108.65723406));
#9267 = CARTESIAN_POINT('', (104.6673142, 252.68924947, -108.65723406));
#9268 = CARTESIAN_POINT('', (102.81955513, 253.45461633, -108.65723406));
#9269 = CARTESIAN_POINT('', (103.58916773, 255.31262552, -109.45618432));
#9270 = CARTESIAN_POINT('', (103.0075014, 253.90835877, -0.));
#9271 = CARTESIAN_POINT('', (103.77286827, 255.75611784, -0.));
#9272 = CARTESIAN_POINT('', (105.62062733, 254.99075097, -0.));
#9273 = CARTESIAN_POINT('', (107.4683864, 254.22538411, -0.));
#9274 = CARTESIAN_POINT('', (106.70301953, 252.37762504, -0.));
#9275 = CARTESIAN_POINT('', (105.93765267, 250.52986598, -0.));
#9276 = CARTESIAN_POINT('', (104.0898936, 251.29523284, -0.));
#9277 = CARTESIAN_POINT('', (102.24213454, 252.06059971, -0.));
#9278 = CARTESIAN_POINT('', (103.0075014, 253.90835877, -0.));
#9279 = CARTESIAN_POINT('', (103.36017189, 254.75978066, 109.28414043));
#9280 = CARTESIAN_POINT('', (104.128113, 256.61375448, 110.08183489));
#9281 = CARTESIAN_POINT('', (105.97587206, 255.84838761, 110.08183489));
#9282 = CARTESIAN_POINT('', (107.82363113, 255.08302075, 110.08183489));
#9283 = CARTESIAN_POINT('', (107.05569002, 253.22904693, 109.28414043));
#9284 = CARTESIAN_POINT('', (106.28774892, 251.3750731, 108.48644598));
#9285 = CARTESIAN_POINT('', (104.43998986, 252.14043997, 108.48644598));
#9286 = CARTESIAN_POINT('', (102.59223079, 252.90580683, 108.48644598));
#9287 = CARTESIAN_POINT('', (103.36017189, 254.75978066, 109.28414043));
#9288 = CARTESIAN_POINT('', (56.72825931, 142.18038485, 234.60617519));
#9289 = CARTESIAN_POINT('', (57.15582149, 143.21261126, 236.31862902));
#9290 = CARTESIAN_POINT('', (59.00358055, 142.44724439, 236.31862902));
#9291 = CARTESIAN_POINT('', (60.85133962, 141.68187753, 236.31862902));
#9292 = CARTESIAN_POINT('', (60.42377744, 140.64965112, 234.60617519));
#9293 = CARTESIAN_POINT('', (59.99621526, 139.61742471, 232.89372136));
#9294 = CARTESIAN_POINT('', (58.14845619, 140.38279158, 232.89372136));
#9295 = CARTESIAN_POINT('', (56.30069713, 141.14815844, 232.89372136));
#9296 = CARTESIAN_POINT('', (56.72825931, 142.18038485, 234.60617519));
#9297 = CARTESIAN_POINT('', (17.55492124, 47.6075808, 274.22565408));
#9298 = CARTESIAN_POINT('', (17.69654664, 47.94949477, 276.22730119));
#9299 = CARTESIAN_POINT('', (19.54430571, 47.1841279, 276.22730119));
#9300 = CARTESIAN_POINT('', (21.39206477, 46.41876104, 276.22730119));
#9301 = CARTESIAN_POINT('', (21.25043937, 46.07684707, 274.22565408));
#9302 = CARTESIAN_POINT('', (21.10881396, 45.7349331, 272.22400697));
#9303 = CARTESIAN_POINT('', (19.2610549, 46.50029996, 272.22400697));
#9304 = CARTESIAN_POINT('', (17.41329583, 47.26566682, 272.22400697));
#9305 = CARTESIAN_POINT('', (17.55492124, 47.6075808, 274.22565408));
#9306 = CARTESIAN_POINT('', (-1.84775907, 0.76536686, 274.));
#9307 = CARTESIAN_POINT('', (-1.84775907, 0.76536686, 276.));
#9308 = CARTESIAN_POINT('', (0., 0., 276.));
#9309 = CARTESIAN_POINT('', (1.84775907, -0.76536686, 276.));
#9310 = CARTESIAN_POINT('', (1.84775907, -0.76536686, 274.));
#9311 = CARTESIAN_POINT('', (1.84775907, -0.76536686, 272.));
#9312 = CARTESIAN_POINT('', (0., 0., 272.));
#9313 = CARTESIAN_POINT('', (-1.84775907, 0.76536686, 272.));
#9314 = CARTESIAN_POINT('', (-1.84775907, 0.76536686, 274.));
#9315 = (
  BOUNDED_SURFACE()
  B_SPLINE_SURFACE(2, 2, ((#9243, #9244, #9245, #9246, #9247, #9248, #9249, #9250, #9251), (#9252, #9253, #9254, #9255, #9256, #9257, #9258, #9259, #9260), (#9261, #9262, #9263, #9264, #9265, #9266, #9267, #9268, #9269), (#9270, #9271, #9272, #9273, #9274, #9275, #9276, #9277, #9278), (#9279, #9280, #9281, #9282, #9283, #9284, #9285, #9286, #9287), (#9288, #9289, #9290, #9291, #9292, #9293, #9294, #9295, #9296), (#9297, #9298, #9299, #9300, #9301, #9302, #9303, #9304, #9305), (#9306, #9307, #9308, #9309, #9310, #9311, #9312, #9313, #9314)), .UNSPECIFIED., .F., .F., .F.)
  B_SPLINE_SURFACE_WITH_KNOTS((3, 1, 2, 1, 1, 3), (3, 2, 2, 2, 3), (-1., -0.75, -0.5, -0.25, -0.125, -0.), (0., 0.25, 0.5, 0.75, 1.), .UNSPECIFIED.)
  GEOMETRIC_REPRESENTATION_ITEM()
  RATIONAL_B_SPLINE_SURFACE(((2., 1.41421356, 2., 1.41421356, 2., 1.41421356, 2., 1.41421356, 2.), (1.85355339, 1.31066017, 1.85355339, 1.31066017, 1.85355339, 1.31066017, 1.85355339, 1.31066017, 1.85355339), (1.85355339, 1.31066017, 1.85355339, 1.31066017, 1.85355339, 1.31066017, 1.85355339, 1.31066017, 1.85355339), (2., 1.41421356, 2., 1.41421356, 2., 1.41421356, 2., 1.41421356, 2.), (1.85355339, 1.31066017, 1.85355339, 1.31066017, 1.85355339, 1.31066017, 1.85355339, 1.31066017, 1.85355339), (1.85355339, 1.31066017, 1.85355339, 1.31066017, 1.85355339, 1.31066017, 1.85355339, 1.31066017, 1.85355339), (1.9267767, 1.36243687, 1.9267767, 1.36243687, 1.9267767, 1.36243687, 1.9267767, 1.36243687, 1.9267767), (2., 1.41421356, 2., 1.41421356, 2., 1.41421356, 2., 1.41421356, 2.)))
  REPRESENTATION_ITEM('')
  SURFACE()
);
#9316 = CARTESIAN_POINT('', (0., 0., 274.));
#9317 = DIRECTION('', (0.38268343, 0.92387953, -0.));
#9318 = AXIS2_PLACEMENT_3D('', #9316, #9317, $);
#9319 = PLANE('', #9318);
#9320 = CARTESIAN_POINT('', (-0., -0., -274.));
#9321 = DIRECTION('', (-0.38268343, -0.92387953, 0.));
#9322 = AXIS2_PLACEMENT_3D('', #9320, #9321, $);
#9323 = PLANE('', #9322);
#9324 = CARTESIAN_POINT('', (-1.84775907, -0.76536686, -274.));
#9325 = CARTESIAN_POINT('', (-1.84775907, -0.76536686, -276.));
#9326 = CARTESIAN_POINT('', (0., -0., -276.));
#9327 = CARTESIAN_POINT('', (1.84775907, 0.76536686, -276.));
#9328 = CARTESIAN_POINT('', (1.84775907, 0.76536686, -274.));
#9329 = CARTESIAN_POINT('', (1.84775907, 0.76536686, -272.));
#9330 = CARTESIAN_POINT('', (0., -0., -272.));
#9331 = CARTESIAN_POINT('', (-1.84775907, -0.76536686, -272.));
#9332 = CARTESIAN_POINT('', (-1.84775907, -0.76536686, -274.));
#9333 = CARTESIAN_POINT('', (-43.73482737, 100.35896153, -275.51996737));
#9334 = CARTESIAN_POINT('', (-44.0405724, 101.09709531, -277.53106203));
#9335 = CARTESIAN_POINT('', (-42.19281333, 101.86246218, -277.53106203));
#9336 = CARTESIAN_POINT('', (-40.34505427, 102.62782904, -277.53106203));
#9337 = CARTESIAN_POINT('', (-40.03930924, 101.88969526, -275.51996737));
#9338 = CARTESIAN_POINT('', (-39.73356422, 101.15156148, -273.50887272));
#9339 = CARTESIAN_POINT('', (-41.58132328, 100.38619461, -273.50887272));
#9340 = CARTESIAN_POINT('', (-43.42908235, 99.62082775, -273.50887272));
#9341 = CARTESIAN_POINT('', (-43.73482737, 100.35896153, -275.51996737));
#9342 = CARTESIAN_POINT('', (-107.28468586, 253.78189179, -109.45618432));
#9343 = CARTESIAN_POINT('', (-108.05429847, 255.63990098, -110.25513457));
#9344 = CARTESIAN_POINT('', (-106.2065394, 256.40526784, -110.25513457));
#9345 = CARTESIAN_POINT('', (-104.35878034, 257.17063471, -110.25513457));
#9346 = CARTESIAN_POINT('', (-103.58916773, 255.31262552, -109.45618432));
#9347 = CARTESIAN_POINT('', (-102.81955513, 253.45461633, -108.65723406));
#9348 = CARTESIAN_POINT('', (-104.6673142, 252.68924947, -108.65723406));
#9349 = CARTESIAN_POINT('', (-106.51507326, 251.9238826, -108.65723406));
#9350 = CARTESIAN_POINT('', (-107.28468586, 253.78189179, -109.45618432));
#9351 = CARTESIAN_POINT('', (-106.70301953, 252.37762504, -0.));
#9352 = CARTESIAN_POINT('', (-107.4683864, 254.22538411, -0.));
#9353 = CARTESIAN_POINT('', (-105.62062733, 254.99075097, -0.));
#9354 = CARTESIAN_POINT('', (-103.77286827, 255.75611784, -0.));
#9355 = CARTESIAN_POINT('', (-103.0075014, 253.90835877, -0.));
#9356 = CARTESIAN_POINT('', (-102.24213454, 252.06059971, -0.));
#9357 = CARTESIAN_POINT('', (-104.0898936, 251.29523284, -0.));
#9358 = CARTESIAN_POINT('', (-105.93765267, 250.52986598, -0.));
#9359 = CARTESIAN_POINT('', (-106.70301953, 252.37762504, -0.));
#9360 = CARTESIAN_POINT('', (-107.05569002, 253.22904693, 109.28414043));
#9361 = CARTESIAN_POINT('', (-107.82363113, 255.08302075, 110.08183489));
#9362 = CARTESIAN_POINT('', (-105.97587206, 255.84838761, 110.08183489));
#9363 = CARTESIAN_POINT('', (-104.128113, 256.61375448, 110.08183489));
#9364 = CARTESIAN_POINT('', (-103.36017189, 254.75978066, 109.28414043));
#9365 = CARTESIAN_POINT('', (-102.59223079, 252.90580683, 108.48644598));
#9366 = CARTESIAN_POINT('', (-104.43998986, 252.14043997, 108.48644598));
#9367 = CARTESIAN_POINT('', (-106.28774892, 251.3750731, 108.48644598));
#9368 = CARTESIAN_POINT('', (-107.05569002, 253.22904693, 109.28414043));
#9369 = CARTESIAN_POINT('', (-60.42377744, 140.64965112, 234.60617519));
#9370 = CARTESIAN_POINT('', (-60.85133962, 141.68187753, 236.31862902));
#9371 = CARTESIAN_POINT('', (-59.00358055, 142.44724439, 236.31862902));
#9372 = CARTESIAN_POINT('', (-57.15582149, 143.21261126, 236.31862902));
#9373 = CARTESIAN_POINT('', (-56.72825931, 142.18038485, 234.60617519));
#9374 = CARTESIAN_POINT('', (-56.30069713, 141.14815844, 232.89372136));
#9375 = CARTESIAN_POINT('', (-58.14845619, 140.38279158, 232.89372136));
#9376 = CARTESIAN_POINT('', (-59.99621526, 139.61742471, 232.89372136));
#9377 = CARTESIAN_POINT('', (-60.42377744, 140.64965112, 234.60617519));
#9378 = CARTESIAN_POINT('', (-21.25043937, 46.07684707, 274.22565408));
#9379 = CARTESIAN_POINT('', (-21.39206477, 46.41876104, 276.22730119));
#9380 = CARTESIAN_POINT('', (-19.54430571, 47.1841279, 276.22730119));
#9381 = CARTESIAN_POINT('', (-17.69654664, 47.94949477, 276.22730119));
#9382 = CARTESIAN_POINT('', (-17.55492124, 47.6075808, 274.22565408));
#9383 = CARTESIAN_POINT('', (-17.41329583, 47.26566682, 272.22400697));
#9384 = CARTESIAN_POINT('', (-19.2610549, 46.50029996, 272.22400697));
#9385 = CARTESIAN_POINT('', (-21.10881396, 45.7349331, 272.22400697));
#9386 = CARTESIAN_POINT('', (-21.25043937, 46.07684707, 274.22565408));
#9387 = CARTESIAN_POINT('', (-1.84775907, -0.76536686, 274.));
#9388 = CARTESIAN_POINT('', (-1.84775907, -0.76536686, 276.));
#9389 = CARTESIAN_POINT('', (-0., 0., 276.));
#9390 = CARTESIAN_POINT('', (1.84775907, 0.76536686, 276.));
#9391 = CARTESIAN_POINT('', (1.84775907, 0.76536686, 274.));
#9392 = CARTESIAN_POINT('', (1.84775907, 0.76536686, 272.));
#9393 = CARTESIAN_POINT('', (-0., 0., 272.));
#9394 = CARTESIAN_POINT('', (-1.84775907, -0.76536686, 272.));
#9395 = CARTESIAN_POINT('', (-1.84775907, -0.76536686, 274.));
#9396 = (
  BOUNDED_SURFACE()
  B_SPLINE_SURFACE(2, 2, ((#9324, #9325, #9326, #9327, #9328, #9329, #9330, #9331, #9332), (#9333, #9334, #9335, #9336, #9337, #9338, #9339, #9340, #9341), (#9342, #9343, #9344, #9345, #9346, #9347, #9348, #9349, #9350), (#9351, #9352, #9353, #9354, #9355, #9356, #9357, #9358, #9359), (#9360, #9361, #9362, #9363, #9364, #9365, #9366, #9367, #9368), (#9369, #9370, #9371, #9372, #9373, #9374, #9375, #9376, #9377), (#9378, #9379, #9380, #9381, #9382, #9383, #9384, #9385, #9386), (#9387, #9388, #9389, #9390, #9391, #9392, #9393, #9394, #9395)), .UNSPECIFIED., .F., .F., .F.)
  B_SPLINE_SURFACE_WITH_KNOTS((3, 1, 2, 1, 1, 3), (3, 2, 2, 2, 3), (-1., -0.75, -0.5, -0.25, -0.125, -0.), (0., 0.25, 0.5, 0.75, 1.), .UNSPECIFIED.)
  GEOMETRIC_REPRESENTATION_ITEM()
  RATIONAL_B_SPLINE_SURFACE(((2., 1.41421356, 2., 1.41421356, 2., 1.41421356, 2., 1.41421356, 2.), (1.85355339, 1.31066017, 1.85355339, 1.31066017, 1.85355339, 1.31066017, 1.85355339, 1.31066017, 1.85355339), (1.85355339, 1.31066017, 1.85355339, 1.31066017, 1.85355339, 1.31066017, 1.85355339, 1.31066017, 1.85355339), (2., 1.41421356, 2., 1.41421356, 2., 1.41421356, 2., 1.41421356, 2.), (1.85355339, 1.31066017, 1.85355339, 1.31066017, 1.85355339, 1.31066017, 1.85355339, 1.31066017, 1.85355339), (1.85355339, 1.31066017, 1.85355339, 1.31066017, 1.85355339, 1.31066017, 1.85355339, 1.31066017, 1.85355339), (1.9267767, 1.36243687, 1.9267767, 1.36243687, 1.9267767, 1.36243687, 1.9267767, 1.36243687, 1.9267767), (2., 1.41421356, 2., 1.41421356, 2., 1.41421356, 2., 1.41421356, 2.)))
  REPRESENTATION_ITEM('')
  SURFACE()
);
#9397 = CARTESIAN_POINT('', (-0., 0., 274.));
#9398 = DIRECTION('', (-0.38268343, 0.92387953, 0.));
#9399 = AXIS2_PLACEMENT_3D('', #9397, #9398, $);
#9400 = PLANE('', #9399);
#9401 = CARTESIAN_POINT('', (0., -0., -274.));
#9402 = DIRECTION('', (0.38268343, -0.92387953, 0.));
#9403 = AXIS2_PLACEMENT_3D('', #9401, #9402, $);
#9404 = PLANE('', #9403);
#9405 = CARTESIAN_POINT('', (-0.76536686, -1.84775907, -274.));
#9406 = CARTESIAN_POINT('', (-0.76536686, -1.84775907, -276.));
#9407 = CARTESIAN_POINT('', (0., -0., -276.));
#9408 = CARTESIAN_POINT('', (0.76536686, 1.84775907, -276.));
#9409 = CARTESIAN_POINT('', (0.76536686, 1.84775907, -274.));
#9410 = CARTESIAN_POINT('', (0.76536686, 1.84775907, -272.));
#9411 = CARTESIAN_POINT('', (0., -0., -272.));
#9412 = CARTESIAN_POINT('', (-0.76536686, -1.84775907, -272.));
#9413 = CARTESIAN_POINT('', (-0.76536686, -1.84775907, -274.));
#9414 = CARTESIAN_POINT('', (-101.88969526, 40.03930924, -275.51996737));
#9415 = CARTESIAN_POINT('', (-102.62782904, 40.34505427, -277.53106203));
#9416 = CARTESIAN_POINT('', (-101.86246218, 42.19281333, -277.53106203));
#9417 = CARTESIAN_POINT('', (-101.09709531, 44.0405724, -277.53106203));
#9418 = CARTESIAN_POINT('', (-100.35896153, 43.73482737, -275.51996737));
#9419 = CARTESIAN_POINT('', (-99.62082775, 43.42908235, -273.50887272));
#9420 = CARTESIAN_POINT('', (-100.38619461, 41.58132328, -273.50887272));
#9421 = CARTESIAN_POINT('', (-101.15156148, 39.73356422, -273.50887272));
#9422 = CARTESIAN_POINT('', (-101.88969526, 40.03930924, -275.51996737));
#9423 = CARTESIAN_POINT('', (-255.31262552, 103.58916773, -109.45618432));
#9424 = CARTESIAN_POINT('', (-257.17063471, 104.35878034, -110.25513457));
#9425 = CARTESIAN_POINT('', (-256.40526784, 106.2065394, -110.25513457));
#9426 = CARTESIAN_POINT('', (-255.63990098, 108.05429847, -110.25513457));
#9427 = CARTESIAN_POINT('', (-253.78189179, 107.28468586, -109.45618432));
#9428 = CARTESIAN_POINT('', (-251.9238826, 106.51507326, -108.65723406));
#9429 = CARTESIAN_POINT('', (-252.68924947, 104.6673142, -108.65723406));
#9430 = CARTESIAN_POINT('', (-253.45461633, 102.81955513, -108.65723406));
#9431 = CARTESIAN_POINT('', (-255.31262552, 103.58916773, -109.45618432));
#9432 = CARTESIAN_POINT('', (-253.90835877, 103.0075014, -0.));
#9433 = CARTESIAN_POINT('', (-255.75611784, 103.77286827, -0.));
#9434 = CARTESIAN_POINT('', (-254.99075097, 105.62062733, -0.));
#9435 = CARTESIAN_POINT('', (-254.22538411, 107.4683864, -0.));
#9436 = CARTESIAN_POINT('', (-252.37762504, 106.70301953, -0.));
#9437 = CARTESIAN_POINT('', (-250.52986598, 105.93765267, -0.));
#9438 = CARTESIAN_POINT('', (-251.29523284, 104.0898936, -0.));
#9439 = CARTESIAN_POINT('', (-252.06059971, 102.24213454, -0.));
#9440 = CARTESIAN_POINT('', (-253.90835877, 103.0075014, -0.));
#9441 = CARTESIAN_POINT('', (-254.75978066, 103.36017189, 109.28414043));
#9442 = CARTESIAN_POINT('', (-256.61375448, 104.128113, 110.08183489));
#9443 = CARTESIAN_POINT('', (-255.84838761, 105.97587206, 110.08183489));
#9444 = CARTESIAN_POINT('', (-255.08302075, 107.82363113, 110.08183489));
#9445 = CARTESIAN_POINT('', (-253.22904693, 107.05569002, 109.28414043));
#9446 = CARTESIAN_POINT('', (-251.3750731, 106.28774892, 108.48644598));
#9447 = CARTESIAN_POINT('', (-252.14043997, 104.43998986, 108.48644598));
#9448 = CARTESIAN_POINT('', (-252.90580683, 102.59223079, 108.48644598));
#9449 = CARTESIAN_POINT('', (-254.75978066, 103.36017189, 109.28414043));
#9450 = CARTESIAN_POINT('', (-142.18038485, 56.72825931, 234.60617519));
#9451 = CARTESIAN_POINT('', (-143.21261126, 57.15582149, 236.31862902));
#9452 = CARTESIAN_POINT('', (-142.44724439, 59.00358055, 236.31862902));
#9453 = CARTESIAN_POINT('', (-141.68187753, 60.85133962, 236.31862902));
#9454 = CARTESIAN_POINT('', (-140.64965112, 60.42377744, 234.60617519));
#9455 = CARTESIAN_POINT('', (-139.61742471, 59.99621526, 232.89372136));
#9456 = CARTESIAN_POINT('', (-140.38279158, 58.14845619, 232.89372136));
#9457 = CARTESIAN_POINT('', (-141.14815844, 56.30069713, 232.89372136));
#9458 = CARTESIAN_POINT('', (-142.18038485, 56.72825931, 234.60617519));
#9459 = CARTESIAN_POINT('', (-47.6075808, 17.55492124, 274.22565408));
#9460 = CARTESIAN_POINT('', (-47.94949477, 17.69654664, 276.22730119));
#9461 = CARTESIAN_POINT('', (-47.1841279, 19.54430571, 276.22730119));
#9462 = CARTESIAN_POINT('', (-46.41876104, 21.39206477, 276.22730119));
#9463 = CARTESIAN_POINT('', (-46.07684707, 21.25043937, 274.22565408));
#9464 = CARTESIAN_POINT('', (-45.7349331, 21.10881396, 272.22400697));
#9465 = CARTESIAN_POINT('', (-46.50029996, 19.2610549, 272.22400697));
#9466 = CARTESIAN_POINT('', (-47.26566682, 17.41329583, 272.22400697));
#9467 = CARTESIAN_POINT('', (-47.6075808, 17.55492124, 274.22565408));
#9468 = CARTESIAN_POINT('', (-0.76536686, -1.84775907, 274.));
#9469 = CARTESIAN_POINT('', (-0.76536686, -1.84775907, 276.));
#9470 = CARTESIAN_POINT('', (-0., 0., 276.));
#9471 = CARTESIAN_POINT('', (0.76536686, 1.84775907, 276.));
#9472 = CARTESIAN_POINT('', (0.76536686, 1.84775907, 274.));
#9473 = CARTESIAN_POINT('', (0.76536686, 1.84775907, 272.));
#9474 = CARTESIAN_POINT('', (-0., 0., 272.));
#9475 = CARTESIAN_POINT('', (-0.76536686, -1.84775907, 272.));
#9476 = CARTESIAN_POINT('', (-0.76536686, -1.84775907, 274.));
#9477 = (
  BOUNDED_SURFACE()
  B_SPLINE_SURFACE(2, 2, ((#9405, #9406, #9407, #9408, #9409, #9410, #9411, #9412, #9413), (#9414, #9415, #9416, #9417, #9418, #9419, #9420, #9421, #9422), (#9423, #9424, #9425, #9426, #9427, #9428, #9429, #9430, #9431), (#9432, #9433, #9434, #9435, #9436, #9437, #9438, #9439, #9440), (#9441, #9442, #9443, #9444, #9445, #9446, #9447, #9448, #9449), (#9450, #9451, #9452, #9453, #9454, #9455, #9456, #9457, #9458), (#9459, #9460, #9461, #9462, #9463, #9464, #9465, #9466, #9467), (#9468, #9469, #9470, #9471, #9472, #9473, #9474, #9475, #9476)), .UNSPECIFIED., .F., .F., .F.)
  B_SPLINE_SURFACE_WITH_KNOTS((3, 1, 2, 1, 1, 3), (3, 2, 2, 2, 3), (-1., -0.75, -0.5, -0.25, -0.125, -0.), (0., 0.25, 0.5, 0.75, 1.), .UNSPECIFIED.)
  GEOMETRIC_REPRESENTATION_ITEM()
  RATIONAL_B_SPLINE_SURFACE(((2., 1.41421356, 2., 1.41421356, 2., 1.41421356, 2., 1.41421356, 2.), (1.85355339, 1.31066017, 1.85355339, 1.31066017, 1.85355339, 1.31066017, 1.85355339, 1.31066017, 1.85355339), (1.85355339, 1.31066017, 1.85355339, 1.31066017, 1.85355339, 1.31066017, 1.85355339, 1.31066017, 1.85355339), (2., 1.41421356, 2., 1.41421356, 2., 1.41421356, 2., 1.41421356, 2.), (1.85355339, 1.31066017, 1.85355339, 1.31066017, 1.85355339, 1.31066017, 1.85355339, 1.31066017, 1.85355339), (1.85355339, 1.31066017, 1.85355339, 1.31066017, 1.85355339, 1.31066017, 1.85355339, 1.31066017, 1.85355339), (1.9267767, 1.36243687, 1.9267767, 1.36243687, 1.9267767, 1.36243687, 1.9267767, 1.36243687, 1.9267767), (2., 1.41421356, 2., 1.41421356, 2., 1.41421356, 2., 1.41421356, 2.)))
  REPRESENTATION_ITEM('')
  SURFACE()
);
#9478 = CARTESIAN_POINT('', (-0., 0., 274.));
#9479 = DIRECTION('', (-0.92387953, 0.38268343, 0.));
#9480 = AXIS2_PLACEMENT_3D('', #9478, #9479, $);
#9481 = PLANE('', #9480);
#9482 = CARTESIAN_POINT('', (0., -0., -274.));
#9483 = DIRECTION('', (0.92387953, -0.38268343, 0.));
#9484 = AXIS2_PLACEMENT_3D('', #9482, #9483, $);
#9485 = PLANE('', #9484);
#9486 = CARTESIAN_POINT('', (0.76536686, -1.84775907, -274.));
#9487 = CARTESIAN_POINT('', (0.76536686, -1.84775907, -276.));
#9488 = CARTESIAN_POINT('', (0., 0., -276.));
#9489 = CARTESIAN_POINT('', (-0.76536686, 1.84775907, -276.));
#9490 = CARTESIAN_POINT('', (-0.76536686, 1.84775907, -274.));
#9491 = CARTESIAN_POINT('', (-0.76536686, 1.84775907, -272.));
#9492 = CARTESIAN_POINT('', (0., 0., -272.));
#9493 = CARTESIAN_POINT('', (0.76536686, -1.84775907, -272.));
#9494 = CARTESIAN_POINT('', (0.76536686, -1.84775907, -274.));
#9495 = CARTESIAN_POINT('', (-100.35896153, -43.73482737, -275.51996737));
#9496 = CARTESIAN_POINT('', (-101.09709531, -44.0405724, -277.53106203));
#9497 = CARTESIAN_POINT('', (-101.86246218, -42.19281333, -277.53106203));
#9498 = CARTESIAN_POINT('', (-102.62782904, -40.34505427, -277.53106203));
#9499 = CARTESIAN_POINT('', (-101.88969526, -40.03930924, -275.51996737));
#9500 = CARTESIAN_POINT('', (-101.15156148, -39.73356422, -273.50887272));
#9501 = CARTESIAN_POINT('', (-100.38619461, -41.58132328, -273.50887272));
#9502 = CARTESIAN_POINT('', (-99.62082775, -43.42908235, -273.50887272));
#9503 = CARTESIAN_POINT('', (-100.35896153, -43.73482737, -275.51996737));
#9504 = CARTESIAN_POINT('', (-253.78189179, -107.28468586, -109.45618432));
#9505 = CARTESIAN_POINT('', (-255.63990098, -108.05429847, -110.25513457));
#9506 = CARTESIAN_POINT('', (-256.40526784, -106.2065394, -110.25513457));
#9507 = CARTESIAN_POINT('', (-257.17063471, -104.35878034, -110.25513457));
#9508 = CARTESIAN_POINT('', (-255.31262552, -103.58916773, -109.45618432));
#9509 = CARTESIAN_POINT('', (-253.45461633, -102.81955513, -108.65723406));
#9510 = CARTESIAN_POINT('', (-252.68924947, -104.6673142, -108.65723406));
#9511 = CARTESIAN_POINT('', (-251.9238826, -106.51507326, -108.65723406));
#9512 = CARTESIAN_POINT('', (-253.78189179, -107.28468586, -109.45618432));
#9513 = CARTESIAN_POINT('', (-252.37762504, -106.70301953, -0.));
#9514 = CARTESIAN_POINT('', (-254.22538411, -107.4683864, -0.));
#9515 = CARTESIAN_POINT('', (-254.99075097, -105.62062733, -0.));
#9516 = CARTESIAN_POINT('', (-255.75611784, -103.77286827, -0.));
#9517 = CARTESIAN_POINT('', (-253.90835877, -103.0075014, -0.));
#9518 = CARTESIAN_POINT('', (-252.06059971, -102.24213454, -0.));
#9519 = CARTESIAN_POINT('', (-251.29523284, -104.0898936, -0.));
#9520 = CARTESIAN_POINT('', (-250.52986598, -105.93765267, -0.));
#9521 = CARTESIAN_POINT('', (-252.37762504, -106.70301953, -0.));
#9522 = CARTESIAN_POINT('', (-253.22904693, -107.05569002, 109.28414043));
#9523 = CARTESIAN_POINT('', (-255.08302075, -107.82363113, 110.08183489));
#9524 = CARTESIAN_POINT('', (-255.84838761, -105.97587206, 110.08183489));
#9525 = CARTESIAN_POINT('', (-256.61375448, -104.128113, 110.08183489));
#9526 = CARTESIAN_POINT('', (-254.75978066, -103.36017189, 109.28414043));
#9527 = CARTESIAN_POINT('', (-252.90580683, -102.59223079, 108.48644598));
#9528 = CARTESIAN_POINT('', (-252.14043997, -104.43998986, 108.48644598));
#9529 = CARTESIAN_POINT('', (-251.3750731, -106.28774892, 108.48644598));
#9530 = CARTESIAN_POINT('', (-253.22904693, -107.05569002, 109.28414043));
#9531 = CARTESIAN_POINT('', (-140.64965112, -60.42377744, 234.60617519));
#9532 = CARTESIAN_POINT('', (-141.68187753, -60.85133962, 236.31862902));
#9533 = CARTESIAN_POINT('', (-142.44724439, -59.00358055, 236.31862902));
#9534 = CARTESIAN_POINT('', (-143.21261126, -57.15582149, 236.31862902));
#9535 = CARTESIAN_POINT('', (-142.18038485, -56.72825931, 234.60617519));
#9536 = CARTESIAN_POINT('', (-141.14815844, -56.30069713, 232.89372136));
#9537 = CARTESIAN_POINT('', (-140.38279158, -58.14845619, 232.89372136));
#9538 = CARTESIAN_POINT('', (-139.61742471, -59.99621526, 232.89372136));
#9539 = CARTESIAN_POINT('', (-140.64965112, -60.42377744, 234.60617519));
#9540 = CARTESIAN_POINT('', (-46.07684707, -21.25043937, 274.22565408));
#9541 = CARTESIAN_POINT('', (-46.41876104, -21.39206477, 276.22730119));
#9542 = CARTESIAN_POINT('', (-47.1841279, -19.54430571, 276.22730119));
#9543 = CARTESIAN_POINT('', (-47.94949477, -17.69654664, 276.22730119));
#9544 = CARTESIAN_POINT('', (-47.6075808, -17.55492124, 274.22565408));
#9545 = CARTESIAN_POINT('', (-47.26566682, -17.41329583, 272.22400697));
#9546 = CARTESIAN_POINT('', (-46.50029996, -19.2610549, 272.22400697));
#9547 = CARTESIAN_POINT('', (-45.7349331, -21.10881396, 272.22400697));
#9548 = CARTESIAN_POINT('', (-46.07684707, -21.25043937, 274.22565408));
#9549 = CARTESIAN_POINT('', (0.76536686, -1.84775907, 274.));
#9550 = CARTESIAN_POINT('', (0.76536686, -1.84775907, 276.));
#9551 = CARTESIAN_POINT('', (-0., -0., 276.));
#9552 = CARTESIAN_POINT('', (-0.76536686, 1.84775907, 276.));
#9553 = CARTESIAN_POINT('', (-0.76536686, 1.84775907, 274.));
#9554 = CARTESIAN_POINT('', (-0.76536686, 1.84775907, 272.));
#9555 = CARTESIAN_POINT('', (-0., -0., 272.));
#9556 = CARTESIAN_POINT('', (0.76536686, -1.84775907, 272.));
#9557 = CARTESIAN_POINT('', (0.76536686, -1.84775907, 274.));
#9558 = (
  BOUNDED_SURFACE()
  B_SPLINE_SURFACE(2, 2, ((#9486, #9487, #9488, #9489, #9490, #9491, #9492, #9493, #9494), (#9495, #9496, #9497, #9498, #9499, #9500, #9501, #9502, #9503), (#9504, #9505, #9506, #9507, #9508, #9509, #9510, #9511, #9512), (#9513, #9514, #9515, #9516, #9517, #9518, #9519, #9520, #9521), (#9522, #9523, #9524, #9525, #9526, #9527, #9528, #9529, #9530), (#9531, #9532, #9533, #9534, #9535, #9536, #9537, #9538, #9539), (#9540, #9541, #9542, #9543, #9544, #9545, #9546, #9547, #9548), (#9549, #9550, #9551, #9552, #9553, #9554, #9555, #9556, #9557)), .UNSPECIFIED., .F., .F., .F.)
  B_SPLINE_SURFACE_WITH_KNOTS((3, 1, 2, 1, 1, 3), (3, 2, 2, 2, 3), (-1., -0.75, -0.5, -0.25, -0.125, -0.), (0., 0.25, 0.5, 0.75, 1.), .UNSPECIFIED.)
  GEOMETRIC_REPRESENTATION_ITEM()
  RATIONAL_B_SPLINE_SURFACE(((2., 1.41421356, 2., 1.41421356, 2., 1.41421356, 2., 1.41421356, 2.), (1.85355339, 1.31066017, 1.85355339, 1.31066017, 1.85355339, 1.31066017, 1.85355339, 1.31066017, 1.85355339), (1.85355339, 1.31066017, 1.85355339, 1.31066017, 1.85355339, 1.31066017, 1.85355339, 1.31066017, 1.85355339), (2., 1.41421356, 2., 1.41421356, 2., 1.41421356, 2., 1.41421356, 2.), (1.85355339, 1.31066017, 1.85355339, 1.31066017, 1.85355339, 1.31066017, 1.85355339, 1.31066017, 1.85355339), (1.85355339, 1.31066017, 1.85355339, 1.31066017, 1.85355339, 1.31066017, 1.85355339, 1.31066017, 1.85355339), (1.9267767, 1.36243687, 1.9267767, 1.36243687, 1.9267767, 1.36243687, 1.9267767, 1.36243687, 1.9267767), (2., 1.41421356, 2., 1.41421356, 2., 1.41421356, 2., 1.41421356, 2.)))
  REPRESENTATION_ITEM('')
  SURFACE()
);
#9559 = CARTESIAN_POINT('', (-0., -0., 274.));
#9560 = DIRECTION('', (-0.92387953, -0.38268343, 0.));
#9561 = AXIS2_PLACEMENT_3D('', #9559, #9560, $);
#9562 = PLANE('', #9561);
#9563 = CARTESIAN_POINT('', (0., 0., -274.));
#9564 = DIRECTION('', (0.92387953, 0.38268343, 0.));
#9565 = AXIS2_PLACEMENT_3D('', #9563, #9564, $);
#9566 = PLANE('', #9565);
#9567 = CARTESIAN_POINT('', (1.84775907, -0.76536686, -274.));
#9568 = CARTESIAN_POINT('', (1.84775907, -0.76536686, -276.));
#9569 = CARTESIAN_POINT('', (0., 0., -276.));
#9570 = CARTESIAN_POINT('', (-1.84775907, 0.76536686, -276.));
#9571 = CARTESIAN_POINT('', (-1.84775907, 0.76536686, -274.));
#9572 = CARTESIAN_POINT('', (-1.84775907, 0.76536686, -272.));
#9573 = CARTESIAN_POINT('', (0., 0., -272.));
#9574 = CARTESIAN_POINT('', (1.84775907, -0.76536686, -272.));
#9575 = CARTESIAN_POINT('', (1.84775907, -0.76536686, -274.));
#9576 = CARTESIAN_POINT('', (-40.03930924, -101.88969526, -275.51996737));
#9577 = CARTESIAN_POINT('', (-40.34505427, -102.62782904, -277.53106203));
#9578 = CARTESIAN_POINT('', (-42.19281333, -101.86246218, -277.53106203));
#9579 = CARTESIAN_POINT('', (-44.0405724, -101.09709531, -277.53106203));
#9580 = CARTESIAN_POINT('', (-43.73482737, -100.35896153, -275.51996737));
#9581 = CARTESIAN_POINT('', (-43.42908235, -99.62082775, -273.50887272));
#9582 = CARTESIAN_POINT('', (-41.58132328, -100.38619461, -273.50887272));
#9583 = CARTESIAN_POINT('', (-39.73356422, -101.15156148, -273.50887272));
#9584 = CARTESIAN_POINT('', (-40.03930924, -101.88969526, -275.51996737));
#9585 = CARTESIAN_POINT('', (-103.58916773, -255.31262552, -109.45618432));
#9586 = CARTESIAN_POINT('', (-104.35878034, -257.17063471, -110.25513457));
#9587 = CARTESIAN_POINT('', (-106.2065394, -256.40526784, -110.25513457));
#9588 = CARTESIAN_POINT('', (-108.05429847, -255.63990098, -110.25513457));
#9589 = CARTESIAN_POINT('', (-107.28468586, -253.78189179, -109.45618432));
#9590 = CARTESIAN_POINT('', (-106.51507326, -251.9238826, -108.65723406));
#9591 = CARTESIAN_POINT('', (-104.6673142, -252.68924947, -108.65723406));
#9592 = CARTESIAN_POINT('', (-102.81955513, -253.45461633, -108.65723406));
#9593 = CARTESIAN_POINT('', (-103.58916773, -255.31262552, -109.45618432));
#9594 = CARTESIAN_POINT('', (-103.0075014, -253.90835877, -0.));
#9595 = CARTESIAN_POINT('', (-103.77286827, -255.75611784, -0.));
#9596 = CARTESIAN_POINT('', (-105.62062733, -254.99075097, -0.));
#9597 = CARTESIAN_POINT('', (-107.4683864, -254.22538411, -0.));
#9598 = CARTESIAN_POINT('', (-106.70301953, -252.37762504, -0.));
#9599 = CARTESIAN_POINT('', (-105.93765267, -250.52986598, -0.));
#9600 = CARTESIAN_POINT('', (-104.0898936, -251.29523284, -0.));
#9601 = CARTESIAN_POINT('', (-102.24213454, -252.06059971, -0.));
#9602 = CARTESIAN_POINT('', (-103.0075014, -253.90835877, -0.));
#9603 = CARTESIAN_POINT('', (-103.36017189, -254.75978066, 109.28414043));
#9604 = CARTESIAN_POINT('', (-104.128113, -256.61375448, 110.08183489));
#9605 = CARTESIAN_POINT('', (-105.97587206, -255.84838761, 110.08183489));
#9606 = CARTESIAN_POINT('', (-107.82363113, -255.08302075, 110.08183489));
#9607 = CARTESIAN_POINT('', (-107.05569002, -253.22904693, 109.28414043));
#9608 = CARTESIAN_POINT('', (-106.28774892, -251.3750731, 108.48644598));
#9609 = CARTESIAN_POINT('', (-104.43998986, -252.14043997, 108.48644598));
#9610 = CARTESIAN_POINT('', (-102.59223079, -252.90580683, 108.48644598));
#9611 = CARTESIAN_POINT('', (-103.36017189, -254.75978066, 109.28414043));
#9612 = CARTESIAN_POINT('', (-56.72825931, -142.18038485, 234.60617519));
#9613 = CARTESIAN_POINT('', (-57.15582149, -143.21261126, 236.31862902));
#9614 = CARTESIAN_POINT('', (-59.00358055, -142.44724439, 236.31862902));
#9615 = CARTESIAN_POINT('', (-60.85133962, -141.68187753, 236.31862902));
#9616 = CARTESIAN_POINT('', (-60.42377744, -140.64965112, 234.60617519));
#9617 = CARTESIAN_POINT('', (-59.99621526, -139.61742471, 232.89372136));
#9618 = CARTESIAN_POINT('', (-58.14845619, -140.38279158, 232.89372136));
#9619 = CARTESIAN_POINT('', (-56.30069713, -141.14815844, 232.89372136));
#9620 = CARTESIAN_POINT('', (-56.72825931, -142.18038485, 234.60617519));
#9621 = CARTESIAN_POINT('', (-17.55492124, -47.6075808, 274.22565408));
#9622 = CARTESIAN_POINT('', (-17.69654664, -47.94949477, 276.22730119));
#9623 = CARTESIAN_POINT('', (-19.54430571, -47.1841279, 276.22730119));
#9624 = CARTESIAN_POINT('', (-21.39206477, -46.41876104, 276.22730119));
#9625 = CARTESIAN_POINT('', (-21.25043937, -46.07684707, 274.22565408));
#9626 = CARTESIAN_POINT('', (-21.10881396, -45.7349331, 272.22400697));
#9627 = CARTESIAN_POINT('', (-19.2610549, -46.50029996, 272.22400697));
#9628 = CARTESIAN_POINT('', (-17.41329583, -47.26566682, 272.22400697));
#9629 = CARTESIAN_POINT('', (-17.55492124, -47.6075808, 274.22565408));
#9630 = CARTESIAN_POINT('', (1.84775907, -0.76536686, 274.));
#9631 = CARTESIAN_POINT('', (1.84775907, -0.76536686, 276.));
#9632 = CARTESIAN_POINT('', (-0., -0., 276.));
#9633 = CARTESIAN_POINT('', (-1.84775907, 0.76536686, 276.));
#9634 = CARTESIAN_POINT('', (-1.84775907, 0.76536686, 274.));
#9635 = CARTESIAN_POINT('', (-1.84775907, 0.76536686, 272.));
#9636 = CARTESIAN_POINT('', (-0., -0., 272.));
#9637 = CARTESIAN_POINT('', (1.84775907, -0.76536686, 272.));
#9638 = CARTESIAN_POINT('', (1.84775907, -0.76536686, 274.));
#9639 = (
  BOUNDED_SURFACE()
  B_SPLINE_SURFACE(2, 2, ((#9567, #9568, #9569, #9570, #9571, #9572, #9573, #9574, #9575), (#9576, #9577, #9578, #9579, #9580, #9581, #9582, #9583, #9584), (#9585, #9586, #9587, #9588, #9589, #9590, #9591, #9592, #9593), (#9594, #9595, #9596, #9597, #9598, #9599, #9600, #9601, #9602), (#9603, #9604, #9605, #9606, #9607, #9608, #9609, #9610, #9611), (#9612, #9613, #9614, #9615, #9616, #9617, #9618, #9619, #9620), (#9621, #9622, #9623, #9624, #9625, #9626, #9627, #9628, #9629), (#9630, #9631, #9632, #9633, #9634, #9635, #9636, #9637, #9638)), .UNSPECIFIED., .F., .F., .F.)
  B_SPLINE_SURFACE_WITH_KNOTS((3, 1, 2, 1, 1, 3), (3, 2, 2, 2, 3), (-1., -0.75, -0.5, -0.25, -0.125, -0.), (0., 0.25, 0.5, 0.75, 1.), .UNSPECIFIED.)
  GEOMETRIC_REPRESENTATION_ITEM()
  RATIONAL_B_SPLINE_SURFACE(((2., 1.41421356, 2., 1.41421356, 2., 1.41421356, 2., 1.41421356, 2.), (1.85355339, 1.31066017, 1.85355339, 1.31066017, 1.85355339, 1.31066017, 1.85355339, 1.31066017, 1.85355339), (1.85355339, 1.31066017, 1.85355339, 1.31066017, 1.85355339, 1.31066017, 1.85355339, 1.31066017, 1.85355339), (2., 1.41421356, 2., 1.41421356, 2., 1.41421356, 2., 1.41421356, 2.), (1.85355339, 1.31066017, 1.85355339, 1.31066017, 1.85355339, 1.31066017, 1.85355339, 1.31066017, 1.85355339), (1.85355339, 1.31066017, 1.85355339, 1.31066017, 1.85355339, 1.31066017, 1.85355339, 1.31066017, 1.85355339), (1.9267767, 1.36243687, 1.9267767, 1.36243687, 1.9267767, 1.36243687, 1.9267767, 1.36243687, 1.9267767), (2., 1.41421356, 2., 1.41421356, 2., 1.41421356, 2., 1.41421356, 2.)))
  REPRESENTATION_ITEM('')
  SURFACE()
);
#9640 = CARTESIAN_POINT('', (-0., -0., 274.));
#9641 = DIRECTION('', (-0.38268343, -0.92387953, 0.));
#9642 = AXIS2_PLACEMENT_3D('', #9640, #9641, $);
#9643 = PLANE('', #9642);
#9644 = CARTESIAN_POINT('', (0., 0., -274.));
#9645 = DIRECTION('', (0.38268343, 0.92387953, 0.));
#9646 = AXIS2_PLACEMENT_3D('', #9644, #9645, $);
#9647 = PLANE('', #9646);
#9648 = CARTESIAN_POINT('', (1.84775907, 0.76536686, -274.));
#9649 = CARTESIAN_POINT('', (1.84775907, 0.76536686, -276.));
#9650 = CARTESIAN_POINT('', (-0., 0., -276.));
#9651 = CARTESIAN_POINT('', (-1.84775907, -0.76536686, -276.));
#9652 = CARTESIAN_POINT('', (-1.84775907, -0.76536686, -274.));
#9653 = CARTESIAN_POINT('', (-1.84775907, -0.76536686, -272.));
#9654 = CARTESIAN_POINT('', (-0., 0., -272.));
#9655 = CARTESIAN_POINT('', (1.84775907, 0.76536686, -272.));
#9656 = CARTESIAN_POINT('', (1.84775907, 0.76536686, -274.));
#9657 = CARTESIAN_POINT('', (43.73482737, -100.35896153, -275.51996737));
#9658 = CARTESIAN_POINT('', (44.0405724, -101.09709531, -277.53106203));
#9659 = CARTESIAN_POINT('', (42.19281333, -101.86246218, -277.53106203));
#9660 = CARTESIAN_POINT('', (40.34505427, -102.62782904, -277.53106203));
#9661 = CARTESIAN_POINT('', (40.03930924, -101.88969526, -275.51996737));
#9662 = CARTESIAN_POINT('', (39.73356422, -101.15156148, -273.50887272));
#9663 = CARTESIAN_POINT('', (41.58132328, -100.38619461, -273.50887272));
#9664 = CARTESIAN_POINT('', (43.42908235, -99.62082775, -273.50887272));
#9665 = CARTESIAN_POINT('', (43.73482737, -100.35896153, -275.51996737));
#9666 = CARTESIAN_POINT('', (107.28468586, -253.78189179, -109.45618432));
#9667 = CARTESIAN_POINT('', (108.05429847, -255.63990098, -110.25513457));
#9668 = CARTESIAN_POINT('', (106.2065394, -256.40526784, -110.25513457));
#9669 = CARTESIAN_POINT('', (104.35878034, -257.17063471, -110.25513457));
#9670 = CARTESIAN_POINT('', (103.58916773, -255.31262552, -109.45618432));
#9671 = CARTESIAN_POINT('', (102.81955513, -253.45461633, -108.65723406));
#9672 = CARTESIAN_POINT('', (104.6673142, -252.68924947, -108.65723406));
#9673 = CARTESIAN_POINT('', (106.51507326, -251.9238826, -108.65723406));
#9674 = CARTESIAN_POINT('', (107.28468586, -253.78189179, -109.45618432));
#9675 = CARTESIAN_POINT('', (106.70301953, -252.37762504, -0.));
#9676 = CARTESIAN_POINT('', (107.4683864, -254.22538411, -0.));
#9677 = CARTESIAN_POINT('', (105.62062733, -254.99075097, -0.));
#9678 = CARTESIAN_POINT('', (103.77286827, -255.75611784, -0.));
#9679 = CARTESIAN_POINT('', (103.0075014, -253.90835877, -0.));
#9680 = CARTESIAN_POINT('', (102.24213454, -252.06059971, -0.));
#9681 = CARTESIAN_POINT('', (104.0898936, -251.29523284, -0.));
#9682 = CARTESIAN_POINT('', (105.93765267, -250.52986598, -0.));
#9683 = CARTESIAN_POINT('', (106.70301953, -252.37762504, -0.));
#9684 = CARTESIAN_POINT('', (107.05569002, -253.22904693, 109.28414043));
#9685 = CARTESIAN_POINT('', (107.82363113, -255.08302075, 110.08183489));
#9686 = CARTESIAN_POINT('', (105.97587206, -255.84838761, 110.08183489));
#9687 = CARTESIAN_POINT('', (104.128113, -256.61375448, 110.08183489));
#9688 = CARTESIAN_POINT('', (103.36017189, -254.75978066, 109.28414043));
#9689 = CARTESIAN_POINT('', (102.59223079, -252.90580683, 108.48644598));
#9690 = CARTESIAN_POINT('', (104.43998986, -252.14043997, 108.48644598));
#9691 = CARTESIAN_POINT('', (106.28774892, -251.3750731, 108.48644598));
#9692 = CARTESIAN_POINT('', (107.05569002, -253.22904693, 109.28414043));
#9693 = CARTESIAN_POINT('', (60.42377744, -140.64965112, 234.60617519));
#9694 = CARTESIAN_POINT('', (60.85133962, -141.68187753, 236.31862902));
#9695 = CARTESIAN_POINT('', (59.00358055, -142.44724439, 236.31862902));
#9696 = CARTESIAN_POINT('', (57.15582149, -143.21261126, 236.31862902));
#9697 = CARTESIAN_POINT('', (56.72825931, -142.18038485, 234.60617519));
#9698 = CARTESIAN_POINT('', (56.30069713, -141.14815844, 232.89372136));
#9699 = CARTESIAN_POINT('', (58.14845619, -140.38279158, 232.89372136));
#9700 = CARTESIAN_POINT('', (59.99621526, -139.61742471, 232.89372136));
#9701 = CARTESIAN_POINT('', (60.42377744, -140.64965112, 234.60617519));
#9702 = CARTESIAN_POINT('', (21.25043937, -46.07684707, 274.22565408));
#9703 = CARTESIAN_POINT('', (21.39206477, -46.41876104, 276.22730119));
#9704 = CARTESIAN_POINT('', (19.54430571, -47.1841279, 276.22730119));
#9705 = CARTESIAN_POINT('', (17.69654664, -47.94949477, 276.22730119));
#9706 = CARTESIAN_POINT('', (17.55492124, -47.6075808, 274.22565408));
#9707 = CARTESIAN_POINT('', (17.41329583, -47.26566682, 272.22400697));
#9708 = CARTESIAN_POINT('', (19.2610549, -46.50029996, 272.22400697));
#9709 = CARTESIAN_POINT('', (21.10881396, -45.7349331, 272.22400697));
#9710 = CARTESIAN_POINT('', (21.25043937, -46.07684707, 274.22565408));
#9711 = CARTESIAN_POINT('', (1.84775907, 0.76536686, 274.));
#9712 = CARTESIAN_POINT('', (1.84775907, 0.76536686, 276.));
#9713 = CARTESIAN_POINT('', (0., -0., 276.));
#9714 = CARTESIAN_POINT('', (-1.84775907, -0.76536686, 276.));
#9715 = CARTESIAN_POINT('', (-1.84775907, -0.76536686, 274.));
#9716 = CARTESIAN_POINT('', (-1.84775907, -0.76536686, 272.));
#9717 = CARTESIAN_POINT('', (0., -0., 272.));
#9718 = CARTESIAN_POINT('', (1.84775907, 0.76536686, 272.));
#9719 = CARTESIAN_POINT('', (1.84775907, 0.76536686, 274.));
#9720 = (
  BOUNDED_SURFACE()
  B_SPLINE_SURFACE(2, 2, ((#9648, #9649, #9650, #9651, #9652, #9653, #9654, #9655, #9656), (#9657, #9658, #9659, #9660, #9661, #9662, #9663, #9664, #9665), (#9666, #9667, #9668, #9669, #9670, #9671, #9672, #9673, #9674), (#9675, #9676, #9677, #9678, #9679, #9680, #9681, #9682, #9683), (#9684, #9685, #9686, #9687, #9688, #9689, #9690, #9691, #9692), (#9693, #9694, #9695, #9696, #9697, #9698, #9699, #9700, #9701), (#9702, #9703, #9704, #9705, #9706, #9707, #9708, #9709, #9710), (#9711, #9712, #9713, #9714, #9715, #9716, #9717, #9718, #9719)), .UNSPECIFIED., .F., .F., .F.)
  B_SPLINE_SURFACE_WITH_KNOTS((3, 1, 2, 1, 1, 3), (3, 2, 2, 2, 3), (-1., -0.75, -0.5, -0.25, -0.125, -0.), (0., 0.25, 0.5, 0.75, 1.), .UNSPECIFIED.)
  GEOMETRIC_REPRESENTATION_ITEM()
  RATIONAL_B_SPLINE_SURFACE(((2., 1.41421356, 2., 1.41421356, 2., 1.41421356, 2., 1.41421356, 2.), (1.85355339, 1.31066017, 1.85355339, 1.31066017, 1.85355339, 1.31066017, 1.85355339, 1.31066017, 1.85355339), (1.85355339, 1.31066017, 1.85355339, 1.31066017, 1.85355339, 1.31066017, 1.85355339, 1.31066017, 1.85355339), (2., 1.41421356, 2., 1.41421356, 2., 1.41421356, 2., 1.41421356, 2.), (1.85355339, 1.31066017, 1.85355339, 1.31066017, 1.85355339, 1.31066017, 1.85355339, 1.31066017, 1.85355339), (1.85355339, 1.31066017, 1.85355339, 1.31066017, 1.85355339, 1.31066017, 1.85355339, 1.31066017, 1.85355339), (1.9267767, 1.36243687, 1.9267767, 1.36243687, 1.9267767, 1.36243687, 1.9267767, 1.36243687, 1.9267767), (2., 1.41421356, 2., 1.41421356, 2., 1.41421356, 2., 1.41421356, 2.)))
  REPRESENTATION_ITEM('')
  SURFACE()
);
#9721 = CARTESIAN_POINT('', (0., -0., 274.));
#9722 = DIRECTION('', (0.38268343, -0.92387953, 0.));
#9723 = AXIS2_PLACEMENT_3D('', #9721, #9722, $);
#9724 = PLANE('', #9723);
#9725 = CARTESIAN_POINT('', (-0., 0., -274.));
#9726 = DIRECTION('', (-0.38268343, 0.92387953, 0.));
#9727 = AXIS2_PLACEMENT_3D('', #9725, #9726, $);
#9728 = PLANE('', #9727);
#9729 = CARTESIAN_POINT('', (0.76536686, 1.84775907, -274.));
#9730 = CARTESIAN_POINT('', (0.76536686, 1.84775907, -276.));
#9731 = CARTESIAN_POINT('', (-0., 0., -276.));
#9732 = CARTESIAN_POINT('', (-0.76536686, -1.84775907, -276.));
#9733 = CARTESIAN_POINT('', (-0.76536686, -1.84775907, -274.));
#9734 = CARTESIAN_POINT('', (-0.76536686, -1.84775907, -272.));
#9735 = CARTESIAN_POINT('', (-0., 0., -272.));
#9736 = CARTESIAN_POINT('', (0.76536686, 1.84775907, -272.));
#9737 = CARTESIAN_POINT('', (0.76536686, 1.84775907, -274.));
#9738 = CARTESIAN_POINT('', (101.88969526, -40.03930924, -275.51996737));
#9739 = CARTESIAN_POINT('', (102.62782904, -40.34505427, -277.53106203));
#9740 = CARTESIAN_POINT('', (101.86246218, -42.19281333, -277.53106203));
#9741 = CARTESIAN_POINT('', (101.09709531, -44.0405724, -277.53106203));
#9742 = CARTESIAN_POINT('', (100.35896153, -43.73482737, -275.51996737));
#9743 = CARTESIAN_POINT('', (99.62082775, -43.42908235, -273.50887272));
#9744 = CARTESIAN_POINT('', (100.38619461, -41.58132328, -273.50887272));
#9745 = CARTESIAN_POINT('', (101.15156148, -39.73356422, -273.50887272));
#9746 = CARTESIAN_POINT('', (101.88969526, -40.03930924, -275.51996737));
#9747 = CARTESIAN_POINT('', (255.31262552, -103.58916773, -109.45618432));
#9748 = CARTESIAN_POINT('', (257.17063471, -104.35878034, -110.25513457));
#9749 = CARTESIAN_POINT('', (256.40526784, -106.2065394, -110.25513457));
#9750 = CARTESIAN_POINT('', (255.63990098, -108.05429847, -110.25513457));
#9751 = CARTESIAN_POINT('', (253.78189179, -107.28468586, -109.45618432));
#9752 = CARTESIAN_POINT('', (251.9238826, -106.51507326, -108.65723406));
#9753 = CARTESIAN_POINT('', (252.68924947, -104.6673142, -108.65723406));
#9754 = CARTESIAN_POINT('', (253.45461633, -102.81955513, -108.65723406));
#9755 = CARTESIAN_POINT('', (255.31262552, -103.58916773, -109.45618432));
#9756 = CARTESIAN_POINT('', (253.90835877, -103.0075014, -0.));
#9757 = CARTESIAN_POINT('', (255.75611784, -103.77286827, -0.));
#9758 = CARTESIAN_POINT('', (254.99075097, -105.62062733, -0.));
#9759 = CARTESIAN_POINT('', (254.22538411, -107.4683864, -0.));
#9760 = CARTESIAN_POINT('', (252.37762504, -106.70301953, -0.));
#9761 = CARTESIAN_POINT('', (250.52986598, -105.93765267, -0.));
#9762 = CARTESIAN_POINT('', (251.29523284, -104.0898936, -0.));
#9763 = CARTESIAN_POINT('', (252.06059971, -102.24213454, -0.));
#9764 = CARTESIAN_POINT('', (253.90835877, -103.0075014, -0.));
#9765 = CARTESIAN_POINT('', (254.75978066, -103.36017189, 109.28414043));
#9766 = CARTESIAN_POINT('', (256.61375448, -104.128113, 110.08183489));
#9767 = CARTESIAN_POINT('', (255.84838761, -105.97587206, 110.08183489));
#9768 = CARTESIAN_POINT('', (255.08302075, -107.82363113, 110.08183489));
#9769 = CARTESIAN_POINT('', (253.22904693, -107.05569002, 109.28414043));
#9770 = CARTESIAN_POINT('', (251.3750731, -106.28774892, 108.48644598));
#9771 = CARTESIAN_POINT('', (252.14043997, -104.43998986, 108.48644598));
#9772 = CARTESIAN_POINT('', (252.90580683, -102.59223079, 108.48644598));
#9773 = CARTESIAN_POINT('', (254.75978066, -103.36017189, 109.28414043));
#9774 = CARTESIAN_POINT('', (142.18038485, -56.72825931, 234.60617519));
#9775 = CARTESIAN_POINT('', (143.21261126, -57.15582149, 236.31862902));
#9776 = CARTESIAN_POINT('', (142.44724439, -59.00358055, 236.31862902));
#9777 = CARTESIAN_POINT('', (141.68187753, -60.85133962, 236.31862902));
#9778 = CARTESIAN_POINT('', (140.64965112, -60.42377744, 234.60617519));
#9779 = CARTESIAN_POINT('', (139.61742471, -59.99621526, 232.89372136));
#9780 = CARTESIAN_POINT('', (140.38279158, -58.14845619, 232.89372136));
#9781 = CARTESIAN_POINT('', (141.14815844, -56.30069713, 232.89372136));
#9782 = CARTESIAN_POINT('', (142.18038485, -56.72825931, 234.60617519));
#9783 = CARTESIAN_POINT('', (47.6075808, -17.55492124, 274.22565408));
#9784 = CARTESIAN_POINT('', (47.94949477, -17.69654664, 276.22730119));
#9785 = CARTESIAN_POINT('', (47.1841279, -19.54430571, 276.22730119));
#9786 = CARTESIAN_POINT('', (46.41876104, -21.39206477, 276.22730119));
#9787 = CARTESIAN_POINT('', (46.07684707, -21.25043937, 274.22565408));
#9788 = CARTESIAN_POINT('', (45.7349331, -21.10881396, 272.22400697));
#9789 = CARTESIAN_POINT('', (46.50029996, -19.2610549, 272.22400697));
#9790 = CARTESIAN_POINT('', (47.26566682, -17.41329583, 272.22400697));
#9791 = CARTESIAN_POINT('', (47.6075808, -17.55492124, 274.22565408));
#9792 = CARTESIAN_POINT('', (0.76536686, 1.84775907, 274.));
#9793 = CARTESIAN_POINT('', (0.76536686, 1.84775907, 276.));
#9794 = CARTESIAN_POINT('', (0., -0., 276.));
#9795 = CARTESIAN_POINT('', (-0.76536686, -1.84775907, 276.));
#9796 = CARTESIAN_POINT('', (-0.76536686, -1.84775907, 274.));
#9797 = CARTESIAN_POINT('', (-0.76536686, -1.84775907, 272.));
#9798 = CARTESIAN_POINT('', (0., -0., 272.));
#9799 = CARTESIAN_POINT('', (0.76536686, 1.84775907, 272.));
#9800 = CARTESIAN_POINT('', (0.76536686, 1.84775907, 274.));
#9801 = (
  BOUNDED_SURFACE()
  B_SPLINE_SURFACE(2, 2, ((#9729, #9730, #9731, #9732, #9733, #9734, #9735, #9736, #9737), (#9738, #9739, #9740, #9741, #9742, #9743, #9744, #9745, #9746), (#9747, #9748, #9749, #9750, #9751, #9752, #9753, #9754, #9755), (#9756, #9757, #9758, #9759, #9760, #9761, #9762, #9763, #9764), (#9765, #9766, #9767, #9768, #9769, #9770, #9771, #9772, #9773), (#9774, #9775, #9776, #9777, #9778, #9779, #9780, #9781, #9782), (#9783, #9784, #9785, #9786, #9787, #9788, #9789, #9790, #9791), (#9792, #9793, #9794, #9795, #9796, #9797, #9798, #9799, #9800)), .UNSPECIFIED., .F., .F., .F.)
  B_SPLINE_SURFACE_WITH_KNOTS((3, 1, 2, 1, 1, 3), (3, 2, 2, 2, 3), (-1., -0.75, -0.5, -0.25, -0.125, -0.), (0., 0.25, 0.5, 0.75, 1.), .UNSPECIFIED.)
  GEOMETRIC_REPRESENTATION_ITEM()
  RATIONAL_B_SPLINE_SURFACE(((2., 1.41421356, 2., 1.41421356, 2., 1.41421356, 2., 1.41421356, 2.), (1.85355339, 1.31066017, 1.85355339, 1.31066017, 1.85355339, 1.31066017, 1.85355339, 1.31066017, 1.85355339), (1.85355339, 1.31066017, 1.85355339, 1.31066017, 1.85355339, 1.31066017, 1.85355339, 1.31066017, 1.85355339), (2., 1.41421356, 2., 1.41421356, 2., 1.41421356, 2., 1.41421356, 2.), (1.85355339, 1.31066017, 1.85355339, 1.31066017, 1.85355339, 1.31066017, 1.85355339, 1.31066017, 1.85355339), (1.85355339, 1.31066017, 1.85355339, 1.31066017, 1.85355339, 1.31066017, 1.85355339, 1.31066017, 1.85355339), (1.9267767, 1.36243687, 1.9267767, 1.36243687, 1.9267767, 1.36243687, 1.9267767, 1.36243687, 1.9267767), (2., 1.41421356, 2., 1.41421356, 2., 1.41421356, 2., 1.41421356, 2.)))
  REPRESENTATION_ITEM('')
  SURFACE()
);
#9802 = CARTESIAN_POINT('', (0., -0., 274.));
#9803 = DIRECTION('', (0.92387953, -0.38268343, 0.));
#9804 = AXIS2_PLACEMENT_3D('', #9802, #9803, $);
#9805 = PLANE('', #9804);
#9806 = CARTESIAN_POINT('', (-0., 0., -274.));
#9807 = DIRECTION('', (-0.92387953, 0.38268343, 0.));
#9808 = AXIS2_PLACEMENT_3D('', #9806, #9807, $);
#9809 = PLANE('', #9808);
#9810 = CARTESIAN_POINT('', (0., 0., 0.));
#9811 = DIRECTION('', (-0., -0., -1.));
#9812 = DIRECTION('', (1., -0., 0.));
#9813 = AXIS2_PLACEMENT_3D('', #9810, #9811, #9812);
#9814 = TOROIDAL_SURFACE('', #9813, 274., 1.5);
#9815 = CARTESIAN_POINT('', (-0., 0., -140.));
#9816 = DIRECTION('', (0., -0., -1.));
#9817 = DIRECTION('', (1., -0., 0.));
#9818 = AXIS2_PLACEMENT_3D('', #9815, #9816, #9817);
#9819 = TOROIDAL_SURFACE('', #9818, 235.533437, 1.5);
#9820 = CARTESIAN_POINT('', (119.85459941, 119.85459941, -7.));
#9821 = DIRECTION('', (0.70710678, 0.70710678, -0.));
#9822 = AXIS2_PLACEMENT_3D('', #9820, #9821, $);
#9823 = PLANE('', #9822);
#9824 = CARTESIAN_POINT('', (101.4698231, 117.02617229, -7.));
#9825 = DIRECTION('', (-0.70710678, 0.70710678, 0.));
#9826 = AXIS2_PLACEMENT_3D('', #9824, #9825, $);
#9827 = PLANE('', #9826);
#9828 = CARTESIAN_POINT('', (98.64139598, 98.64139598, -7.));
#9829 = DIRECTION('', (-0.70710678, -0.70710678, 0.));
#9830 = AXIS2_PLACEMENT_3D('', #9828, #9829, $);
#9831 = PLANE('', #9830);
#9832 = CARTESIAN_POINT('', (117.02617229, 101.4698231, -7.));
#9833 = DIRECTION('', (0.70710678, -0.70710678, 0.));
#9834 = AXIS2_PLACEMENT_3D('', #9832, #9833, $);
#9835 = PLANE('', #9834);
#9836 = CARTESIAN_POINT('', (109.24799769, 109.24799769, -14.));
#9837 = DIRECTION('', (0., -0., 1.));
#9838 = AXIS2_PLACEMENT_3D('', #9836, #9837, $);
#9839 = PLANE('', #9838);
#9840 = CARTESIAN_POINT('', (109.24799769, 109.24799769, 0.));
#9841 = DIRECTION('', (0., -0., 1.));
#9842 = AXIS2_PLACEMENT_3D('', #9840, #9841, $);
#9843 = PLANE('', #9842);
#9844 = CARTESIAN_POINT('', (-119.85459941, 119.85459941, -7.));
#9845 = DIRECTION('', (-0.70710678, 0.70710678, 0.));
#9846 = AXIS2_PLACEMENT_3D('', #9844, #9845, $);
#9847 = PLANE('', #9846);
#9848 = CARTESIAN_POINT('', (-117.02617229, 101.4698231, -7.));
#9849 = DIRECTION('', (-0.70710678, -0.70710678, 0.));
#9850 = AXIS2_PLACEMENT_3D('', #9848, #9849, $);
#9851 = PLANE('', #9850);
#9852 = CARTESIAN_POINT('', (-98.64139598, 98.64139598, -7.));
#9853 = DIRECTION('', (0.70710678, -0.70710678, 0.));
#9854 = AXIS2_PLACEMENT_3D('', #9852, #9853, $);
#9855 = PLANE('', #9854);
#9856 = CARTESIAN_POINT('', (-101.4698231, 117.02617229, -7.));
#9857 = DIRECTION('', (0.70710678, 0.70710678, -0.));
#9858 = AXIS2_PLACEMENT_3D('', #9856, #9857, $);
#9859 = PLANE('', #9858);
#9860 = CARTESIAN_POINT('', (-109.24799769, 109.24799769, -14.));
#9861 = DIRECTION('', (0., -0., 1.));
#9862 = AXIS2_PLACEMENT_3D('', #9860, #9861, $);
#9863 = PLANE('', #9862);
#9864 = CARTESIAN_POINT('', (-109.24799769, 109.24799769, 0.));
#9865 = DIRECTION('', (0., -0., 1.));
#9866 = AXIS2_PLACEMENT_3D('', #9864, #9865, $);
#9867 = PLANE('', #9866);
#9868 = CARTESIAN_POINT('', (-119.85459941, -119.85459941, -7.));
#9869 = DIRECTION('', (-0.70710678, -0.70710678, 0.));
#9870 = AXIS2_PLACEMENT_3D('', #9868, #9869, $);
#9871 = PLANE('', #9870);
#9872 = CARTESIAN_POINT('', (-101.4698231, -117.02617229, -7.));
#9873 = DIRECTION('', (0.70710678, -0.70710678, 0.));
#9874 = AXIS2_PLACEMENT_3D('', #9872, #9873, $);
#9875 = PLANE('', #9874);
#9876 = CARTESIAN_POINT('', (-98.64139598, -98.64139598, -7.));
#9877 = DIRECTION('', (0.70710678, 0.70710678, -0.));
#9878 = AXIS2_PLACEMENT_3D('', #9876, #9877, $);
#9879 = PLANE('', #9878);
#9880 = CARTESIAN_POINT('', (-117.02617229, -101.4698231, -7.));
#9881 = DIRECTION('', (-0.70710678, 0.70710678, 0.));
#9882 = AXIS2_PLACEMENT_3D('', #9880, #9881, $);
#9883 = PLANE('', #9882);
#9884 = CARTESIAN_POINT('', (-109.24799769, -109.24799769, -14.));
#9885 = DIRECTION('', (0., 0., 1.));
#9886 = AXIS2_PLACEMENT_3D('', #9884, #9885, $);
#9887 = PLANE('', #9886);
#9888 = CARTESIAN_POINT('', (-109.24799769, -109.24799769, 0.));
#9889 = DIRECTION('', (0., 0., 1.));
#9890 = AXIS2_PLACEMENT_3D('', #9888, #9889, $);
#9891 = PLANE('', #9890);
#9892 = CARTESIAN_POINT('', (119.85459941, -119.85459941, -7.));
#9893 = DIRECTION('', (0.70710678, -0.70710678, 0.));
#9894 = AXIS2_PLACEMENT_3D('', #9892, #9893, $);
#9895 = PLANE('', #9894);
#9896 = CARTESIAN_POINT('', (117.02617229, -101.4698231, -7.));
#9897 = DIRECTION('', (0.70710678, 0.70710678, -0.));
#9898 = AXIS2_PLACEMENT_3D('', #9896, #9897, $);
#9899 = PLANE('', #9898);
#9900 = CARTESIAN_POINT('', (98.64139598, -98.64139598, -7.));
#9901 = DIRECTION('', (-0.70710678, 0.70710678, 0.));
#9902 = AXIS2_PLACEMENT_3D('', #9900, #9901, $);
#9903 = PLANE('', #9902);
#9904 = CARTESIAN_POINT('', (101.4698231, -117.02617229, -7.));
#9905 = DIRECTION('', (-0.70710678, -0.70710678, 0.));
#9906 = AXIS2_PLACEMENT_3D('', #9904, #9905, $);
#9907 = PLANE('', #9906);
#9908 = CARTESIAN_POINT('', (109.24799769, -109.24799769, -14.));
#9909 = DIRECTION('', (-0., -0., 1.));
#9910 = AXIS2_PLACEMENT_3D('', #9908, #9909, $);
#9911 = PLANE('', #9910);
#9912 = CARTESIAN_POINT('', (109.24799769, -109.24799769, 0.));
#9913 = DIRECTION('', (-0., -0., 1.));
#9914 = AXIS2_PLACEMENT_3D('', #9912, #9913, $);
#9915 = PLANE('', #9914);
#9916 = CARTESIAN_POINT('', (0., 32.5, -60.5));
#9917 = DIRECTION('', (0., 1., 0.));
#9918 = AXIS2_PLACEMENT_3D('', #9916, #9917, $);
#9919 = PLANE('', #9918);
#9920 = CARTESIAN_POINT('', (0., 30.5, -55.5));
#9921 = DIRECTION('', (-0., -0., 1.));
#9922 = AXIS2_PLACEMENT_3D('', #9920, #9921, $);
#9923 = PLANE('', #9922);
#9924 = CARTESIAN_POINT('', (0., 28.5, -59.));
#9925 = DIRECTION('', (0., -1., 0.));
#9926 = AXIS2_PLACEMENT_3D('', #9924, #9925, $);
#9927 = PLANE('', #9926);
#9928 = CARTESIAN_POINT('', (0., 0., -62.5));
#9929 = DIRECTION('', (-0., -0., 1.));
#9930 = AXIS2_PLACEMENT_3D('', #9928, #9929, $);
#9931 = PLANE('', #9930);
#9932 = CARTESIAN_POINT('', (0., -28.5, -59.));
#9933 = DIRECTION('', (0., 1., 0.));
#9934 = AXIS2_PLACEMENT_3D('', #9932, #9933, $);
#9935 = PLANE('', #9934);
#9936 = CARTESIAN_POINT('', (0., -30.5, -55.5));
#9937 = DIRECTION('', (-0., -0., 1.));
#9938 = AXIS2_PLACEMENT_3D('', #9936, #9937, $);
#9939 = PLANE('', #9938);
#9940 = CARTESIAN_POINT('', (0., -32.5, -60.5));
#9941 = DIRECTION('', (0., -1., 0.));
#9942 = AXIS2_PLACEMENT_3D('', #9940, #9941, $);
#9943 = PLANE('', #9942);
#9944 = CARTESIAN_POINT('', (0., 0., -65.5));
#9945 = DIRECTION('', (0., -0., -1.));
#9946 = AXIS2_PLACEMENT_3D('', #9944, #9945, $);
#9947 = PLANE('', #9946);
#9948 = CARTESIAN_POINT('', (-82.5, 0., -64.));
#9949 = DIRECTION('', (1., -0., 0.));
#9950 = AXIS2_PLACEMENT_3D('', #9948, #9949, $);
#9951 = PLANE('', #9950);
#9952 = CARTESIAN_POINT('', (82.5, 0., -64.));
#9953 = DIRECTION('', (1., -0., 0.));
#9954 = AXIS2_PLACEMENT_3D('', #9952, #9953, $);
#9955 = PLANE('', #9954);
#9956 = CARTESIAN_POINT('', (-70., -28., -33.5));
#9957 = DIRECTION('', (0., -0., 1.));
#9958 = DIRECTION('', (1., 0., 0.));
#9959 = AXIS2_PLACEMENT_3D('', #9956, #9957, #9958);
#9960 = CYLINDRICAL_SURFACE('', #9959, 4.);
#9961 = CARTESIAN_POINT('', (-70., -28., -65.));
#9962 = DIRECTION('', (0., -0., 1.));
#9963 = AXIS2_PLACEMENT_3D('', #9961, #9962, $);
#9964 = PLANE('', #9963);
#9965 = CARTESIAN_POINT('', (-70., -28., -2.));
#9966 = DIRECTION('', (0., -0., 1.));
#9967 = AXIS2_PLACEMENT_3D('', #9965, #9966, $);
#9968 = PLANE('', #9967);
#9969 = CARTESIAN_POINT('', (77.5, 0., -35.));
#9970 = DIRECTION('', (1., -0., 0.));
#9971 = AXIS2_PLACEMENT_3D('', #9969, #9970, $);
#9972 = PLANE('', #9971);
#9973 = CARTESIAN_POINT('', (0., 27.5, -35.));
#9974 = DIRECTION('', (0., 1., -0.));
#9975 = AXIS2_PLACEMENT_3D('', #9973, #9974, $);
#9976 = PLANE('', #9975);
#9977 = CARTESIAN_POINT('', (-77.5, 0., -35.));
#9978 = DIRECTION('', (-1., -0., 0.));
#9979 = AXIS2_PLACEMENT_3D('', #9977, #9978, $);
#9980 = PLANE('', #9979);
#9981 = CARTESIAN_POINT('', (0., -27.5, -35.));
#9982 = DIRECTION('', (0., -1., 0.));
#9983 = AXIS2_PLACEMENT_3D('', #9981, #9982, $);
#9984 = PLANE('', #9983);
#9985 = CARTESIAN_POINT('', (0., 0., -62.5));
#9986 = DIRECTION('', (0., -0., 1.));
#9987 = AXIS2_PLACEMENT_3D('', #9985, #9986, $);
#9988 = PLANE('', #9987);
#9989 = CARTESIAN_POINT('', (0., 0., -7.5));
#9990 = DIRECTION('', (0., -0., 1.));
#9991 = AXIS2_PLACEMENT_3D('', #9989, #9990, $);
#9992 = PLANE('', #9991);
#9993 = CARTESIAN_POINT('', (109.24799769, 109.24799769, 0.));
#9994 = DIRECTION('', (0.70710678, 0.70710678, -0.));
#9995 = AXIS2_PLACEMENT_3D('', #9993, #9994, $);
#9996 = PLANE('', #9995);
#9997 = CARTESIAN_POINT('', (47.55293103, 61.69506666, 0.));
#9998 = DIRECTION('', (-0.70710678, 0.70710678, 0.));
#9999 = AXIS2_PLACEMENT_3D('', #9997, #9998, $);
#10000 = PLANE('', #9999);
#10001 = CARTESIAN_POINT('', (0., -0., 0.));
#10002 = DIRECTION('', (-0.70710678, -0.70710678, 0.));
#10003 = AXIS2_PLACEMENT_3D('', #10001, #10002, $);
#10004 = PLANE('', #10003);
#10005 = CARTESIAN_POINT('', (61.69506666, 47.55293103, 0.));
#10006 = DIRECTION('', (0.70710678, -0.70710678, 0.));
#10007 = AXIS2_PLACEMENT_3D('', #10005, #10006, $);
#10008 = PLANE('', #10007);
#10009 = CARTESIAN_POINT('', (54.62399885, 54.62399885, -2.5));
#10010 = DIRECTION('', (0., -0., 1.));
#10011 = AXIS2_PLACEMENT_3D('', #10009, #10010, $);
#10012 = PLANE('', #10011);
#10013 = CARTESIAN_POINT('', (54.62399885, 54.62399885, 2.5));
#10014 = DIRECTION('', (0., -0., 1.));
#10015 = AXIS2_PLACEMENT_3D('', #10013, #10014, $);
#10016 = PLANE('', #10015);
#10017 = CARTESIAN_POINT('', (-109.24799769, 109.24799769, 0.));
#10018 = DIRECTION('', (-0.70710678, 0.70710678, 0.));
#10019 = AXIS2_PLACEMENT_3D('', #10017, #10018, $);
#10020 = PLANE('', #10019);
#10021 = CARTESIAN_POINT('', (-61.69506666, 47.55293103, 0.));
#10022 = DIRECTION('', (-0.70710678, -0.70710678, 0.));
#10023 = AXIS2_PLACEMENT_3D('', #10021, #10022, $);
#10024 = PLANE('', #10023);
#10025 = CARTESIAN_POINT('', (0., 0., 0.));
#10026 = DIRECTION('', (0.70710678, -0.70710678, 0.));
#10027 = AXIS2_PLACEMENT_3D('', #10025, #10026, $);
#10028 = PLANE('', #10027);
#10029 = CARTESIAN_POINT('', (-47.55293103, 61.69506666, 0.));
#10030 = DIRECTION('', (0.70710678, 0.70710678, -0.));
#10031 = AXIS2_PLACEMENT_3D('', #10029, #10030, $);
#10032 = PLANE('', #10031);
#10033 = CARTESIAN_POINT('', (-54.62399885, 54.62399885, -2.5));
#10034 = DIRECTION('', (0., -0., 1.));
#10035 = AXIS2_PLACEMENT_3D('', #10033, #10034, $);
#10036 = PLANE('', #10035);
#10037 = CARTESIAN_POINT('', (-54.62399885, 54.62399885, 2.5));
#10038 = DIRECTION('', (0., -0., 1.));
#10039 = AXIS2_PLACEMENT_3D('', #10037, #10038, $);
#10040 = PLANE('', #10039);
#10041 = CARTESIAN_POINT('', (-109.24799769, -109.24799769, 0.));
#10042 = DIRECTION('', (-0.70710678, -0.70710678, 0.));
#10043 = AXIS2_PLACEMENT_3D('', #10041, #10042, $);
#10044 = PLANE('', #10043);
#10045 = CARTESIAN_POINT('', (-47.55293103, -61.69506666, 0.));
#10046 = DIRECTION('', (0.70710678, -0.70710678, 0.));
#10047 = AXIS2_PLACEMENT_3D('', #10045, #10046, $);
#10048 = PLANE('', #10047);
#10049 = CARTESIAN_POINT('', (0., 0., 0.));
#10050 = DIRECTION('', (0.70710678, 0.70710678, -0.));
#10051 = AXIS2_PLACEMENT_3D('', #10049, #10050, $);
#10052 = PLANE('', #10051);
#10053 = CARTESIAN_POINT('', (-61.69506666, -47.55293103, 0.));
#10054 = DIRECTION('', (-0.70710678, 0.70710678, 0.));
#10055 = AXIS2_PLACEMENT_3D('', #10053, #10054, $);
#10056 = PLANE('', #10055);
#10057 = CARTESIAN_POINT('', (-54.62399885, -54.62399885, -2.5));
#10058 = DIRECTION('', (0., 0., 1.));
#10059 = AXIS2_PLACEMENT_3D('', #10057, #10058, $);
#10060 = PLANE('', #10059);
#10061 = CARTESIAN_POINT('', (-54.62399885, -54.62399885, 2.5));
#10062 = DIRECTION('', (0., 0., 1.));
#10063 = AXIS2_PLACEMENT_3D('', #10061, #10062, $);
#10064 = PLANE('', #10063);
#10065 = CARTESIAN_POINT('', (109.24799769, -109.24799769, 0.));
#10066 = DIRECTION('', (0.70710678, -0.70710678, 0.));
#10067 = AXIS2_PLACEMENT_3D('', #10065, #10066, $);
#10068 = PLANE('', #10067);
#10069 = CARTESIAN_POINT('', (61.69506666, -47.55293103, 0.));
#10070 = DIRECTION('', (0.70710678, 0.70710678, -0.));
#10071 = AXIS2_PLACEMENT_3D('', #10069, #10070, $);
#10072 = PLANE('', #10071);
#10073 = CARTESIAN_POINT('', (-0., 0., 0.));
#10074 = DIRECTION('', (-0.70710678, 0.70710678, 0.));
#10075 = AXIS2_PLACEMENT_3D('', #10073, #10074, $);
#10076 = PLANE('', #10075);
#10077 = CARTESIAN_POINT('', (47.55293103, -61.69506666, 0.));
#10078 = DIRECTION('', (-0.70710678, -0.70710678, 0.));
#10079 = AXIS2_PLACEMENT_3D('', #10077, #10078, $);
#10080 = PLANE('', #10079);
#10081 = CARTESIAN_POINT('', (54.62399885, -54.62399885, -2.5));
#10082 = DIRECTION('', (-0., -0., 1.));
#10083 = AXIS2_PLACEMENT_3D('', #10081, #10082, $);
#10084 = PLANE('', #10083);
#10085 = CARTESIAN_POINT('', (54.62399885, -54.62399885, 2.5));
#10086 = DIRECTION('', (-0., -0., 1.));
#10087 = AXIS2_PLACEMENT_3D('', #10085, #10086, $);
#10088 = PLANE('', #10087);
#10089 = CARTESIAN_POINT('', (110., -43., 15.));
#10090 = DIRECTION('', (0., 1., 0.));
#10091 = AXIS2_PLACEMENT_3D('', #10089, #10090, $);
#10092 = PLANE('', #10091);
#10093 = CARTESIAN_POINT('', (110., -58., 27.));
#10094 = DIRECTION('', (-0., -0., 1.));
#10095 = AXIS2_PLACEMENT_3D('', #10093, #10094, $);
#10096 = PLANE('', #10095);
#10097 = CARTESIAN_POINT('', (110., -73., 15.));
#10098 = DIRECTION('', (0., -1., 0.));
#10099 = AXIS2_PLACEMENT_3D('', #10097, #10098, $);
#10100 = PLANE('', #10099);
#10101 = CARTESIAN_POINT('', (110., -58., 3.));
#10102 = DIRECTION('', (0., -0., -1.));
#10103 = AXIS2_PLACEMENT_3D('', #10101, #10102, $);
#10104 = PLANE('', #10103);
#10105 = CARTESIAN_POINT('', (106., -58., 15.));
#10106 = DIRECTION('', (1., -0., 0.));
#10107 = AXIS2_PLACEMENT_3D('', #10105, #10106, $);
#10108 = PLANE('', #10107);
#10109 = CARTESIAN_POINT('', (114., -58., 15.));
#10110 = DIRECTION('', (1., -0., 0.));
#10111 = AXIS2_PLACEMENT_3D('', #10109, #10110, $);
#10112 = PLANE('', #10111);
#10113 = CARTESIAN_POINT('', (110., -58., 15.));
#10114 = DIRECTION('', (1., -0., 0.));
#10115 = DIRECTION('', (0., 1., -0.));
#10116 = AXIS2_PLACEMENT_3D('', #10113, #10114, #10115);
#10117 = CYLINDRICAL_SURFACE('', #10116, 9.);
#10118 = CARTESIAN_POINT('', (45., -45., 101.));
#10119 = DIRECTION('', (-0., -0., 1.));
#10120 = DIRECTION('', (1., -0., 0.));
#10121 = AXIS2_PLACEMENT_3D('', #10118, #10119, #10120);
#10122 = CYLINDRICAL_SURFACE('', #10121, 35.);
#10123 = CARTESIAN_POINT('', (45., -45., 92.));
#10124 = DIRECTION('', (0., -0., 1.));
#10125 = AXIS2_PLACEMENT_3D('', #10123, #10124, $);
#10126 = PLANE('', #10125);
#10127 = CARTESIAN_POINT('', (45., -45., 110.));
#10128 = DIRECTION('', (0., -0., 1.));
#10129 = AXIS2_PLACEMENT_3D('', #10127, #10128, $);
#10130 = PLANE('', #10129);
#10131 = CARTESIAN_POINT('', (45., -45., 114.));
#10132 = DIRECTION('', (0., -0., 1.));
#10133 = DIRECTION('', (1., 0., 0.));
#10134 = AXIS2_PLACEMENT_3D('', #10131, #10132, #10133);
#10135 = CYLINDRICAL_SURFACE('', #10134, 28.);
#10136 = CARTESIAN_POINT('', (45., -45., 118.));
#10137 = DIRECTION('', (0., -0., 1.));
#10138 = AXIS2_PLACEMENT_3D('', #10136, #10137, $);
#10139 = PLANE('', #10138);
#10140 = CARTESIAN_POINT('', (109.24799769, 109.24799769, 16.));
#10141 = DIRECTION('', (0., -0., 1.));
#10142 = DIRECTION('', (1., 0., 0.));
#10143 = AXIS2_PLACEMENT_3D('', #10140, #10141, #10142);
#10144 = CYLINDRICAL_SURFACE('', #10143, 17.5);
#10145 = CARTESIAN_POINT('', (109.24799769, 109.24799769, 2.));
#10146 = DIRECTION('', (0., -0., 1.));
#10147 = AXIS2_PLACEMENT_3D('', #10145, #10146, $);
#10148 = PLANE('', #10147);
#10149 = CARTESIAN_POINT('', (109.24799769, 109.24799769, 30.));
#10150 = DIRECTION('', (0., -0., 1.));
#10151 = AXIS2_PLACEMENT_3D('', #10149, #10150, $);
#10152 = PLANE('', #10151);
#10153 = CARTESIAN_POINT('', (109.24799769, 109.24799769, 34.));
#10154 = DIRECTION('', (0., -0., 1.));
#10155 = DIRECTION('', (1., 0., 0.));
#10156 = AXIS2_PLACEMENT_3D('', #10153, #10154, #10155);
#10157 = CYLINDRICAL_SURFACE('', #10156, 2.5);
#10158 = CARTESIAN_POINT('', (109.24799769, 109.24799769, 40.));
#10159 = DIRECTION('', (0., -0., 1.));
#10160 = AXIS2_PLACEMENT_3D('', #10158, #10159, $);
#10161 = PLANE('', #10160);
#10162 = CARTESIAN_POINT('', (-109.24799769, 109.24799769, 16.));
#10163 = DIRECTION('', (0., -0., 1.));
#10164 = DIRECTION('', (-0., 1., 0.));
#10165 = AXIS2_PLACEMENT_3D('', #10162, #10163, #10164);
#10166 = CYLINDRICAL_SURFACE('', #10165, 17.5);
#10167 = CARTESIAN_POINT('', (-109.24799769, 109.24799769, 2.));
#10168 = DIRECTION('', (0., -0., 1.));
#10169 = AXIS2_PLACEMENT_3D('', #10167, #10168, $);
#10170 = PLANE('', #10169);
#10171 = CARTESIAN_POINT('', (-109.24799769, 109.24799769, 30.));
#10172 = DIRECTION('', (0., -0., 1.));
#10173 = AXIS2_PLACEMENT_3D('', #10171, #10172, $);
#10174 = PLANE('', #10173);
#10175 = CARTESIAN_POINT('', (-109.24799769, 109.24799769, 34.));
#10176 = DIRECTION('', (0., -0., 1.));
#10177 = DIRECTION('', (-0., 1., 0.));
#10178 = AXIS2_PLACEMENT_3D('', #10175, #10176, #10177);
#10179 = CYLINDRICAL_SURFACE('', #10178, 2.5);
#10180 = CARTESIAN_POINT('', (-109.24799769, 109.24799769, 40.));
#10181 = DIRECTION('', (0., -0., 1.));
#10182 = AXIS2_PLACEMENT_3D('', #10180, #10181, $);
#10183 = PLANE('', #10182);
#10184 = CARTESIAN_POINT('', (-109.24799769, -109.24799769, 16.));
#10185 = DIRECTION('', (0., -0., 1.));
#10186 = DIRECTION('', (-1., 0., 0.));
#10187 = AXIS2_PLACEMENT_3D('', #10184, #10185, #10186);
#10188 = CYLINDRICAL_SURFACE('', #10187, 17.5);
#10189 = CARTESIAN_POINT('', (-109.24799769, -109.24799769, 2.));
#10190 = DIRECTION('', (0., -0., 1.));
#10191 = AXIS2_PLACEMENT_3D('', #10189, #10190, $);
#10192 = PLANE('', #10191);
#10193 = CARTESIAN_POINT('', (-109.24799769, -109.24799769, 30.));
#10194 = DIRECTION('', (0., -0., 1.));
#10195 = AXIS2_PLACEMENT_3D('', #10193, #10194, $);
#10196 = PLANE('', #10195);
#10197 = CARTESIAN_POINT('', (-109.24799769, -109.24799769, 34.));
#10198 = DIRECTION('', (0., -0., 1.));
#10199 = DIRECTION('', (-1., 0., 0.));
#10200 = AXIS2_PLACEMENT_3D('', #10197, #10198, #10199);
#10201 = CYLINDRICAL_SURFACE('', #10200, 2.5);
#10202 = CARTESIAN_POINT('', (-109.24799769, -109.24799769, 40.));
#10203 = DIRECTION('', (0., -0., 1.));
#10204 = AXIS2_PLACEMENT_3D('', #10202, #10203, $);
#10205 = PLANE('', #10204);
#10206 = CARTESIAN_POINT('', (109.24799769, -109.24799769, 16.));
#10207 = DIRECTION('', (-0., -0., 1.));
#10208 = DIRECTION('', (0., -1., 0.));
#10209 = AXIS2_PLACEMENT_3D('', #10206, #10207, #10208);
#10210 = CYLINDRICAL_SURFACE('', #10209, 17.5);
#10211 = CARTESIAN_POINT('', (109.24799769, -109.24799769, 2.));
#10212 = DIRECTION('', (0., 0., 1.));
#10213 = AXIS2_PLACEMENT_3D('', #10211, #10212, $);
#10214 = PLANE('', #10213);
#10215 = CARTESIAN_POINT('', (109.24799769, -109.24799769, 30.));
#10216 = DIRECTION('', (0., 0., 1.));
#10217 = AXIS2_PLACEMENT_3D('', #10215, #10216, $);
#10218 = PLANE('', #10217);
#10219 = CARTESIAN_POINT('', (109.24799769, -109.24799769, 34.));
#10220 = DIRECTION('', (-0., -0., 1.));
#10221 = DIRECTION('', (0., -1., 0.));
#10222 = AXIS2_PLACEMENT_3D('', #10219, #10220, #10221);
#10223 = CYLINDRICAL_SURFACE('', #10222, 2.5);
#10224 = CARTESIAN_POINT('', (109.24799769, -109.24799769, 40.));
#10225 = DIRECTION('', (0., 0., 1.));
#10226 = AXIS2_PLACEMENT_3D('', #10224, #10225, $);
#10227 = PLANE('', #10226);
#10228 = CARTESIAN_POINT('', (-35., 55., -6.));
#10229 = DIRECTION('', (0., -0., 1.));
#10230 = DIRECTION('', (1., 0., 0.));
#10231 = AXIS2_PLACEMENT_3D('', #10228, #10229, #10230);
#10232 = CYLINDRICAL_SURFACE('', #10231, 13.);
#10233 = CARTESIAN_POINT('', (-35., 55., -10.));
#10234 = DIRECTION('', (0., -0., 1.));
#10235 = AXIS2_PLACEMENT_3D('', #10233, #10234, $);
#10236 = PLANE('', #10235);
#10237 = CARTESIAN_POINT('', (-35., 55., -2.));
#10238 = DIRECTION('', (0., -0., 1.));
#10239 = AXIS2_PLACEMENT_3D('', #10237, #10238, $);
#10240 = PLANE('', #10239);
#10241 = CARTESIAN_POINT('', (-35., 55., -11.));
#10242 = DIRECTION('', (0., -0., 1.));
#10243 = DIRECTION('', (1., 0., 0.));
#10244 = AXIS2_PLACEMENT_3D('', #10241, #10242, #10243);
#10245 = CYLINDRICAL_SURFACE('', #10244, 7.);
#10246 = CARTESIAN_POINT('', (-35., 55., -12.));
#10247 = DIRECTION('', (0., -0., 1.));
#10248 = AXIS2_PLACEMENT_3D('', #10246, #10247, $);
#10249 = PLANE('', #10248);
#10250 = CARTESIAN_POINT('', (-35., -55., -7.));
#10251 = DIRECTION('', (-0., -0., 1.));
#10252 = DIRECTION('', (1., -0., 0.));
#10253 = AXIS2_PLACEMENT_3D('', #10250, #10251, #10252);
#10254 = CYLINDRICAL_SURFACE('', #10253, 10.);
#10255 = CARTESIAN_POINT('', (-35., -55., -12.));
#10256 = DIRECTION('', (0., -0., 1.));
#10257 = AXIS2_PLACEMENT_3D('', #10255, #10256, $);
#10258 = PLANE('', #10257);
#10259 = CARTESIAN_POINT('', (-35., -55., -2.));
#10260 = DIRECTION('', (0., -0., 1.));
#10261 = AXIS2_PLACEMENT_3D('', #10259, #10260, $);
#10262 = PLANE('', #10261);
#10263 = CARTESIAN_POINT('', (-35., -55., -13.));
#10264 = DIRECTION('', (-0., -0., 1.));
#10265 = DIRECTION('', (1., -0., 0.));
#10266 = AXIS2_PLACEMENT_3D('', #10263, #10264, #10265);
#10267 = CYLINDRICAL_SURFACE('', #10266, 5.);
#10268 = CARTESIAN_POINT('', (-35., -55., -14.));
#10269 = DIRECTION('', (0., -0., 1.));
#10270 = AXIS2_PLACEMENT_3D('', #10268, #10269, $);
#10271 = PLANE('', #10270);
#10272 = CARTESIAN_POINT('', (121., 52.5, 15.));
#10273 = DIRECTION('', (0., 1., 0.));
#10274 = AXIS2_PLACEMENT_3D('', #10272, #10273, $);
#10275 = PLANE('', #10274);
#10276 = CARTESIAN_POINT('', (121., 35., 30.));
#10277 = DIRECTION('', (0., 0., 1.));
#10278 = AXIS2_PLACEMENT_3D('', #10276, #10277, $);
#10279 = PLANE('', #10278);
#10280 = CARTESIAN_POINT('', (121., 17.5, 15.));
#10281 = DIRECTION('', (0., -1., 0.));
#10282 = AXIS2_PLACEMENT_3D('', #10280, #10281, $);
#10283 = PLANE('', #10282);
#10284 = CARTESIAN_POINT('', (121., 35., 0.));
#10285 = DIRECTION('', (0., 0., -1.));
#10286 = AXIS2_PLACEMENT_3D('', #10284, #10285, $);
#10287 = PLANE('', #10286);
#10288 = CARTESIAN_POINT('', (106., 35., 15.));
#10289 = DIRECTION('', (1., -0., 0.));
#10290 = AXIS2_PLACEMENT_3D('', #10288, #10289, $);
#10291 = PLANE('', #10290);
#10292 = CARTESIAN_POINT('', (136., 35., 15.));
#10293 = DIRECTION('', (1., -0., 0.));
#10294 = AXIS2_PLACEMENT_3D('', #10292, #10293, $);
#10295 = PLANE('', #10294);
#10296 = CARTESIAN_POINT('', (140., 35., 15.));
#10297 = DIRECTION('', (1., -0., -0.));
#10298 = DIRECTION('', (0., 1., 0.));
#10299 = AXIS2_PLACEMENT_3D('', #10296, #10297, #10298);
#10300 = CYLINDRICAL_SURFACE('', #10299, 9.);
#10301 = CARTESIAN_POINT('', (144., 35., 15.));
#10302 = DIRECTION('', (1., -0., 0.));
#10303 = AXIS2_PLACEMENT_3D('', #10301, #10302, $);
#10304 = PLANE('', #10303);
#10305 = CARTESIAN_POINT('', (55., 0., 30.));
#10306 = DIRECTION('', (1., -0., 0.));
#10307 = AXIS2_PLACEMENT_3D('', #10305, #10306, $);
#10308 = PLANE('', #10307);
#10309 = CARTESIAN_POINT('', (0., 4., 30.));
#10310 = DIRECTION('', (0., 1., -0.));
#10311 = AXIS2_PLACEMENT_3D('', #10309, #10310, $);
#10312 = PLANE('', #10311);
#10313 = CARTESIAN_POINT('', (-55., 0., 30.));
#10314 = DIRECTION('', (-1., -0., 0.));
#10315 = AXIS2_PLACEMENT_3D('', #10313, #10314, $);
#10316 = PLANE('', #10315);
#10317 = CARTESIAN_POINT('', (0., -4., 30.));
#10318 = DIRECTION('', (0., -1., 0.));
#10319 = AXIS2_PLACEMENT_3D('', #10317, #10318, $);
#10320 = PLANE('', #10319);
#10321 = CARTESIAN_POINT('', (0., 0., 27.));
#10322 = DIRECTION('', (0., -0., 1.));
#10323 = AXIS2_PLACEMENT_3D('', #10321, #10322, $);
#10324 = PLANE('', #10323);
#10325 = CARTESIAN_POINT('', (0., 0., 33.));
#10326 = DIRECTION('', (0., -0., 1.));
#10327 = AXIS2_PLACEMENT_3D('', #10325, #10326, $);
#10328 = PLANE('', #10327);
#10329 = CARTESIAN_POINT('', (4., 0., 30.));
#10330 = DIRECTION('', (1., -0., 0.));
#10331 = AXIS2_PLACEMENT_3D('', #10329, #10330, $);
#10332 = PLANE('', #10331);
#10333 = CARTESIAN_POINT('', (0., 38., 30.));
#10334 = DIRECTION('', (0., 1., -0.));
#10335 = AXIS2_PLACEMENT_3D('', #10333, #10334, $);
#10336 = PLANE('', #10335);
#10337 = CARTESIAN_POINT('', (-4., 0., 30.));
#10338 = DIRECTION('', (-1., -0., 0.));
#10339 = AXIS2_PLACEMENT_3D('', #10337, #10338, $);
#10340 = PLANE('', #10339);
#10341 = CARTESIAN_POINT('', (0., -38., 30.));
#10342 = DIRECTION('', (0., -1., 0.));
#10343 = AXIS2_PLACEMENT_3D('', #10341, #10342, $);
#10344 = PLANE('', #10343);
#10345 = CARTESIAN_POINT('', (0., 0., 27.));
#10346 = DIRECTION('', (0., -0., 1.));
#10347 = AXIS2_PLACEMENT_3D('', #10345, #10346, $);
#10348 = PLANE('', #10347);
#10349 = CARTESIAN_POINT('', (0., 0., 33.));
#10350 = DIRECTION('', (0., -0., 1.));
#10351 = AXIS2_PLACEMENT_3D('', #10349, #10350, $);
#10352 = PLANE('', #10351);
#10353 = CARTESIAN_POINT('', (30., -30., 6.));
#10354 = DIRECTION('', (1., -0., -0.));
#10355 = AXIS2_PLACEMENT_3D('', #10353, #10354, $);
#10356 = PLANE('', #10355);
#10357 = CARTESIAN_POINT('', (-20., 9.5, 6.));
#10358 = DIRECTION('', (0., 1., -0.));
#10359 = AXIS2_PLACEMENT_3D('', #10357, #10358, $);
#10360 = PLANE('', #10359);
#10361 = CARTESIAN_POINT('', (-70., -30., 6.));
#10362 = DIRECTION('', (-1., -0., 0.));
#10363 = AXIS2_PLACEMENT_3D('', #10361, #10362, $);
#10364 = PLANE('', #10363);
#10365 = CARTESIAN_POINT('', (-20., -69.5, 6.));
#10366 = DIRECTION('', (0., -1., 0.));
#10367 = AXIS2_PLACEMENT_3D('', #10365, #10366, $);
#10368 = PLANE('', #10367);
#10369 = CARTESIAN_POINT('', (-20., -30., 4.5));
#10370 = DIRECTION('', (0., -0., 1.));
#10371 = AXIS2_PLACEMENT_3D('', #10369, #10370, $);
#10372 = PLANE('', #10371);
#10373 = CARTESIAN_POINT('', (-20., -30., 7.5));
#10374 = DIRECTION('', (0., -0., 1.));
#10375 = AXIS2_PLACEMENT_3D('', #10373, #10374, $);
#10376 = PLANE('', #10375);
#10377 = CARTESIAN_POINT('', (15., -30., 13.5));
#10378 = DIRECTION('', (1., -0., 0.));
#10379 = AXIS2_PLACEMENT_3D('', #10377, #10378, $);
#10380 = PLANE('', #10379);
#10381 = CARTESIAN_POINT('', (-20., -5., 13.5));
#10382 = DIRECTION('', (0., 1., -0.));
#10383 = AXIS2_PLACEMENT_3D('', #10381, #10382, $);
#10384 = PLANE('', #10383);
#10385 = CARTESIAN_POINT('', (-55., -30., 13.5));
#10386 = DIRECTION('', (-1., -0., 0.));
#10387 = AXIS2_PLACEMENT_3D('', #10385, #10386, $);
#10388 = PLANE('', #10387);
#10389 = CARTESIAN_POINT('', (-20., -55., 13.5));
#10390 = DIRECTION('', (0., -1., 0.));
#10391 = AXIS2_PLACEMENT_3D('', #10389, #10390, $);
#10392 = PLANE('', #10391);
#10393 = CARTESIAN_POINT('', (-20., -30., 19.5));
#10394 = DIRECTION('', (0., -0., 1.));
#10395 = AXIS2_PLACEMENT_3D('', #10393, #10394, $);
#10396 = PLANE('', #10395);
#10397 = CARTESIAN_POINT('', (-20., -30., 23.));
#10398 = DIRECTION('', (0., -0., 1.));
#10399 = DIRECTION('', (1., 0., 0.));
#10400 = AXIS2_PLACEMENT_3D('', #10397, #10398, #10399);
#10401 = CYLINDRICAL_SURFACE('', #10400, 22.5);
#10402 = CARTESIAN_POINT('', (-20., -30., 26.5));
#10403 = DIRECTION('', (0., -0., 1.));
#10404 = AXIS2_PLACEMENT_3D('', #10402, #10403, $);
#10405 = PLANE('', #10404);
#10406 = CARTESIAN_POINT('', (119., 15., 15.));
#10407 = DIRECTION('', (0., 1., 0.));
#10408 = AXIS2_PLACEMENT_3D('', #10406, #10407, $);
#10409 = PLANE('', #10408);
#10410 = CARTESIAN_POINT('', (119., -20., 27.5));
#10411 = DIRECTION('', (-0., -0., 1.));
#10412 = AXIS2_PLACEMENT_3D('', #10410, #10411, $);
#10413 = PLANE('', #10412);
#10414 = CARTESIAN_POINT('', (119., -55., 15.));
#10415 = DIRECTION('', (0., -1., 0.));
#10416 = AXIS2_PLACEMENT_3D('', #10414, #10415, $);
#10417 = PLANE('', #10416);
#10418 = CARTESIAN_POINT('', (119., -20., 2.5));
#10419 = DIRECTION('', (0., -0., -1.));
#10420 = AXIS2_PLACEMENT_3D('', #10418, #10419, $);
#10421 = PLANE('', #10420);
#10422 = CARTESIAN_POINT('', (106.5, -20., 15.));
#10423 = DIRECTION('', (1., -0., 0.));
#10424 = AXIS2_PLACEMENT_3D('', #10422, #10423, $);
#10425 = PLANE('', #10424);
#10426 = CARTESIAN_POINT('', (131.5, -20., 15.));
#10427 = DIRECTION('', (1., -0., 0.));
#10428 = AXIS2_PLACEMENT_3D('', #10426, #10427, $);
#10429 = PLANE('', #10428);
#10430 = CARTESIAN_POINT('', (134.5, -38., 15.));
#10431 = DIRECTION('', (1., -0., 0.));
#10432 = DIRECTION('', (0., 1., -0.));
#10433 = AXIS2_PLACEMENT_3D('', #10430, #10431, #10432);
#10434 = CYLINDRICAL_SURFACE('', #10433, 6.);
#10435 = CARTESIAN_POINT('', (137.5, -20., 15.));
#10436 = DIRECTION('', (1., -0., 0.));
#10437 = AXIS2_PLACEMENT_3D('', #10435, #10436, $);
#10438 = PLANE('', #10437);
#10439 = CARTESIAN_POINT('', (134.5, -2., 15.));
#10440 = DIRECTION('', (1., -0., 0.));
#10441 = DIRECTION('', (0., 1., -0.));
#10442 = AXIS2_PLACEMENT_3D('', #10439, #10440, #10441);
#10443 = CYLINDRICAL_SURFACE('', #10442, 6.);
#10444 = CARTESIAN_POINT('', (137.5, -20., 15.));
#10445 = DIRECTION('', (1., -0., 0.));
#10446 = AXIS2_PLACEMENT_3D('', #10444, #10445, $);
#10447 = PLANE('', #10446);
#10448 = CARTESIAN_POINT('', (75., 0., 0.));
#10449 = DIRECTION('', (1., -0., 0.));
#10450 = AXIS2_PLACEMENT_3D('', #10448, #10449, $);
#10451 = PLANE('', #10450);
#10452 = CARTESIAN_POINT('', (0., 75., 0.));
#10453 = DIRECTION('', (0., 1., -0.));
#10454 = AXIS2_PLACEMENT_3D('', #10452, #10453, $);
#10455 = PLANE('', #10454);
#10456 = CARTESIAN_POINT('', (-75., 0., 0.));
#10457 = DIRECTION('', (-1., -0., 0.));
#10458 = AXIS2_PLACEMENT_3D('', #10456, #10457, $);
#10459 = PLANE('', #10458);
#10460 = CARTESIAN_POINT('', (0., -75., 0.));
#10461 = DIRECTION('', (0., -1., 0.));
#10462 = AXIS2_PLACEMENT_3D('', #10460, #10461, $);
#10463 = PLANE('', #10462);
#10464 = CARTESIAN_POINT('', (0., 0., -2.));
#10465 = DIRECTION('', (0., -0., 1.));
#10466 = AXIS2_PLACEMENT_3D('', #10464, #10465, $);
#10467 = PLANE('', #10466);
#10468 = CARTESIAN_POINT('', (0., 0., 2.));
#10469 = DIRECTION('', (0., -0., 1.));
#10470 = AXIS2_PLACEMENT_3D('', #10468, #10469, $);
#10471 = PLANE('', #10470);
#10472 = CARTESIAN_POINT('', (30., 30., 0.));
#10473 = DIRECTION('', (0., -0., 1.));
#10474 = DIRECTION('', (1., 0., 0.));
#10475 = AXIS2_PLACEMENT_3D('', #10472, #10473, #10474);
#10476 = CYLINDRICAL_SURFACE('', #10475, 1.7);
#10477 = CARTESIAN_POINT('', (-30., 30., 0.));
#10478 = DIRECTION('', (0., -0., 1.));
#10479 = DIRECTION('', (1., 0., 0.));
#10480 = AXIS2_PLACEMENT_3D('', #10477, #10478, #10479);
#10481 = CYLINDRICAL_SURFACE('', #10480, 1.7);
#10482 = CARTESIAN_POINT('', (-30., -30., 0.));
#10483 = DIRECTION('', (0., -0., 1.));
#10484 = DIRECTION('', (1., 0., 0.));
#10485 = AXIS2_PLACEMENT_3D('', #10482, #10483, #10484);
#10486 = CYLINDRICAL_SURFACE('', #10485, 1.7);
#10487 = CARTESIAN_POINT('', (30., -30., 0.));
#10488 = DIRECTION('', (-0., -0., 1.));
#10489 = DIRECTION('', (1., -0., 0.));
#10490 = AXIS2_PLACEMENT_3D('', #10487, #10488, #10489);
#10491 = CYLINDRICAL_SURFACE('', #10490, 1.7);
#10492 = CARTESIAN_POINT('', (-35., 55., 0.));
#10493 = DIRECTION('', (0., -0., 1.));
#10494 = DIRECTION('', (1., 0., 0.));
#10495 = AXIS2_PLACEMENT_3D('', #10492, #10493, #10494);
#10496 = CYLINDRICAL_SURFACE('', #10495, 14.);
#10497 = CARTESIAN_POINT('', (-35., -55., 0.));
#10498 = DIRECTION('', (0., -0., 1.));
#10499 = DIRECTION('', (1., 0., 0.));
#10500 = AXIS2_PLACEMENT_3D('', #10497, #10498, #10499);
#10501 = CYLINDRICAL_SURFACE('', #10500, 11.);
#10502 = CARTESIAN_POINT('', (134.24799769, 109.24799769, 0.));
#10503 = DIRECTION('', (1., -0., 0.));
#10504 = AXIS2_PLACEMENT_3D('', #10502, #10503, $);
#10505 = PLANE('', #10504);
#10506 = CARTESIAN_POINT('', (109.24799769, 134.24799769, 0.));
#10507 = DIRECTION('', (0., 1., -0.));
#10508 = AXIS2_PLACEMENT_3D('', #10506, #10507, $);
#10509 = PLANE('', #10508);
#10510 = CARTESIAN_POINT('', (84.24799769, 109.24799769, 0.));
#10511 = DIRECTION('', (-1., -0., 0.));
#10512 = AXIS2_PLACEMENT_3D('', #10510, #10511, $);
#10513 = PLANE('', #10512);
#10514 = CARTESIAN_POINT('', (109.24799769, 84.24799769, 0.));
#10515 = DIRECTION('', (0., -1., 0.));
#10516 = AXIS2_PLACEMENT_3D('', #10514, #10515, $);
#10517 = PLANE('', #10516);
#10518 = CARTESIAN_POINT('', (109.24799769, 109.24799769, -2.));
#10519 = DIRECTION('', (0., -0., 1.));
#10520 = AXIS2_PLACEMENT_3D('', #10518, #10519, $);
#10521 = PLANE('', #10520);
#10522 = CARTESIAN_POINT('', (109.24799769, 109.24799769, 2.));
#10523 = DIRECTION('', (0., -0., 1.));
#10524 = AXIS2_PLACEMENT_3D('', #10522, #10523, $);
#10525 = PLANE('', #10524);
#10526 = CARTESIAN_POINT('', (109.24799769, 109.24799769, 0.));
#10527 = DIRECTION('', (0., -0., 1.));
#10528 = DIRECTION('', (1., 0., 0.));
#10529 = AXIS2_PLACEMENT_3D('', #10526, #10527, #10528);
#10530 = CYLINDRICAL_SURFACE('', #10529, 6.);
#10531 = CARTESIAN_POINT('', (121.74799769, 121.74799769, 0.));
#10532 = DIRECTION('', (0., -0., 1.));
#10533 = DIRECTION('', (1., 0., 0.));
#10534 = AXIS2_PLACEMENT_3D('', #10531, #10532, #10533);
#10535 = CYLINDRICAL_SURFACE('', #10534, 1.7);
#10536 = CARTESIAN_POINT('', (96.74799769, 121.74799769, 0.));
#10537 = DIRECTION('', (0., -0., 1.));
#10538 = DIRECTION('', (1., 0., 0.));
#10539 = AXIS2_PLACEMENT_3D('', #10536, #10537, #10538);
#10540 = CYLINDRICAL_SURFACE('', #10539, 1.7);
#10541 = CARTESIAN_POINT('', (96.74799769, 96.74799769, 0.));
#10542 = DIRECTION('', (0., -0., 1.));
#10543 = DIRECTION('', (1., 0., 0.));
#10544 = AXIS2_PLACEMENT_3D('', #10541, #10542, #10543);
#10545 = CYLINDRICAL_SURFACE('', #10544, 1.7);
#10546 = CARTESIAN_POINT('', (121.74799769, 96.74799769, 0.));
#10547 = DIRECTION('', (0., -0., 1.));
#10548 = DIRECTION('', (1., 0., 0.));
#10549 = AXIS2_PLACEMENT_3D('', #10546, #10547, #10548);
#10550 = CYLINDRICAL_SURFACE('', #10549, 1.7);
#10551 = CARTESIAN_POINT('', (118.74799769, 118.74799769, 0.));
#10552 = DIRECTION('', (0., -0., 1.));
#10553 = DIRECTION('', (1., 0., 0.));
#10554 = AXIS2_PLACEMENT_3D('', #10551, #10552, #10553);
#10555 = CYLINDRICAL_SURFACE('', #10554, 1.7);
#10556 = CARTESIAN_POINT('', (99.74799769, 118.74799769, 0.));
#10557 = DIRECTION('', (0., -0., 1.));
#10558 = DIRECTION('', (1., 0., 0.));
#10559 = AXIS2_PLACEMENT_3D('', #10556, #10557, #10558);
#10560 = CYLINDRICAL_SURFACE('', #10559, 1.7);
#10561 = CARTESIAN_POINT('', (99.74799769, 99.74799769, 0.));
#10562 = DIRECTION('', (0., -0., 1.));
#10563 = DIRECTION('', (1., 0., 0.));
#10564 = AXIS2_PLACEMENT_3D('', #10561, #10562, #10563);
#10565 = CYLINDRICAL_SURFACE('', #10564, 1.7);
#10566 = CARTESIAN_POINT('', (118.74799769, 99.74799769, 0.));
#10567 = DIRECTION('', (-0., -0., 1.));
#10568 = DIRECTION('', (1., -0., 0.));
#10569 = AXIS2_PLACEMENT_3D('', #10566, #10567, #10568);
#10570 = CYLINDRICAL_SURFACE('', #10569, 1.7);
#10571 = CARTESIAN_POINT('', (-109.24799769, 134.24799769, 0.));
#10572 = DIRECTION('', (0., 1., -0.));
#10573 = AXIS2_PLACEMENT_3D('', #10571, #10572, $);
#10574 = PLANE('', #10573);
#10575 = CARTESIAN_POINT('', (-134.24799769, 109.24799769, 0.));
#10576 = DIRECTION('', (-1., -0., 0.));
#10577 = AXIS2_PLACEMENT_3D('', #10575, #10576, $);
#10578 = PLANE('', #10577);
#10579 = CARTESIAN_POINT('', (-109.24799769, 84.24799769, 0.));
#10580 = DIRECTION('', (-0., -1., 0.));
#10581 = AXIS2_PLACEMENT_3D('', #10579, #10580, $);
#10582 = PLANE('', #10581);
#10583 = CARTESIAN_POINT('', (-84.24799769, 109.24799769, 0.));
#10584 = DIRECTION('', (1., -0., 0.));
#10585 = AXIS2_PLACEMENT_3D('', #10583, #10584, $);
#10586 = PLANE('', #10585);
#10587 = CARTESIAN_POINT('', (-109.24799769, 109.24799769, -2.));
#10588 = DIRECTION('', (0., -0., 1.));
#10589 = AXIS2_PLACEMENT_3D('', #10587, #10588, $);
#10590 = PLANE('', #10589);
#10591 = CARTESIAN_POINT('', (-109.24799769, 109.24799769, 2.));
#10592 = DIRECTION('', (0., -0., 1.));
#10593 = AXIS2_PLACEMENT_3D('', #10591, #10592, $);
#10594 = PLANE('', #10593);
#10595 = CARTESIAN_POINT('', (-109.24799769, 109.24799769, 0.));
#10596 = DIRECTION('', (0., -0., 1.));
#10597 = DIRECTION('', (0., 1., 0.));
#10598 = AXIS2_PLACEMENT_3D('', #10595, #10596, #10597);
#10599 = CYLINDRICAL_SURFACE('', #10598, 6.);
#10600 = CARTESIAN_POINT('', (-121.74799769, 121.74799769, 0.));
#10601 = DIRECTION('', (0., -0., 1.));
#10602 = DIRECTION('', (0., 1., 0.));
#10603 = AXIS2_PLACEMENT_3D('', #10600, #10601, #10602);
#10604 = CYLINDRICAL_SURFACE('', #10603, 1.7);
#10605 = CARTESIAN_POINT('', (-121.74799769, 96.74799769, 0.));
#10606 = DIRECTION('', (0., -0., 1.));
#10607 = DIRECTION('', (0., 1., 0.));
#10608 = AXIS2_PLACEMENT_3D('', #10605, #10606, #10607);
#10609 = CYLINDRICAL_SURFACE('', #10608, 1.7);
#10610 = CARTESIAN_POINT('', (-96.74799769, 96.74799769, 0.));
#10611 = DIRECTION('', (0., -0., 1.));
#10612 = DIRECTION('', (0., 1., 0.));
#10613 = AXIS2_PLACEMENT_3D('', #10610, #10611, #10612);
#10614 = CYLINDRICAL_SURFACE('', #10613, 1.7);
#10615 = CARTESIAN_POINT('', (-96.74799769, 121.74799769, 0.));
#10616 = DIRECTION('', (0., -0., 1.));
#10617 = DIRECTION('', (-0., 1., 0.));
#10618 = AXIS2_PLACEMENT_3D('', #10615, #10616, #10617);
#10619 = CYLINDRICAL_SURFACE('', #10618, 1.7);
#10620 = CARTESIAN_POINT('', (-118.74799769, 118.74799769, 0.));
#10621 = DIRECTION('', (0., -0., 1.));
#10622 = DIRECTION('', (0., 1., 0.));
#10623 = AXIS2_PLACEMENT_3D('', #10620, #10621, #10622);
#10624 = CYLINDRICAL_SURFACE('', #10623, 1.7);
#10625 = CARTESIAN_POINT('', (-118.74799769, 99.74799769, 0.));
#10626 = DIRECTION('', (0., -0., 1.));
#10627 = DIRECTION('', (0., 1., 0.));
#10628 = AXIS2_PLACEMENT_3D('', #10625, #10626, #10627);
#10629 = CYLINDRICAL_SURFACE('', #10628, 1.7);
#10630 = CARTESIAN_POINT('', (-99.74799769, 99.74799769, 0.));
#10631 = DIRECTION('', (0., -0., 1.));
#10632 = DIRECTION('', (0., 1., 0.));
#10633 = AXIS2_PLACEMENT_3D('', #10630, #10631, #10632);
#10634 = CYLINDRICAL_SURFACE('', #10633, 1.7);
#10635 = CARTESIAN_POINT('', (-99.74799769, 118.74799769, 0.));
#10636 = DIRECTION('', (0., -0., 1.));
#10637 = DIRECTION('', (-0., 1., 0.));
#10638 = AXIS2_PLACEMENT_3D('', #10635, #10636, #10637);
#10639 = CYLINDRICAL_SURFACE('', #10638, 1.7);
#10640 = CARTESIAN_POINT('', (-134.24799769, -109.24799769, 0.));
#10641 = DIRECTION('', (-1., 0., 0.));
#10642 = AXIS2_PLACEMENT_3D('', #10640, #10641, $);
#10643 = PLANE('', #10642);
#10644 = CARTESIAN_POINT('', (-109.24799769, -134.24799769, 0.));
#10645 = DIRECTION('', (-0., -1., 0.));
#10646 = AXIS2_PLACEMENT_3D('', #10644, #10645, $);
#10647 = PLANE('', #10646);
#10648 = CARTESIAN_POINT('', (-84.24799769, -109.24799769, 0.));
#10649 = DIRECTION('', (1., -0., 0.));
#10650 = AXIS2_PLACEMENT_3D('', #10648, #10649, $);
#10651 = PLANE('', #10650);
#10652 = CARTESIAN_POINT('', (-109.24799769, -84.24799769, 0.));
#10653 = DIRECTION('', (0., 1., -0.));
#10654 = AXIS2_PLACEMENT_3D('', #10652, #10653, $);
#10655 = PLANE('', #10654);
#10656 = CARTESIAN_POINT('', (-109.24799769, -109.24799769, -2.));
#10657 = DIRECTION('', (0., -0., 1.));
#10658 = AXIS2_PLACEMENT_3D('', #10656, #10657, $);
#10659 = PLANE('', #10658);
#10660 = CARTESIAN_POINT('', (-109.24799769, -109.24799769, 2.));
#10661 = DIRECTION('', (0., -0., 1.));
#10662 = AXIS2_PLACEMENT_3D('', #10660, #10661, $);
#10663 = PLANE('', #10662);
#10664 = CARTESIAN_POINT('', (-109.24799769, -109.24799769, 0.));
#10665 = DIRECTION('', (0., -0., 1.));
#10666 = DIRECTION('', (-1., 0., 0.));
#10667 = AXIS2_PLACEMENT_3D('', #10664, #10665, #10666);
#10668 = CYLINDRICAL_SURFACE('', #10667, 6.);
#10669 = CARTESIAN_POINT('', (-121.74799769, -121.74799769, 0.));
#10670 = DIRECTION('', (0., 0., 1.));
#10671 = DIRECTION('', (-1., 0., 0.));
#10672 = AXIS2_PLACEMENT_3D('', #10669, #10670, #10671);
#10673 = CYLINDRICAL_SURFACE('', #10672, 1.7);
#10674 = CARTESIAN_POINT('', (-96.74799769, -121.74799769, 0.));
#10675 = DIRECTION('', (0., 0., 1.));
#10676 = DIRECTION('', (-1., -0., 0.));
#10677 = AXIS2_PLACEMENT_3D('', #10674, #10675, #10676);
#10678 = CYLINDRICAL_SURFACE('', #10677, 1.7);
#10679 = CARTESIAN_POINT('', (-96.74799769, -96.74799769, 0.));
#10680 = DIRECTION('', (0., 0., 1.));
#10681 = DIRECTION('', (-1., -0., 0.));
#10682 = AXIS2_PLACEMENT_3D('', #10679, #10680, #10681);
#10683 = CYLINDRICAL_SURFACE('', #10682, 1.7);
#10684 = CARTESIAN_POINT('', (-121.74799769, -96.74799769, 0.));
#10685 = DIRECTION('', (0., 0., 1.));
#10686 = DIRECTION('', (-1., -0., 0.));
#10687 = AXIS2_PLACEMENT_3D('', #10684, #10685, #10686);
#10688 = CYLINDRICAL_SURFACE('', #10687, 1.7);
#10689 = CARTESIAN_POINT('', (-118.74799769, -118.74799769, 0.));
#10690 = DIRECTION('', (0., 0., 1.));
#10691 = DIRECTION('', (-1., -0., 0.));
#10692 = AXIS2_PLACEMENT_3D('', #10689, #10690, #10691);
#10693 = CYLINDRICAL_SURFACE('', #10692, 1.7);
#10694 = CARTESIAN_POINT('', (-99.74799769, -118.74799769, 0.));
#10695 = DIRECTION('', (0., 0., 1.));
#10696 = DIRECTION('', (-1., -0., 0.));
#10697 = AXIS2_PLACEMENT_3D('', #10694, #10695, #10696);
#10698 = CYLINDRICAL_SURFACE('', #10697, 1.7);
#10699 = CARTESIAN_POINT('', (-99.74799769, -99.74799769, 0.));
#10700 = DIRECTION('', (0., 0., 1.));
#10701 = DIRECTION('', (-1., -0., 0.));
#10702 = AXIS2_PLACEMENT_3D('', #10699, #10700, #10701);
#10703 = CYLINDRICAL_SURFACE('', #10702, 1.7);
#10704 = CARTESIAN_POINT('', (-118.74799769, -99.74799769, 0.));
#10705 = DIRECTION('', (0., 0., 1.));
#10706 = DIRECTION('', (-1., 0., 0.));
#10707 = AXIS2_PLACEMENT_3D('', #10704, #10705, #10706);
#10708 = CYLINDRICAL_SURFACE('', #10707, 1.7);
#10709 = CARTESIAN_POINT('', (109.24799769, -134.24799769, 0.));
#10710 = DIRECTION('', (0., -1., 0.));
#10711 = AXIS2_PLACEMENT_3D('', #10709, #10710, $);
#10712 = PLANE('', #10711);
#10713 = CARTESIAN_POINT('', (134.24799769, -109.24799769, 0.));
#10714 = DIRECTION('', (1., -0., 0.));
#10715 = AXIS2_PLACEMENT_3D('', #10713, #10714, $);
#10716 = PLANE('', #10715);
#10717 = CARTESIAN_POINT('', (109.24799769, -84.24799769, 0.));
#10718 = DIRECTION('', (0., 1., -0.));
#10719 = AXIS2_PLACEMENT_3D('', #10717, #10718, $);
#10720 = PLANE('', #10719);
#10721 = CARTESIAN_POINT('', (84.24799769, -109.24799769, 0.));
#10722 = DIRECTION('', (-1., 0., 0.));
#10723 = AXIS2_PLACEMENT_3D('', #10721, #10722, $);
#10724 = PLANE('', #10723);
#10725 = CARTESIAN_POINT('', (109.24799769, -109.24799769, -2.));
#10726 = DIRECTION('', (0., 0., 1.));
#10727 = AXIS2_PLACEMENT_3D('', #10725, #10726, $);
#10728 = PLANE('', #10727);
#10729 = CARTESIAN_POINT('', (109.24799769, -109.24799769, 2.));
#10730 = DIRECTION('', (0., 0., 1.));
#10731 = AXIS2_PLACEMENT_3D('', #10729, #10730, $);
#10732 = PLANE('', #10731);
#10733 = CARTESIAN_POINT('', (109.24799769, -109.24799769, 0.));
#10734 = DIRECTION('', (-0., -0., 1.));
#10735 = DIRECTION('', (0., -1., 0.));
#10736 = AXIS2_PLACEMENT_3D('', #10733, #10734, #10735);
#10737 = CYLINDRICAL_SURFACE('', #10736, 6.);
#10738 = CARTESIAN_POINT('', (121.74799769, -121.74799769, 0.));
#10739 = DIRECTION('', (-0., -0., 1.));
#10740 = DIRECTION('', (0., -1., 0.));
#10741 = AXIS2_PLACEMENT_3D('', #10738, #10739, #10740);
#10742 = CYLINDRICAL_SURFACE('', #10741, 1.7);
#10743 = CARTESIAN_POINT('', (121.74799769, -96.74799769, 0.));
#10744 = DIRECTION('', (-0., -0., 1.));
#10745 = DIRECTION('', (0., -1., 0.));
#10746 = AXIS2_PLACEMENT_3D('', #10743, #10744, #10745);
#10747 = CYLINDRICAL_SURFACE('', #10746, 1.7);
#10748 = CARTESIAN_POINT('', (96.74799769, -96.74799769, 0.));
#10749 = DIRECTION('', (-0., -0., 1.));
#10750 = DIRECTION('', (0., -1., 0.));
#10751 = AXIS2_PLACEMENT_3D('', #10748, #10749, #10750);
#10752 = CYLINDRICAL_SURFACE('', #10751, 1.7);
#10753 = CARTESIAN_POINT('', (96.74799769, -121.74799769, 0.));
#10754 = DIRECTION('', (-0., -0., 1.));
#10755 = DIRECTION('', (0., -1., 0.));
#10756 = AXIS2_PLACEMENT_3D('', #10753, #10754, #10755);
#10757 = CYLINDRICAL_SURFACE('', #10756, 1.7);
#10758 = CARTESIAN_POINT('', (118.74799769, -118.74799769, 0.));
#10759 = DIRECTION('', (0., 0., 1.));
#10760 = DIRECTION('', (-0., -1., 0.));
#10761 = AXIS2_PLACEMENT_3D('', #10758, #10759, #10760);
#10762 = CYLINDRICAL_SURFACE('', #10761, 1.7);
#10763 = CARTESIAN_POINT('', (118.74799769, -99.74799769, 0.));
#10764 = DIRECTION('', (-0., -0., 1.));
#10765 = DIRECTION('', (0., -1., 0.));
#10766 = AXIS2_PLACEMENT_3D('', #10763, #10764, #10765);
#10767 = CYLINDRICAL_SURFACE('', #10766, 1.7);
#10768 = CARTESIAN_POINT('', (99.74799769, -99.74799769, 0.));
#10769 = DIRECTION('', (-0., -0., 1.));
#10770 = DIRECTION('', (0., -1., 0.));
#10771 = AXIS2_PLACEMENT_3D('', #10768, #10769, #10770);
#10772 = CYLINDRICAL_SURFACE('', #10771, 1.7);
#10773 = CARTESIAN_POINT('', (99.74799769, -118.74799769, 0.));
#10774 = DIRECTION('', (0., 0., 1.));
#10775 = DIRECTION('', (-0., -1., 0.));
#10776 = AXIS2_PLACEMENT_3D('', #10773, #10774, #10775);
#10777 = CYLINDRICAL_SURFACE('', #10776, 1.7);
#10778 = ORIENTED_EDGE('', *, *, #7043, .T.);
#10779 = ORIENTED_EDGE('', *, *, #7044, .T.);
#10780 = ORIENTED_EDGE('', *, *, #7045, .F.);
#10781 = ORIENTED_EDGE('', *, *, #7046, .F.);
#10782 = EDGE_LOOP('', (#10778, #10779, #10780, #10781));
#10783 = FACE_BOUND('', #10782, .T.);
#10784 = ADVANCED_FACE('', (#10783), #8228, .T.);
#10785 = ORIENTED_EDGE('', *, *, #7047, .T.);
#10786 = ORIENTED_EDGE('', *, *, #7048, .T.);
#10787 = ORIENTED_EDGE('', *, *, #7049, .F.);
#10788 = ORIENTED_EDGE('', *, *, #7044, .F.);
#10789 = EDGE_LOOP('', (#10785, #10786, #10787, #10788));
#10790 = FACE_BOUND('', #10789, .T.);
#10791 = ADVANCED_FACE('', (#10790), #8232, .T.);
#10792 = ORIENTED_EDGE('', *, *, #7050, .T.);
#10793 = ORIENTED_EDGE('', *, *, #7051, .T.);
#10794 = ORIENTED_EDGE('', *, *, #7052, .F.);
#10795 = ORIENTED_EDGE('', *, *, #7048, .F.);
#10796 = EDGE_LOOP('', (#10792, #10793, #10794, #10795));
#10797 = FACE_BOUND('', #10796, .T.);
#10798 = ADVANCED_FACE('', (#10797), #8236, .T.);
#10799 = ORIENTED_EDGE('', *, *, #7053, .T.);
#10800 = ORIENTED_EDGE('', *, *, #7046, .T.);
#10801 = ORIENTED_EDGE('', *, *, #7054, .F.);
#10802 = ORIENTED_EDGE('', *, *, #7051, .F.);
#10803 = EDGE_LOOP('', (#10799, #10800, #10801, #10802));
#10804 = FACE_BOUND('', #10803, .T.);
#10805 = ADVANCED_FACE('', (#10804), #8240, .T.);
#10806 = ORIENTED_EDGE('', *, *, #7053, .F.);
#10807 = ORIENTED_EDGE('', *, *, #7050, .F.);
#10808 = ORIENTED_EDGE('', *, *, #7047, .F.);
#10809 = ORIENTED_EDGE('', *, *, #7043, .F.);
#10810 = ORIENTED_EDGE('', *, *, #7060, .T.);
#10811 = ORIENTED_EDGE('', *, *, #7059, .F.);
#10812 = ORIENTED_EDGE('', *, *, #7056, .F.);
#10813 = ORIENTED_EDGE('', *, *, #7055, .T.);
#10814 = EDGE_LOOP('', (#10806, #10807, #10808, #10809));
#10815 = FACE_BOUND('', #10814, .T.);
#10816 = EDGE_LOOP('', (#10810, #10811, #10812, #10813));
#10817 = FACE_BOUND('', #10816, .T.);
#10818 = ADVANCED_FACE('', (#10815, #10817), #8244, .F.);
#10819 = ORIENTED_EDGE('', *, *, #7045, .T.);
#10820 = ORIENTED_EDGE('', *, *, #7049, .T.);
#10821 = ORIENTED_EDGE('', *, *, #7052, .T.);
#10822 = ORIENTED_EDGE('', *, *, #7054, .T.);
#10823 = ORIENTED_EDGE('', *, *, #7057, .F.);
#10824 = ORIENTED_EDGE('', *, *, #7058, .T.);
#10825 = ORIENTED_EDGE('', *, *, #7061, .T.);
#10826 = ORIENTED_EDGE('', *, *, #7062, .F.);
#10827 = EDGE_LOOP('', (#10819, #10820, #10821, #10822));
#10828 = FACE_BOUND('', #10827, .T.);
#10829 = EDGE_LOOP('', (#10823, #10824, #10825, #10826));
#10830 = FACE_BOUND('', #10829, .T.);
#10831 = ADVANCED_FACE('', (#10828, #10830), #8248, .T.);
#10832 = ORIENTED_EDGE('', *, *, #7060, .F.);
#10833 = ORIENTED_EDGE('', *, *, #7055, .F.);
#10834 = ORIENTED_EDGE('', *, *, #7064, .T.);
#10835 = ORIENTED_EDGE('', *, *, #7057, .T.);
#10836 = ORIENTED_EDGE('', *, *, #7062, .T.);
#10837 = ORIENTED_EDGE('', *, *, #7063, .F.);
#10838 = EDGE_LOOP('', (#10832, #10833, #10834, #10835, #10836, #10837));
#10839 = FACE_BOUND('', #10838, .T.);
#10840 = ADVANCED_FACE('', (#10839), #8253, .F.);
#10841 = ORIENTED_EDGE('', *, *, #7061, .F.);
#10842 = ORIENTED_EDGE('', *, *, #7058, .F.);
#10843 = ORIENTED_EDGE('', *, *, #7064, .F.);
#10844 = ORIENTED_EDGE('', *, *, #7056, .T.);
#10845 = ORIENTED_EDGE('', *, *, #7059, .T.);
#10846 = ORIENTED_EDGE('', *, *, #7063, .T.);
#10847 = EDGE_LOOP('', (#10841, #10842, #10843, #10844, #10845, #10846));
#10848 = FACE_BOUND('', #10847, .T.);
#10849 = ADVANCED_FACE('', (#10848), #8253, .F.);
#10850 = ORIENTED_EDGE('', *, *, #7065, .T.);
#10851 = ORIENTED_EDGE('', *, *, #7066, .T.);
#10852 = ORIENTED_EDGE('', *, *, #7067, .F.);
#10853 = ORIENTED_EDGE('', *, *, #7068, .F.);
#10854 = EDGE_LOOP('', (#10850, #10851, #10852, #10853));
#10855 = FACE_BOUND('', #10854, .T.);
#10856 = ADVANCED_FACE('', (#10855), #8257, .T.);
#10857 = ORIENTED_EDGE('', *, *, #7069, .T.);
#10858 = ORIENTED_EDGE('', *, *, #7070, .T.);
#10859 = ORIENTED_EDGE('', *, *, #7071, .F.);
#10860 = ORIENTED_EDGE('', *, *, #7066, .F.);
#10861 = EDGE_LOOP('', (#10857, #10858, #10859, #10860));
#10862 = FACE_BOUND('', #10861, .T.);
#10863 = ADVANCED_FACE('', (#10862), #8261, .T.);
#10864 = ORIENTED_EDGE('', *, *, #7072, .T.);
#10865 = ORIENTED_EDGE('', *, *, #7073, .T.);
#10866 = ORIENTED_EDGE('', *, *, #7074, .F.);
#10867 = ORIENTED_EDGE('', *, *, #7070, .F.);
#10868 = EDGE_LOOP('', (#10864, #10865, #10866, #10867));
#10869 = FACE_BOUND('', #10868, .T.);
#10870 = ADVANCED_FACE('', (#10869), #8265, .T.);
#10871 = ORIENTED_EDGE('', *, *, #7075, .T.);
#10872 = ORIENTED_EDGE('', *, *, #7068, .T.);
#10873 = ORIENTED_EDGE('', *, *, #7076, .F.);
#10874 = ORIENTED_EDGE('', *, *, #7073, .F.);
#10875 = EDGE_LOOP('', (#10871, #10872, #10873, #10874));
#10876 = FACE_BOUND('', #10875, .T.);
#10877 = ADVANCED_FACE('', (#10876), #8269, .T.);
#10878 = ORIENTED_EDGE('', *, *, #7075, .F.);
#10879 = ORIENTED_EDGE('', *, *, #7072, .F.);
#10880 = ORIENTED_EDGE('', *, *, #7069, .F.);
#10881 = ORIENTED_EDGE('', *, *, #7065, .F.);
#10882 = EDGE_LOOP('', (#10878, #10879, #10880, #10881));
#10883 = FACE_BOUND('', #10882, .T.);
#10884 = ADVANCED_FACE('', (#10883), #8273, .F.);
#10885 = ORIENTED_EDGE('', *, *, #7067, .T.);
#10886 = ORIENTED_EDGE('', *, *, #7071, .T.);
#10887 = ORIENTED_EDGE('', *, *, #7074, .T.);
#10888 = ORIENTED_EDGE('', *, *, #7076, .T.);
#10889 = EDGE_LOOP('', (#10885, #10886, #10887, #10888));
#10890 = FACE_BOUND('', #10889, .T.);
#10891 = ADVANCED_FACE('', (#10890), #8277, .T.);
#10892 = ORIENTED_EDGE('', *, *, #7077, .T.);
#10893 = ORIENTED_EDGE('', *, *, #7079, .F.);
#10894 = EDGE_LOOP('', (#10892));
#10895 = FACE_BOUND('', #10894, .T.);
#10896 = EDGE_LOOP('', (#10893));
#10897 = FACE_BOUND('', #10896, .T.);
#10898 = ADVANCED_FACE('', (#10895, #10897), #8282, .T.);
#10899 = ORIENTED_EDGE('', *, *, #7077, .F.);
#10900 = EDGE_LOOP('', (#10899));
#10901 = FACE_BOUND('', #10900, .T.);
#10902 = ADVANCED_FACE('', (#10901), #8286, .F.);
#10903 = ORIENTED_EDGE('', *, *, #7079, .T.);
#10904 = EDGE_LOOP('', (#10903));
#10905 = FACE_BOUND('', #10904, .T.);
#10906 = ADVANCED_FACE('', (#10905), #8290, .T.);
#10907 = ORIENTED_EDGE('', *, *, #7080, .T.);
#10908 = ORIENTED_EDGE('', *, *, #7082, .F.);
#10909 = EDGE_LOOP('', (#10907));
#10910 = FACE_BOUND('', #10909, .T.);
#10911 = EDGE_LOOP('', (#10908));
#10912 = FACE_BOUND('', #10911, .T.);
#10913 = ADVANCED_FACE('', (#10910, #10912), #8295, .T.);
#10914 = ORIENTED_EDGE('', *, *, #7080, .F.);
#10915 = EDGE_LOOP('', (#10914));
#10916 = FACE_BOUND('', #10915, .T.);
#10917 = ADVANCED_FACE('', (#10916), #8299, .F.);
#10918 = ORIENTED_EDGE('', *, *, #7082, .T.);
#10919 = EDGE_LOOP('', (#10918));
#10920 = FACE_BOUND('', #10919, .T.);
#10921 = ADVANCED_FACE('', (#10920), #8303, .T.);
#10922 = ORIENTED_EDGE('', *, *, #7083, .T.);
#10923 = ORIENTED_EDGE('', *, *, #7085, .F.);
#10924 = EDGE_LOOP('', (#10922));
#10925 = FACE_BOUND('', #10924, .T.);
#10926 = EDGE_LOOP('', (#10923));
#10927 = FACE_BOUND('', #10926, .T.);
#10928 = ADVANCED_FACE('', (#10925, #10927), #8308, .T.);
#10929 = ORIENTED_EDGE('', *, *, #7083, .F.);
#10930 = EDGE_LOOP('', (#10929));
#10931 = FACE_BOUND('', #10930, .T.);
#10932 = ADVANCED_FACE('', (#10931), #8312, .F.);
#10933 = ORIENTED_EDGE('', *, *, #7085, .T.);
#10934 = EDGE_LOOP('', (#10933));
#10935 = FACE_BOUND('', #10934, .T.);
#10936 = ADVANCED_FACE('', (#10935), #8316, .T.);
#10937 = ORIENTED_EDGE('', *, *, #7086, .T.);
#10938 = ORIENTED_EDGE('', *, *, #7088, .F.);
#10939 = EDGE_LOOP('', (#10937));
#10940 = FACE_BOUND('', #10939, .T.);
#10941 = EDGE_LOOP('', (#10938));
#10942 = FACE_BOUND('', #10941, .T.);
#10943 = ADVANCED_FACE('', (#10940, #10942), #8321, .T.);
#10944 = ORIENTED_EDGE('', *, *, #7086, .F.);
#10945 = EDGE_LOOP('', (#10944));
#10946 = FACE_BOUND('', #10945, .T.);
#10947 = ADVANCED_FACE('', (#10946), #8325, .F.);
#10948 = ORIENTED_EDGE('', *, *, #7088, .T.);
#10949 = EDGE_LOOP('', (#10948));
#10950 = FACE_BOUND('', #10949, .T.);
#10951 = ADVANCED_FACE('', (#10950), #8329, .T.);
#10952 = ORIENTED_EDGE('', *, *, #7089, .T.);
#10953 = ORIENTED_EDGE('', *, *, #7091, .F.);
#10954 = EDGE_LOOP('', (#10952));
#10955 = FACE_BOUND('', #10954, .T.);
#10956 = EDGE_LOOP('', (#10953));
#10957 = FACE_BOUND('', #10956, .T.);
#10958 = ADVANCED_FACE('', (#10955, #10957), #8334, .T.);
#10959 = ORIENTED_EDGE('', *, *, #7089, .F.);
#10960 = EDGE_LOOP('', (#10959));
#10961 = FACE_BOUND('', #10960, .T.);
#10962 = ADVANCED_FACE('', (#10961), #8338, .F.);
#10963 = ORIENTED_EDGE('', *, *, #7091, .T.);
#10964 = EDGE_LOOP('', (#10963));
#10965 = FACE_BOUND('', #10964, .T.);
#10966 = ADVANCED_FACE('', (#10965), #8342, .T.);
#10967 = ORIENTED_EDGE('', *, *, #7092, .T.);
#10968 = ORIENTED_EDGE('', *, *, #7094, .F.);
#10969 = EDGE_LOOP('', (#10967));
#10970 = FACE_BOUND('', #10969, .T.);
#10971 = EDGE_LOOP('', (#10968));
#10972 = FACE_BOUND('', #10971, .T.);
#10973 = ADVANCED_FACE('', (#10970, #10972), #8347, .T.);
#10974 = ORIENTED_EDGE('', *, *, #7092, .F.);
#10975 = EDGE_LOOP('', (#10974));
#10976 = FACE_BOUND('', #10975, .T.);
#10977 = ADVANCED_FACE('', (#10976), #8351, .F.);
#10978 = ORIENTED_EDGE('', *, *, #7094, .T.);
#10979 = EDGE_LOOP('', (#10978));
#10980 = FACE_BOUND('', #10979, .T.);
#10981 = ADVANCED_FACE('', (#10980), #8355, .T.);
#10982 = ORIENTED_EDGE('', *, *, #7095, .T.);
#10983 = ORIENTED_EDGE('', *, *, #7097, .F.);
#10984 = EDGE_LOOP('', (#10982));
#10985 = FACE_BOUND('', #10984, .T.);
#10986 = EDGE_LOOP('', (#10983));
#10987 = FACE_BOUND('', #10986, .T.);
#10988 = ADVANCED_FACE('', (#10985, #10987), #8360, .T.);
#10989 = ORIENTED_EDGE('', *, *, #7095, .F.);
#10990 = EDGE_LOOP('', (#10989));
#10991 = FACE_BOUND('', #10990, .T.);
#10992 = ADVANCED_FACE('', (#10991), #8364, .F.);
#10993 = ORIENTED_EDGE('', *, *, #7097, .T.);
#10994 = EDGE_LOOP('', (#10993));
#10995 = FACE_BOUND('', #10994, .T.);
#10996 = ADVANCED_FACE('', (#10995), #8368, .T.);
#10997 = ORIENTED_EDGE('', *, *, #7098, .T.);
#10998 = ORIENTED_EDGE('', *, *, #7100, .F.);
#10999 = EDGE_LOOP('', (#10997));
#11000 = FACE_BOUND('', #10999, .T.);
#11001 = EDGE_LOOP('', (#10998));
#11002 = FACE_BOUND('', #11001, .T.);
#11003 = ADVANCED_FACE('', (#11000, #11002), #8373, .T.);
#11004 = ORIENTED_EDGE('', *, *, #7098, .F.);
#11005 = EDGE_LOOP('', (#11004));
#11006 = FACE_BOUND('', #11005, .T.);
#11007 = ADVANCED_FACE('', (#11006), #8377, .F.);
#11008 = ORIENTED_EDGE('', *, *, #7100, .T.);
#11009 = EDGE_LOOP('', (#11008));
#11010 = FACE_BOUND('', #11009, .T.);
#11011 = ADVANCED_FACE('', (#11010), #8381, .T.);
#11012 = ORIENTED_EDGE('', *, *, #7101, .T.);
#11013 = ORIENTED_EDGE('', *, *, #7103, .F.);
#11014 = EDGE_LOOP('', (#11012));
#11015 = FACE_BOUND('', #11014, .T.);
#11016 = EDGE_LOOP('', (#11013));
#11017 = FACE_BOUND('', #11016, .T.);
#11018 = ADVANCED_FACE('', (#11015, #11017), #8386, .T.);
#11019 = ORIENTED_EDGE('', *, *, #7101, .F.);
#11020 = EDGE_LOOP('', (#11019));
#11021 = FACE_BOUND('', #11020, .T.);
#11022 = ADVANCED_FACE('', (#11021), #8390, .F.);
#11023 = ORIENTED_EDGE('', *, *, #7103, .T.);
#11024 = EDGE_LOOP('', (#11023));
#11025 = FACE_BOUND('', #11024, .T.);
#11026 = ADVANCED_FACE('', (#11025), #8394, .T.);
#11027 = ORIENTED_EDGE('', *, *, #7104, .T.);
#11028 = ORIENTED_EDGE('', *, *, #7106, .F.);
#11029 = EDGE_LOOP('', (#11027));
#11030 = FACE_BOUND('', #11029, .T.);
#11031 = EDGE_LOOP('', (#11028));
#11032 = FACE_BOUND('', #11031, .T.);
#11033 = ADVANCED_FACE('', (#11030, #11032), #8399, .T.);
#11034 = ORIENTED_EDGE('', *, *, #7104, .F.);
#11035 = EDGE_LOOP('', (#11034));
#11036 = FACE_BOUND('', #11035, .T.);
#11037 = ADVANCED_FACE('', (#11036), #8403, .F.);
#11038 = ORIENTED_EDGE('', *, *, #7106, .T.);
#11039 = EDGE_LOOP('', (#11038));
#11040 = FACE_BOUND('', #11039, .T.);
#11041 = ADVANCED_FACE('', (#11040), #8407, .T.);
#11042 = ORIENTED_EDGE('', *, *, #7107, .T.);
#11043 = ORIENTED_EDGE('', *, *, #7109, .F.);
#11044 = EDGE_LOOP('', (#11042));
#11045 = FACE_BOUND('', #11044, .T.);
#11046 = EDGE_LOOP('', (#11043));
#11047 = FACE_BOUND('', #11046, .T.);
#11048 = ADVANCED_FACE('', (#11045, #11047), #8412, .T.);
#11049 = ORIENTED_EDGE('', *, *, #7107, .F.);
#11050 = EDGE_LOOP('', (#11049));
#11051 = FACE_BOUND('', #11050, .T.);
#11052 = ADVANCED_FACE('', (#11051), #8416, .F.);
#11053 = ORIENTED_EDGE('', *, *, #7109, .T.);
#11054 = EDGE_LOOP('', (#11053));
#11055 = FACE_BOUND('', #11054, .T.);
#11056 = ADVANCED_FACE('', (#11055), #8420, .T.);
#11057 = ORIENTED_EDGE('', *, *, #7110, .T.);
#11058 = ORIENTED_EDGE('', *, *, #7112, .F.);
#11059 = EDGE_LOOP('', (#11057));
#11060 = FACE_BOUND('', #11059, .T.);
#11061 = EDGE_LOOP('', (#11058));
#11062 = FACE_BOUND('', #11061, .T.);
#11063 = ADVANCED_FACE('', (#11060, #11062), #8425, .T.);
#11064 = ORIENTED_EDGE('', *, *, #7110, .F.);
#11065 = EDGE_LOOP('', (#11064));
#11066 = FACE_BOUND('', #11065, .T.);
#11067 = ADVANCED_FACE('', (#11066), #8429, .F.);
#11068 = ORIENTED_EDGE('', *, *, #7112, .T.);
#11069 = EDGE_LOOP('', (#11068));
#11070 = FACE_BOUND('', #11069, .T.);
#11071 = ADVANCED_FACE('', (#11070), #8433, .T.);
#11072 = ORIENTED_EDGE('', *, *, #7113, .T.);
#11073 = ORIENTED_EDGE('', *, *, #7115, .F.);
#11074 = EDGE_LOOP('', (#11072));
#11075 = FACE_BOUND('', #11074, .T.);
#11076 = EDGE_LOOP('', (#11073));
#11077 = FACE_BOUND('', #11076, .T.);
#11078 = ADVANCED_FACE('', (#11075, #11077), #8438, .T.);
#11079 = ORIENTED_EDGE('', *, *, #7113, .F.);
#11080 = EDGE_LOOP('', (#11079));
#11081 = FACE_BOUND('', #11080, .T.);
#11082 = ADVANCED_FACE('', (#11081), #8442, .F.);
#11083 = ORIENTED_EDGE('', *, *, #7115, .T.);
#11084 = EDGE_LOOP('', (#11083));
#11085 = FACE_BOUND('', #11084, .T.);
#11086 = ADVANCED_FACE('', (#11085), #8446, .T.);
#11087 = ORIENTED_EDGE('', *, *, #7116, .T.);
#11088 = ORIENTED_EDGE('', *, *, #7118, .F.);
#11089 = EDGE_LOOP('', (#11087));
#11090 = FACE_BOUND('', #11089, .T.);
#11091 = EDGE_LOOP('', (#11088));
#11092 = FACE_BOUND('', #11091, .T.);
#11093 = ADVANCED_FACE('', (#11090, #11092), #8451, .T.);
#11094 = ORIENTED_EDGE('', *, *, #7116, .F.);
#11095 = EDGE_LOOP('', (#11094));
#11096 = FACE_BOUND('', #11095, .T.);
#11097 = ADVANCED_FACE('', (#11096), #8455, .F.);
#11098 = ORIENTED_EDGE('', *, *, #7118, .T.);
#11099 = EDGE_LOOP('', (#11098));
#11100 = FACE_BOUND('', #11099, .T.);
#11101 = ADVANCED_FACE('', (#11100), #8459, .T.);
#11102 = ORIENTED_EDGE('', *, *, #7119, .T.);
#11103 = ORIENTED_EDGE('', *, *, #7121, .F.);
#11104 = EDGE_LOOP('', (#11102));
#11105 = FACE_BOUND('', #11104, .T.);
#11106 = EDGE_LOOP('', (#11103));
#11107 = FACE_BOUND('', #11106, .T.);
#11108 = ADVANCED_FACE('', (#11105, #11107), #8464, .T.);
#11109 = ORIENTED_EDGE('', *, *, #7119, .F.);
#11110 = EDGE_LOOP('', (#11109));
#11111 = FACE_BOUND('', #11110, .T.);
#11112 = ADVANCED_FACE('', (#11111), #8468, .F.);
#11113 = ORIENTED_EDGE('', *, *, #7121, .T.);
#11114 = EDGE_LOOP('', (#11113));
#11115 = FACE_BOUND('', #11114, .T.);
#11116 = ADVANCED_FACE('', (#11115), #8472, .T.);
#11117 = ORIENTED_EDGE('', *, *, #7122, .T.);
#11118 = ORIENTED_EDGE('', *, *, #7124, .F.);
#11119 = EDGE_LOOP('', (#11117));
#11120 = FACE_BOUND('', #11119, .T.);
#11121 = EDGE_LOOP('', (#11118));
#11122 = FACE_BOUND('', #11121, .T.);
#11123 = ADVANCED_FACE('', (#11120, #11122), #8477, .T.);
#11124 = ORIENTED_EDGE('', *, *, #7122, .F.);
#11125 = EDGE_LOOP('', (#11124));
#11126 = FACE_BOUND('', #11125, .T.);
#11127 = ADVANCED_FACE('', (#11126), #8481, .F.);
#11128 = ORIENTED_EDGE('', *, *, #7124, .T.);
#11129 = EDGE_LOOP('', (#11128));
#11130 = FACE_BOUND('', #11129, .T.);
#11131 = ADVANCED_FACE('', (#11130), #8485, .T.);
#11132 = ORIENTED_EDGE('', *, *, #7125, .T.);
#11133 = ORIENTED_EDGE('', *, *, #7127, .F.);
#11134 = EDGE_LOOP('', (#11132));
#11135 = FACE_BOUND('', #11134, .T.);
#11136 = EDGE_LOOP('', (#11133));
#11137 = FACE_BOUND('', #11136, .T.);
#11138 = ADVANCED_FACE('', (#11135, #11137), #8490, .T.);
#11139 = ORIENTED_EDGE('', *, *, #7125, .F.);
#11140 = EDGE_LOOP('', (#11139));
#11141 = FACE_BOUND('', #11140, .T.);
#11142 = ADVANCED_FACE('', (#11141), #8494, .F.);
#11143 = ORIENTED_EDGE('', *, *, #7127, .T.);
#11144 = EDGE_LOOP('', (#11143));
#11145 = FACE_BOUND('', #11144, .T.);
#11146 = ADVANCED_FACE('', (#11145), #8498, .T.);
#11147 = ORIENTED_EDGE('', *, *, #7128, .T.);
#11148 = ORIENTED_EDGE('', *, *, #7130, .F.);
#11149 = EDGE_LOOP('', (#11147));
#11150 = FACE_BOUND('', #11149, .T.);
#11151 = EDGE_LOOP('', (#11148));
#11152 = FACE_BOUND('', #11151, .T.);
#11153 = ADVANCED_FACE('', (#11150, #11152), #8503, .T.);
#11154 = ORIENTED_EDGE('', *, *, #7128, .F.);
#11155 = EDGE_LOOP('', (#11154));
#11156 = FACE_BOUND('', #11155, .T.);
#11157 = ADVANCED_FACE('', (#11156), #8507, .F.);
#11158 = ORIENTED_EDGE('', *, *, #7130, .T.);
#11159 = EDGE_LOOP('', (#11158));
#11160 = FACE_BOUND('', #11159, .T.);
#11161 = ADVANCED_FACE('', (#11160), #8511, .T.);
#11162 = ORIENTED_EDGE('', *, *, #7131, .T.);
#11163 = ORIENTED_EDGE('', *, *, #7133, .F.);
#11164 = EDGE_LOOP('', (#11162));
#11165 = FACE_BOUND('', #11164, .T.);
#11166 = EDGE_LOOP('', (#11163));
#11167 = FACE_BOUND('', #11166, .T.);
#11168 = ADVANCED_FACE('', (#11165, #11167), #8516, .T.);
#11169 = ORIENTED_EDGE('', *, *, #7131, .F.);
#11170 = EDGE_LOOP('', (#11169));
#11171 = FACE_BOUND('', #11170, .T.);
#11172 = ADVANCED_FACE('', (#11171), #8520, .F.);
#11173 = ORIENTED_EDGE('', *, *, #7133, .T.);
#11174 = EDGE_LOOP('', (#11173));
#11175 = FACE_BOUND('', #11174, .T.);
#11176 = ADVANCED_FACE('', (#11175), #8524, .T.);
#11177 = ORIENTED_EDGE('', *, *, #7134, .T.);
#11178 = ORIENTED_EDGE('', *, *, #7136, .F.);
#11179 = EDGE_LOOP('', (#11177));
#11180 = FACE_BOUND('', #11179, .T.);
#11181 = EDGE_LOOP('', (#11178));
#11182 = FACE_BOUND('', #11181, .T.);
#11183 = ADVANCED_FACE('', (#11180, #11182), #8529, .T.);
#11184 = ORIENTED_EDGE('', *, *, #7134, .F.);
#11185 = EDGE_LOOP('', (#11184));
#11186 = FACE_BOUND('', #11185, .T.);
#11187 = ADVANCED_FACE('', (#11186), #8533, .F.);
#11188 = ORIENTED_EDGE('', *, *, #7136, .T.);
#11189 = EDGE_LOOP('', (#11188));
#11190 = FACE_BOUND('', #11189, .T.);
#11191 = ADVANCED_FACE('', (#11190), #8537, .T.);
#11192 = ORIENTED_EDGE('', *, *, #7137, .T.);
#11193 = ORIENTED_EDGE('', *, *, #7139, .F.);
#11194 = EDGE_LOOP('', (#11192));
#11195 = FACE_BOUND('', #11194, .T.);
#11196 = EDGE_LOOP('', (#11193));
#11197 = FACE_BOUND('', #11196, .T.);
#11198 = ADVANCED_FACE('', (#11195, #11197), #8542, .T.);
#11199 = ORIENTED_EDGE('', *, *, #7137, .F.);
#11200 = EDGE_LOOP('', (#11199));
#11201 = FACE_BOUND('', #11200, .T.);
#11202 = ADVANCED_FACE('', (#11201), #8546, .F.);
#11203 = ORIENTED_EDGE('', *, *, #7139, .T.);
#11204 = EDGE_LOOP('', (#11203));
#11205 = FACE_BOUND('', #11204, .T.);
#11206 = ADVANCED_FACE('', (#11205), #8550, .T.);
#11207 = ORIENTED_EDGE('', *, *, #7140, .T.);
#11208 = ORIENTED_EDGE('', *, *, #7142, .F.);
#11209 = EDGE_LOOP('', (#11207));
#11210 = FACE_BOUND('', #11209, .T.);
#11211 = EDGE_LOOP('', (#11208));
#11212 = FACE_BOUND('', #11211, .T.);
#11213 = ADVANCED_FACE('', (#11210, #11212), #8555, .T.);
#11214 = ORIENTED_EDGE('', *, *, #7140, .F.);
#11215 = EDGE_LOOP('', (#11214));
#11216 = FACE_BOUND('', #11215, .T.);
#11217 = ADVANCED_FACE('', (#11216), #8559, .F.);
#11218 = ORIENTED_EDGE('', *, *, #7142, .T.);
#11219 = EDGE_LOOP('', (#11218));
#11220 = FACE_BOUND('', #11219, .T.);
#11221 = ADVANCED_FACE('', (#11220), #8563, .T.);
#11222 = ORIENTED_EDGE('', *, *, #7143, .T.);
#11223 = ORIENTED_EDGE('', *, *, #7145, .F.);
#11224 = EDGE_LOOP('', (#11222));
#11225 = FACE_BOUND('', #11224, .T.);
#11226 = EDGE_LOOP('', (#11223));
#11227 = FACE_BOUND('', #11226, .T.);
#11228 = ADVANCED_FACE('', (#11225, #11227), #8568, .T.);
#11229 = ORIENTED_EDGE('', *, *, #7143, .F.);
#11230 = EDGE_LOOP('', (#11229));
#11231 = FACE_BOUND('', #11230, .T.);
#11232 = ADVANCED_FACE('', (#11231), #8572, .F.);
#11233 = ORIENTED_EDGE('', *, *, #7145, .T.);
#11234 = EDGE_LOOP('', (#11233));
#11235 = FACE_BOUND('', #11234, .T.);
#11236 = ADVANCED_FACE('', (#11235), #8576, .T.);
#11237 = ORIENTED_EDGE('', *, *, #7146, .T.);
#11238 = ORIENTED_EDGE('', *, *, #7148, .F.);
#11239 = EDGE_LOOP('', (#11237));
#11240 = FACE_BOUND('', #11239, .T.);
#11241 = EDGE_LOOP('', (#11238));
#11242 = FACE_BOUND('', #11241, .T.);
#11243 = ADVANCED_FACE('', (#11240, #11242), #8581, .T.);
#11244 = ORIENTED_EDGE('', *, *, #7146, .F.);
#11245 = EDGE_LOOP('', (#11244));
#11246 = FACE_BOUND('', #11245, .T.);
#11247 = ADVANCED_FACE('', (#11246), #8585, .F.);
#11248 = ORIENTED_EDGE('', *, *, #7148, .T.);
#11249 = EDGE_LOOP('', (#11248));
#11250 = FACE_BOUND('', #11249, .T.);
#11251 = ADVANCED_FACE('', (#11250), #8589, .T.);
#11252 = ORIENTED_EDGE('', *, *, #7149, .T.);
#11253 = ORIENTED_EDGE('', *, *, #7151, .F.);
#11254 = EDGE_LOOP('', (#11252));
#11255 = FACE_BOUND('', #11254, .T.);
#11256 = EDGE_LOOP('', (#11253));
#11257 = FACE_BOUND('', #11256, .T.);
#11258 = ADVANCED_FACE('', (#11255, #11257), #8594, .T.);
#11259 = ORIENTED_EDGE('', *, *, #7149, .F.);
#11260 = EDGE_LOOP('', (#11259));
#11261 = FACE_BOUND('', #11260, .T.);
#11262 = ADVANCED_FACE('', (#11261), #8598, .F.);
#11263 = ORIENTED_EDGE('', *, *, #7151, .T.);
#11264 = EDGE_LOOP('', (#11263));
#11265 = FACE_BOUND('', #11264, .T.);
#11266 = ADVANCED_FACE('', (#11265), #8602, .T.);
#11267 = ORIENTED_EDGE('', *, *, #7152, .T.);
#11268 = ORIENTED_EDGE('', *, *, #7154, .F.);
#11269 = EDGE_LOOP('', (#11267));
#11270 = FACE_BOUND('', #11269, .T.);
#11271 = EDGE_LOOP('', (#11268));
#11272 = FACE_BOUND('', #11271, .T.);
#11273 = ADVANCED_FACE('', (#11270, #11272), #8607, .T.);
#11274 = ORIENTED_EDGE('', *, *, #7152, .F.);
#11275 = EDGE_LOOP('', (#11274));
#11276 = FACE_BOUND('', #11275, .T.);
#11277 = ADVANCED_FACE('', (#11276), #8611, .F.);
#11278 = ORIENTED_EDGE('', *, *, #7154, .T.);
#11279 = EDGE_LOOP('', (#11278));
#11280 = FACE_BOUND('', #11279, .T.);
#11281 = ADVANCED_FACE('', (#11280), #8615, .T.);
#11282 = ORIENTED_EDGE('', *, *, #7155, .T.);
#11283 = ORIENTED_EDGE('', *, *, #7157, .F.);
#11284 = EDGE_LOOP('', (#11282));
#11285 = FACE_BOUND('', #11284, .T.);
#11286 = EDGE_LOOP('', (#11283));
#11287 = FACE_BOUND('', #11286, .T.);
#11288 = ADVANCED_FACE('', (#11285, #11287), #8620, .T.);
#11289 = ORIENTED_EDGE('', *, *, #7155, .F.);
#11290 = EDGE_LOOP('', (#11289));
#11291 = FACE_BOUND('', #11290, .T.);
#11292 = ADVANCED_FACE('', (#11291), #8624, .F.);
#11293 = ORIENTED_EDGE('', *, *, #7157, .T.);
#11294 = EDGE_LOOP('', (#11293));
#11295 = FACE_BOUND('', #11294, .T.);
#11296 = ADVANCED_FACE('', (#11295), #8628, .T.);
#11297 = ORIENTED_EDGE('', *, *, #7158, .T.);
#11298 = ORIENTED_EDGE('', *, *, #7160, .F.);
#11299 = EDGE_LOOP('', (#11297));
#11300 = FACE_BOUND('', #11299, .T.);
#11301 = EDGE_LOOP('', (#11298));
#11302 = FACE_BOUND('', #11301, .T.);
#11303 = ADVANCED_FACE('', (#11300, #11302), #8633, .T.);
#11304 = ORIENTED_EDGE('', *, *, #7158, .F.);
#11305 = EDGE_LOOP('', (#11304));
#11306 = FACE_BOUND('', #11305, .T.);
#11307 = ADVANCED_FACE('', (#11306), #8637, .F.);
#11308 = ORIENTED_EDGE('', *, *, #7160, .T.);
#11309 = EDGE_LOOP('', (#11308));
#11310 = FACE_BOUND('', #11309, .T.);
#11311 = ADVANCED_FACE('', (#11310), #8641, .T.);
#11312 = ORIENTED_EDGE('', *, *, #7161, .T.);
#11313 = ORIENTED_EDGE('', *, *, #7163, .F.);
#11314 = EDGE_LOOP('', (#11312));
#11315 = FACE_BOUND('', #11314, .T.);
#11316 = EDGE_LOOP('', (#11313));
#11317 = FACE_BOUND('', #11316, .T.);
#11318 = ADVANCED_FACE('', (#11315, #11317), #8646, .T.);
#11319 = ORIENTED_EDGE('', *, *, #7161, .F.);
#11320 = EDGE_LOOP('', (#11319));
#11321 = FACE_BOUND('', #11320, .T.);
#11322 = ADVANCED_FACE('', (#11321), #8650, .F.);
#11323 = ORIENTED_EDGE('', *, *, #7163, .T.);
#11324 = EDGE_LOOP('', (#11323));
#11325 = FACE_BOUND('', #11324, .T.);
#11326 = ADVANCED_FACE('', (#11325), #8654, .T.);
#11327 = ORIENTED_EDGE('', *, *, #7164, .T.);
#11328 = ORIENTED_EDGE('', *, *, #7166, .F.);
#11329 = EDGE_LOOP('', (#11327));
#11330 = FACE_BOUND('', #11329, .T.);
#11331 = EDGE_LOOP('', (#11328));
#11332 = FACE_BOUND('', #11331, .T.);
#11333 = ADVANCED_FACE('', (#11330, #11332), #8659, .T.);
#11334 = ORIENTED_EDGE('', *, *, #7164, .F.);
#11335 = EDGE_LOOP('', (#11334));
#11336 = FACE_BOUND('', #11335, .T.);
#11337 = ADVANCED_FACE('', (#11336), #8663, .F.);
#11338 = ORIENTED_EDGE('', *, *, #7166, .T.);
#11339 = EDGE_LOOP('', (#11338));
#11340 = FACE_BOUND('', #11339, .T.);
#11341 = ADVANCED_FACE('', (#11340), #8667, .T.);
#11342 = ORIENTED_EDGE('', *, *, #7167, .T.);
#11343 = ORIENTED_EDGE('', *, *, #7169, .F.);
#11344 = EDGE_LOOP('', (#11342));
#11345 = FACE_BOUND('', #11344, .T.);
#11346 = EDGE_LOOP('', (#11343));
#11347 = FACE_BOUND('', #11346, .T.);
#11348 = ADVANCED_FACE('', (#11345, #11347), #8672, .T.);
#11349 = ORIENTED_EDGE('', *, *, #7167, .F.);
#11350 = EDGE_LOOP('', (#11349));
#11351 = FACE_BOUND('', #11350, .T.);
#11352 = ADVANCED_FACE('', (#11351), #8676, .F.);
#11353 = ORIENTED_EDGE('', *, *, #7169, .T.);
#11354 = EDGE_LOOP('', (#11353));
#11355 = FACE_BOUND('', #11354, .T.);
#11356 = ADVANCED_FACE('', (#11355), #8680, .T.);
#11357 = ORIENTED_EDGE('', *, *, #7170, .T.);
#11358 = ORIENTED_EDGE('', *, *, #7172, .F.);
#11359 = EDGE_LOOP('', (#11357));
#11360 = FACE_BOUND('', #11359, .T.);
#11361 = EDGE_LOOP('', (#11358));
#11362 = FACE_BOUND('', #11361, .T.);
#11363 = ADVANCED_FACE('', (#11360, #11362), #8685, .T.);
#11364 = ORIENTED_EDGE('', *, *, #7170, .F.);
#11365 = EDGE_LOOP('', (#11364));
#11366 = FACE_BOUND('', #11365, .T.);
#11367 = ADVANCED_FACE('', (#11366), #8689, .F.);
#11368 = ORIENTED_EDGE('', *, *, #7172, .T.);
#11369 = EDGE_LOOP('', (#11368));
#11370 = FACE_BOUND('', #11369, .T.);
#11371 = ADVANCED_FACE('', (#11370), #8693, .T.);
#11372 = ORIENTED_EDGE('', *, *, #7173, .T.);
#11373 = ORIENTED_EDGE('', *, *, #7175, .F.);
#11374 = EDGE_LOOP('', (#11372));
#11375 = FACE_BOUND('', #11374, .T.);
#11376 = EDGE_LOOP('', (#11373));
#11377 = FACE_BOUND('', #11376, .T.);
#11378 = ADVANCED_FACE('', (#11375, #11377), #8698, .T.);
#11379 = ORIENTED_EDGE('', *, *, #7173, .F.);
#11380 = EDGE_LOOP('', (#11379));
#11381 = FACE_BOUND('', #11380, .T.);
#11382 = ADVANCED_FACE('', (#11381), #8702, .F.);
#11383 = ORIENTED_EDGE('', *, *, #7175, .T.);
#11384 = EDGE_LOOP('', (#11383));
#11385 = FACE_BOUND('', #11384, .T.);
#11386 = ADVANCED_FACE('', (#11385), #8706, .T.);
#11387 = ORIENTED_EDGE('', *, *, #7176, .T.);
#11388 = ORIENTED_EDGE('', *, *, #7178, .F.);
#11389 = EDGE_LOOP('', (#11387));
#11390 = FACE_BOUND('', #11389, .T.);
#11391 = EDGE_LOOP('', (#11388));
#11392 = FACE_BOUND('', #11391, .T.);
#11393 = ADVANCED_FACE('', (#11390, #11392), #8711, .T.);
#11394 = ORIENTED_EDGE('', *, *, #7176, .F.);
#11395 = EDGE_LOOP('', (#11394));
#11396 = FACE_BOUND('', #11395, .T.);
#11397 = ADVANCED_FACE('', (#11396), #8715, .F.);
#11398 = ORIENTED_EDGE('', *, *, #7178, .T.);
#11399 = EDGE_LOOP('', (#11398));
#11400 = FACE_BOUND('', #11399, .T.);
#11401 = ADVANCED_FACE('', (#11400), #8719, .T.);
#11402 = ORIENTED_EDGE('', *, *, #7179, .T.);
#11403 = ORIENTED_EDGE('', *, *, #7181, .F.);
#11404 = EDGE_LOOP('', (#11402));
#11405 = FACE_BOUND('', #11404, .T.);
#11406 = EDGE_LOOP('', (#11403));
#11407 = FACE_BOUND('', #11406, .T.);
#11408 = ADVANCED_FACE('', (#11405, #11407), #8724, .T.);
#11409 = ORIENTED_EDGE('', *, *, #7179, .F.);
#11410 = EDGE_LOOP('', (#11409));
#11411 = FACE_BOUND('', #11410, .T.);
#11412 = ADVANCED_FACE('', (#11411), #8728, .F.);
#11413 = ORIENTED_EDGE('', *, *, #7181, .T.);
#11414 = EDGE_LOOP('', (#11413));
#11415 = FACE_BOUND('', #11414, .T.);
#11416 = ADVANCED_FACE('', (#11415), #8732, .T.);
#11417 = ORIENTED_EDGE('', *, *, #7182, .T.);
#11418 = ORIENTED_EDGE('', *, *, #7183, .T.);
#11419 = ORIENTED_EDGE('', *, *, #7184, .F.);
#11420 = ORIENTED_EDGE('', *, *, #7185, .F.);
#11421 = EDGE_LOOP('', (#11417, #11418, #11419, #11420));
#11422 = FACE_BOUND('', #11421, .T.);
#11423 = ADVANCED_FACE('', (#11422), #8736, .T.);
#11424 = ORIENTED_EDGE('', *, *, #7186, .T.);
#11425 = ORIENTED_EDGE('', *, *, #7187, .T.);
#11426 = ORIENTED_EDGE('', *, *, #7188, .F.);
#11427 = ORIENTED_EDGE('', *, *, #7183, .F.);
#11428 = EDGE_LOOP('', (#11424, #11425, #11426, #11427));
#11429 = FACE_BOUND('', #11428, .T.);
#11430 = ADVANCED_FACE('', (#11429), #8740, .T.);
#11431 = ORIENTED_EDGE('', *, *, #7189, .T.);
#11432 = ORIENTED_EDGE('', *, *, #7190, .T.);
#11433 = ORIENTED_EDGE('', *, *, #7191, .F.);
#11434 = ORIENTED_EDGE('', *, *, #7187, .F.);
#11435 = EDGE_LOOP('', (#11431, #11432, #11433, #11434));
#11436 = FACE_BOUND('', #11435, .T.);
#11437 = ADVANCED_FACE('', (#11436), #8744, .T.);
#11438 = ORIENTED_EDGE('', *, *, #7192, .T.);
#11439 = ORIENTED_EDGE('', *, *, #7185, .T.);
#11440 = ORIENTED_EDGE('', *, *, #7193, .F.);
#11441 = ORIENTED_EDGE('', *, *, #7190, .F.);
#11442 = EDGE_LOOP('', (#11438, #11439, #11440, #11441));
#11443 = FACE_BOUND('', #11442, .T.);
#11444 = ADVANCED_FACE('', (#11443), #8748, .T.);
#11445 = ORIENTED_EDGE('', *, *, #7192, .F.);
#11446 = ORIENTED_EDGE('', *, *, #7189, .F.);
#11447 = ORIENTED_EDGE('', *, *, #7186, .F.);
#11448 = ORIENTED_EDGE('', *, *, #7182, .F.);
#11449 = EDGE_LOOP('', (#11445, #11446, #11447, #11448));
#11450 = FACE_BOUND('', #11449, .T.);
#11451 = ADVANCED_FACE('', (#11450), #8752, .F.);
#11452 = ORIENTED_EDGE('', *, *, #7184, .T.);
#11453 = ORIENTED_EDGE('', *, *, #7188, .T.);
#11454 = ORIENTED_EDGE('', *, *, #7191, .T.);
#11455 = ORIENTED_EDGE('', *, *, #7193, .T.);
#11456 = EDGE_LOOP('', (#11452, #11453, #11454, #11455));
#11457 = FACE_BOUND('', #11456, .T.);
#11458 = ADVANCED_FACE('', (#11457), #8756, .T.);
#11459 = ORIENTED_EDGE('', *, *, #7194, .T.);
#11460 = ORIENTED_EDGE('', *, *, #7196, .F.);
#11461 = EDGE_LOOP('', (#11459));
#11462 = FACE_BOUND('', #11461, .T.);
#11463 = EDGE_LOOP('', (#11460));
#11464 = FACE_BOUND('', #11463, .T.);
#11465 = ADVANCED_FACE('', (#11462, #11464), #8761, .T.);
#11466 = ORIENTED_EDGE('', *, *, #7194, .F.);
#11467 = EDGE_LOOP('', (#11466));
#11468 = FACE_BOUND('', #11467, .T.);
#11469 = ADVANCED_FACE('', (#11468), #8765, .F.);
#11470 = ORIENTED_EDGE('', *, *, #7196, .T.);
#11471 = EDGE_LOOP('', (#11470));
#11472 = FACE_BOUND('', #11471, .T.);
#11473 = ADVANCED_FACE('', (#11472), #8769, .T.);
#11474 = ORIENTED_EDGE('', *, *, #7197, .T.);
#11475 = ORIENTED_EDGE('', *, *, #7198, .T.);
#11476 = ORIENTED_EDGE('', *, *, #7199, .F.);
#11477 = ORIENTED_EDGE('', *, *, #7200, .F.);
#11478 = EDGE_LOOP('', (#11474, #11475, #11476, #11477));
#11479 = FACE_BOUND('', #11478, .T.);
#11480 = ADVANCED_FACE('', (#11479), #8773, .T.);
#11481 = ORIENTED_EDGE('', *, *, #7201, .T.);
#11482 = ORIENTED_EDGE('', *, *, #7202, .T.);
#11483 = ORIENTED_EDGE('', *, *, #7203, .F.);
#11484 = ORIENTED_EDGE('', *, *, #7198, .F.);
#11485 = EDGE_LOOP('', (#11481, #11482, #11483, #11484));
#11486 = FACE_BOUND('', #11485, .T.);
#11487 = ADVANCED_FACE('', (#11486), #8777, .T.);
#11488 = ORIENTED_EDGE('', *, *, #7204, .T.);
#11489 = ORIENTED_EDGE('', *, *, #7205, .T.);
#11490 = ORIENTED_EDGE('', *, *, #7206, .F.);
#11491 = ORIENTED_EDGE('', *, *, #7202, .F.);
#11492 = EDGE_LOOP('', (#11488, #11489, #11490, #11491));
#11493 = FACE_BOUND('', #11492, .T.);
#11494 = ADVANCED_FACE('', (#11493), #8781, .T.);
#11495 = ORIENTED_EDGE('', *, *, #7207, .T.);
#11496 = ORIENTED_EDGE('', *, *, #7200, .T.);
#11497 = ORIENTED_EDGE('', *, *, #7208, .F.);
#11498 = ORIENTED_EDGE('', *, *, #7205, .F.);
#11499 = EDGE_LOOP('', (#11495, #11496, #11497, #11498));
#11500 = FACE_BOUND('', #11499, .T.);
#11501 = ADVANCED_FACE('', (#11500), #8785, .T.);
#11502 = ORIENTED_EDGE('', *, *, #7207, .F.);
#11503 = ORIENTED_EDGE('', *, *, #7204, .F.);
#11504 = ORIENTED_EDGE('', *, *, #7201, .F.);
#11505 = ORIENTED_EDGE('', *, *, #7197, .F.);
#11506 = EDGE_LOOP('', (#11502, #11503, #11504, #11505));
#11507 = FACE_BOUND('', #11506, .T.);
#11508 = ADVANCED_FACE('', (#11507), #8789, .F.);
#11509 = ORIENTED_EDGE('', *, *, #7199, .T.);
#11510 = ORIENTED_EDGE('', *, *, #7203, .T.);
#11511 = ORIENTED_EDGE('', *, *, #7206, .T.);
#11512 = ORIENTED_EDGE('', *, *, #7208, .T.);
#11513 = EDGE_LOOP('', (#11509, #11510, #11511, #11512));
#11514 = FACE_BOUND('', #11513, .T.);
#11515 = ADVANCED_FACE('', (#11514), #8793, .T.);
#11516 = ORIENTED_EDGE('', *, *, #7209, .T.);
#11517 = ORIENTED_EDGE('', *, *, #7211, .F.);
#11518 = EDGE_LOOP('', (#11516));
#11519 = FACE_BOUND('', #11518, .T.);
#11520 = EDGE_LOOP('', (#11517));
#11521 = FACE_BOUND('', #11520, .T.);
#11522 = ADVANCED_FACE('', (#11519, #11521), #8798, .T.);
#11523 = ORIENTED_EDGE('', *, *, #7209, .F.);
#11524 = EDGE_LOOP('', (#11523));
#11525 = FACE_BOUND('', #11524, .T.);
#11526 = ADVANCED_FACE('', (#11525), #8802, .F.);
#11527 = ORIENTED_EDGE('', *, *, #7211, .T.);
#11528 = EDGE_LOOP('', (#11527));
#11529 = FACE_BOUND('', #11528, .T.);
#11530 = ADVANCED_FACE('', (#11529), #8806, .T.);
#11531 = ORIENTED_EDGE('', *, *, #7212, .T.);
#11532 = ORIENTED_EDGE('', *, *, #7213, .T.);
#11533 = ORIENTED_EDGE('', *, *, #7214, .F.);
#11534 = ORIENTED_EDGE('', *, *, #7215, .F.);
#11535 = EDGE_LOOP('', (#11531, #11532, #11533, #11534));
#11536 = FACE_BOUND('', #11535, .T.);
#11537 = ADVANCED_FACE('', (#11536), #8810, .T.);
#11538 = ORIENTED_EDGE('', *, *, #7216, .T.);
#11539 = ORIENTED_EDGE('', *, *, #7217, .T.);
#11540 = ORIENTED_EDGE('', *, *, #7218, .F.);
#11541 = ORIENTED_EDGE('', *, *, #7213, .F.);
#11542 = EDGE_LOOP('', (#11538, #11539, #11540, #11541));
#11543 = FACE_BOUND('', #11542, .T.);
#11544 = ADVANCED_FACE('', (#11543), #8814, .T.);
#11545 = ORIENTED_EDGE('', *, *, #7219, .T.);
#11546 = ORIENTED_EDGE('', *, *, #7220, .T.);
#11547 = ORIENTED_EDGE('', *, *, #7221, .F.);
#11548 = ORIENTED_EDGE('', *, *, #7217, .F.);
#11549 = EDGE_LOOP('', (#11545, #11546, #11547, #11548));
#11550 = FACE_BOUND('', #11549, .T.);
#11551 = ADVANCED_FACE('', (#11550), #8818, .T.);
#11552 = ORIENTED_EDGE('', *, *, #7222, .T.);
#11553 = ORIENTED_EDGE('', *, *, #7215, .T.);
#11554 = ORIENTED_EDGE('', *, *, #7223, .F.);
#11555 = ORIENTED_EDGE('', *, *, #7220, .F.);
#11556 = EDGE_LOOP('', (#11552, #11553, #11554, #11555));
#11557 = FACE_BOUND('', #11556, .T.);
#11558 = ADVANCED_FACE('', (#11557), #8822, .T.);
#11559 = ORIENTED_EDGE('', *, *, #7222, .F.);
#11560 = ORIENTED_EDGE('', *, *, #7219, .F.);
#11561 = ORIENTED_EDGE('', *, *, #7216, .F.);
#11562 = ORIENTED_EDGE('', *, *, #7212, .F.);
#11563 = EDGE_LOOP('', (#11559, #11560, #11561, #11562));
#11564 = FACE_BOUND('', #11563, .T.);
#11565 = ADVANCED_FACE('', (#11564), #8826, .F.);
#11566 = ORIENTED_EDGE('', *, *, #7214, .T.);
#11567 = ORIENTED_EDGE('', *, *, #7218, .T.);
#11568 = ORIENTED_EDGE('', *, *, #7221, .T.);
#11569 = ORIENTED_EDGE('', *, *, #7223, .T.);
#11570 = EDGE_LOOP('', (#11566, #11567, #11568, #11569));
#11571 = FACE_BOUND('', #11570, .T.);
#11572 = ADVANCED_FACE('', (#11571), #8830, .T.);
#11573 = ORIENTED_EDGE('', *, *, #7224, .T.);
#11574 = ORIENTED_EDGE('', *, *, #7225, .T.);
#11575 = ORIENTED_EDGE('', *, *, #7226, .F.);
#11576 = ORIENTED_EDGE('', *, *, #7227, .F.);
#11577 = EDGE_LOOP('', (#11573, #11574, #11575, #11576));
#11578 = FACE_BOUND('', #11577, .T.);
#11579 = ADVANCED_FACE('', (#11578), #8834, .T.);
#11580 = ORIENTED_EDGE('', *, *, #7228, .T.);
#11581 = ORIENTED_EDGE('', *, *, #7229, .T.);
#11582 = ORIENTED_EDGE('', *, *, #7230, .F.);
#11583 = ORIENTED_EDGE('', *, *, #7225, .F.);
#11584 = EDGE_LOOP('', (#11580, #11581, #11582, #11583));
#11585 = FACE_BOUND('', #11584, .T.);
#11586 = ADVANCED_FACE('', (#11585), #8838, .T.);
#11587 = ORIENTED_EDGE('', *, *, #7231, .T.);
#11588 = ORIENTED_EDGE('', *, *, #7232, .T.);
#11589 = ORIENTED_EDGE('', *, *, #7233, .F.);
#11590 = ORIENTED_EDGE('', *, *, #7229, .F.);
#11591 = EDGE_LOOP('', (#11587, #11588, #11589, #11590));
#11592 = FACE_BOUND('', #11591, .T.);
#11593 = ADVANCED_FACE('', (#11592), #8842, .T.);
#11594 = ORIENTED_EDGE('', *, *, #7234, .T.);
#11595 = ORIENTED_EDGE('', *, *, #7227, .T.);
#11596 = ORIENTED_EDGE('', *, *, #7235, .F.);
#11597 = ORIENTED_EDGE('', *, *, #7232, .F.);
#11598 = EDGE_LOOP('', (#11594, #11595, #11596, #11597));
#11599 = FACE_BOUND('', #11598, .T.);
#11600 = ADVANCED_FACE('', (#11599), #8846, .T.);
#11601 = ORIENTED_EDGE('', *, *, #7234, .F.);
#11602 = ORIENTED_EDGE('', *, *, #7231, .F.);
#11603 = ORIENTED_EDGE('', *, *, #7228, .F.);
#11604 = ORIENTED_EDGE('', *, *, #7224, .F.);
#11605 = EDGE_LOOP('', (#11601, #11602, #11603, #11604));
#11606 = FACE_BOUND('', #11605, .T.);
#11607 = ADVANCED_FACE('', (#11606), #8850, .F.);
#11608 = ORIENTED_EDGE('', *, *, #7226, .T.);
#11609 = ORIENTED_EDGE('', *, *, #7230, .T.);
#11610 = ORIENTED_EDGE('', *, *, #7233, .T.);
#11611 = ORIENTED_EDGE('', *, *, #7235, .T.);
#11612 = EDGE_LOOP('', (#11608, #11609, #11610, #11611));
#11613 = FACE_BOUND('', #11612, .T.);
#11614 = ADVANCED_FACE('', (#11613), #8854, .T.);
#11615 = ORIENTED_EDGE('', *, *, #7236, .T.);
#11616 = ORIENTED_EDGE('', *, *, #7238, .F.);
#11617 = EDGE_LOOP('', (#11615));
#11618 = FACE_BOUND('', #11617, .T.);
#11619 = EDGE_LOOP('', (#11616));
#11620 = FACE_BOUND('', #11619, .T.);
#11621 = ADVANCED_FACE('', (#11618, #11620), #8859, .T.);
#11622 = ORIENTED_EDGE('', *, *, #7236, .F.);
#11623 = EDGE_LOOP('', (#11622));
#11624 = FACE_BOUND('', #11623, .T.);
#11625 = ADVANCED_FACE('', (#11624), #8863, .F.);
#11626 = ORIENTED_EDGE('', *, *, #7238, .T.);
#11627 = EDGE_LOOP('', (#11626));
#11628 = FACE_BOUND('', #11627, .T.);
#11629 = ADVANCED_FACE('', (#11628), #8867, .T.);
#11630 = ORIENTED_EDGE('', *, *, #7239, .T.);
#11631 = ORIENTED_EDGE('', *, *, #7241, .F.);
#11632 = EDGE_LOOP('', (#11630));
#11633 = FACE_BOUND('', #11632, .T.);
#11634 = EDGE_LOOP('', (#11631));
#11635 = FACE_BOUND('', #11634, .T.);
#11636 = ADVANCED_FACE('', (#11633, #11635), #8872, .T.);
#11637 = ORIENTED_EDGE('', *, *, #7239, .F.);
#11638 = EDGE_LOOP('', (#11637));
#11639 = FACE_BOUND('', #11638, .T.);
#11640 = ADVANCED_FACE('', (#11639), #8876, .F.);
#11641 = ORIENTED_EDGE('', *, *, #7241, .T.);
#11642 = EDGE_LOOP('', (#11641));
#11643 = FACE_BOUND('', #11642, .T.);
#11644 = ADVANCED_FACE('', (#11643), #8880, .T.);
#11645 = ORIENTED_EDGE('', *, *, #7242, .T.);
#11646 = ORIENTED_EDGE('', *, *, #7244, .F.);
#11647 = EDGE_LOOP('', (#11645));
#11648 = FACE_BOUND('', #11647, .T.);
#11649 = EDGE_LOOP('', (#11646));
#11650 = FACE_BOUND('', #11649, .T.);
#11651 = ADVANCED_FACE('', (#11648, #11650), #8885, .T.);
#11652 = ORIENTED_EDGE('', *, *, #7242, .F.);
#11653 = EDGE_LOOP('', (#11652));
#11654 = FACE_BOUND('', #11653, .T.);
#11655 = ADVANCED_FACE('', (#11654), #8889, .F.);
#11656 = ORIENTED_EDGE('', *, *, #7244, .T.);
#11657 = EDGE_LOOP('', (#11656));
#11658 = FACE_BOUND('', #11657, .T.);
#11659 = ADVANCED_FACE('', (#11658), #8893, .T.);
#11660 = ORIENTED_EDGE('', *, *, #7245, .T.);
#11661 = ORIENTED_EDGE('', *, *, #7247, .F.);
#11662 = EDGE_LOOP('', (#11660));
#11663 = FACE_BOUND('', #11662, .T.);
#11664 = EDGE_LOOP('', (#11661));
#11665 = FACE_BOUND('', #11664, .T.);
#11666 = ADVANCED_FACE('', (#11663, #11665), #8898, .T.);
#11667 = ORIENTED_EDGE('', *, *, #7245, .F.);
#11668 = EDGE_LOOP('', (#11667));
#11669 = FACE_BOUND('', #11668, .T.);
#11670 = ADVANCED_FACE('', (#11669), #8902, .F.);
#11671 = ORIENTED_EDGE('', *, *, #7247, .T.);
#11672 = EDGE_LOOP('', (#11671));
#11673 = FACE_BOUND('', #11672, .T.);
#11674 = ADVANCED_FACE('', (#11673), #8906, .T.);
#11675 = ORIENTED_EDGE('', *, *, #7248, .T.);
#11676 = ORIENTED_EDGE('', *, *, #7249, .T.);
#11677 = ORIENTED_EDGE('', *, *, #7250, .F.);
#11678 = ORIENTED_EDGE('', *, *, #7251, .F.);
#11679 = EDGE_LOOP('', (#11675, #11676, #11677, #11678));
#11680 = FACE_BOUND('', #11679, .T.);
#11681 = ADVANCED_FACE('', (#11680), #8910, .T.);
#11682 = ORIENTED_EDGE('', *, *, #7252, .T.);
#11683 = ORIENTED_EDGE('', *, *, #7253, .T.);
#11684 = ORIENTED_EDGE('', *, *, #7254, .F.);
#11685 = ORIENTED_EDGE('', *, *, #7249, .F.);
#11686 = EDGE_LOOP('', (#11682, #11683, #11684, #11685));
#11687 = FACE_BOUND('', #11686, .T.);
#11688 = ADVANCED_FACE('', (#11687), #8914, .T.);
#11689 = ORIENTED_EDGE('', *, *, #7255, .T.);
#11690 = ORIENTED_EDGE('', *, *, #7256, .T.);
#11691 = ORIENTED_EDGE('', *, *, #7257, .F.);
#11692 = ORIENTED_EDGE('', *, *, #7253, .F.);
#11693 = EDGE_LOOP('', (#11689, #11690, #11691, #11692));
#11694 = FACE_BOUND('', #11693, .T.);
#11695 = ADVANCED_FACE('', (#11694), #8918, .T.);
#11696 = ORIENTED_EDGE('', *, *, #7258, .T.);
#11697 = ORIENTED_EDGE('', *, *, #7251, .T.);
#11698 = ORIENTED_EDGE('', *, *, #7259, .F.);
#11699 = ORIENTED_EDGE('', *, *, #7256, .F.);
#11700 = EDGE_LOOP('', (#11696, #11697, #11698, #11699));
#11701 = FACE_BOUND('', #11700, .T.);
#11702 = ADVANCED_FACE('', (#11701), #8922, .T.);
#11703 = ORIENTED_EDGE('', *, *, #7258, .F.);
#11704 = ORIENTED_EDGE('', *, *, #7255, .F.);
#11705 = ORIENTED_EDGE('', *, *, #7252, .F.);
#11706 = ORIENTED_EDGE('', *, *, #7248, .F.);
#11707 = EDGE_LOOP('', (#11703, #11704, #11705, #11706));
#11708 = FACE_BOUND('', #11707, .T.);
#11709 = ADVANCED_FACE('', (#11708), #8926, .F.);
#11710 = ORIENTED_EDGE('', *, *, #7250, .T.);
#11711 = ORIENTED_EDGE('', *, *, #7254, .T.);
#11712 = ORIENTED_EDGE('', *, *, #7257, .T.);
#11713 = ORIENTED_EDGE('', *, *, #7259, .T.);
#11714 = EDGE_LOOP('', (#11710, #11711, #11712, #11713));
#11715 = FACE_BOUND('', #11714, .T.);
#11716 = ADVANCED_FACE('', (#11715), #8930, .T.);
#11717 = ORIENTED_EDGE('', *, *, #7260, .T.);
#11718 = ORIENTED_EDGE('', *, *, #7262, .F.);
#11719 = EDGE_LOOP('', (#11717));
#11720 = FACE_BOUND('', #11719, .T.);
#11721 = EDGE_LOOP('', (#11718));
#11722 = FACE_BOUND('', #11721, .T.);
#11723 = ADVANCED_FACE('', (#11720, #11722), #8935, .T.);
#11724 = ORIENTED_EDGE('', *, *, #7260, .F.);
#11725 = EDGE_LOOP('', (#11724));
#11726 = FACE_BOUND('', #11725, .T.);
#11727 = ADVANCED_FACE('', (#11726), #8939, .F.);
#11728 = ORIENTED_EDGE('', *, *, #7262, .T.);
#11729 = EDGE_LOOP('', (#11728));
#11730 = FACE_BOUND('', #11729, .T.);
#11731 = ADVANCED_FACE('', (#11730), #8943, .T.);
#11732 = ORIENTED_EDGE('', *, *, #7263, .T.);
#11733 = ORIENTED_EDGE('', *, *, #7264, .T.);
#11734 = ORIENTED_EDGE('', *, *, #7265, .F.);
#11735 = ORIENTED_EDGE('', *, *, #7266, .F.);
#11736 = EDGE_LOOP('', (#11732, #11733, #11734, #11735));
#11737 = FACE_BOUND('', #11736, .T.);
#11738 = ADVANCED_FACE('', (#11737), #8947, .T.);
#11739 = ORIENTED_EDGE('', *, *, #7267, .T.);
#11740 = ORIENTED_EDGE('', *, *, #7268, .T.);
#11741 = ORIENTED_EDGE('', *, *, #7269, .F.);
#11742 = ORIENTED_EDGE('', *, *, #7264, .F.);
#11743 = EDGE_LOOP('', (#11739, #11740, #11741, #11742));
#11744 = FACE_BOUND('', #11743, .T.);
#11745 = ADVANCED_FACE('', (#11744), #8951, .T.);
#11746 = ORIENTED_EDGE('', *, *, #7270, .T.);
#11747 = ORIENTED_EDGE('', *, *, #7271, .T.);
#11748 = ORIENTED_EDGE('', *, *, #7272, .F.);
#11749 = ORIENTED_EDGE('', *, *, #7268, .F.);
#11750 = EDGE_LOOP('', (#11746, #11747, #11748, #11749));
#11751 = FACE_BOUND('', #11750, .T.);
#11752 = ADVANCED_FACE('', (#11751), #8955, .T.);
#11753 = ORIENTED_EDGE('', *, *, #7273, .T.);
#11754 = ORIENTED_EDGE('', *, *, #7266, .T.);
#11755 = ORIENTED_EDGE('', *, *, #7274, .F.);
#11756 = ORIENTED_EDGE('', *, *, #7271, .F.);
#11757 = EDGE_LOOP('', (#11753, #11754, #11755, #11756));
#11758 = FACE_BOUND('', #11757, .T.);
#11759 = ADVANCED_FACE('', (#11758), #8959, .T.);
#11760 = ORIENTED_EDGE('', *, *, #7273, .F.);
#11761 = ORIENTED_EDGE('', *, *, #7270, .F.);
#11762 = ORIENTED_EDGE('', *, *, #7267, .F.);
#11763 = ORIENTED_EDGE('', *, *, #7263, .F.);
#11764 = EDGE_LOOP('', (#11760, #11761, #11762, #11763));
#11765 = FACE_BOUND('', #11764, .T.);
#11766 = ADVANCED_FACE('', (#11765), #8963, .F.);
#11767 = ORIENTED_EDGE('', *, *, #7265, .T.);
#11768 = ORIENTED_EDGE('', *, *, #7269, .T.);
#11769 = ORIENTED_EDGE('', *, *, #7272, .T.);
#11770 = ORIENTED_EDGE('', *, *, #7274, .T.);
#11771 = EDGE_LOOP('', (#11767, #11768, #11769, #11770));
#11772 = FACE_BOUND('', #11771, .T.);
#11773 = ADVANCED_FACE('', (#11772), #8967, .T.);
#11774 = ORIENTED_EDGE('', *, *, #7275, .T.);
#11775 = ORIENTED_EDGE('', *, *, #7276, .T.);
#11776 = ORIENTED_EDGE('', *, *, #7277, .F.);
#11777 = ORIENTED_EDGE('', *, *, #7278, .F.);
#11778 = EDGE_LOOP('', (#11774, #11775, #11776, #11777));
#11779 = FACE_BOUND('', #11778, .T.);
#11780 = ADVANCED_FACE('', (#11779), #8971, .T.);
#11781 = ORIENTED_EDGE('', *, *, #7279, .T.);
#11782 = ORIENTED_EDGE('', *, *, #7280, .T.);
#11783 = ORIENTED_EDGE('', *, *, #7281, .F.);
#11784 = ORIENTED_EDGE('', *, *, #7276, .F.);
#11785 = EDGE_LOOP('', (#11781, #11782, #11783, #11784));
#11786 = FACE_BOUND('', #11785, .T.);
#11787 = ADVANCED_FACE('', (#11786), #8975, .T.);
#11788 = ORIENTED_EDGE('', *, *, #7282, .T.);
#11789 = ORIENTED_EDGE('', *, *, #7283, .T.);
#11790 = ORIENTED_EDGE('', *, *, #7284, .F.);
#11791 = ORIENTED_EDGE('', *, *, #7280, .F.);
#11792 = EDGE_LOOP('', (#11788, #11789, #11790, #11791));
#11793 = FACE_BOUND('', #11792, .T.);
#11794 = ADVANCED_FACE('', (#11793), #8979, .T.);
#11795 = ORIENTED_EDGE('', *, *, #7285, .T.);
#11796 = ORIENTED_EDGE('', *, *, #7278, .T.);
#11797 = ORIENTED_EDGE('', *, *, #7286, .F.);
#11798 = ORIENTED_EDGE('', *, *, #7283, .F.);
#11799 = EDGE_LOOP('', (#11795, #11796, #11797, #11798));
#11800 = FACE_BOUND('', #11799, .T.);
#11801 = ADVANCED_FACE('', (#11800), #8983, .T.);
#11802 = ORIENTED_EDGE('', *, *, #7285, .F.);
#11803 = ORIENTED_EDGE('', *, *, #7282, .F.);
#11804 = ORIENTED_EDGE('', *, *, #7279, .F.);
#11805 = ORIENTED_EDGE('', *, *, #7275, .F.);
#11806 = EDGE_LOOP('', (#11802, #11803, #11804, #11805));
#11807 = FACE_BOUND('', #11806, .T.);
#11808 = ADVANCED_FACE('', (#11807), #8987, .F.);
#11809 = ORIENTED_EDGE('', *, *, #7277, .T.);
#11810 = ORIENTED_EDGE('', *, *, #7281, .T.);
#11811 = ORIENTED_EDGE('', *, *, #7284, .T.);
#11812 = ORIENTED_EDGE('', *, *, #7286, .T.);
#11813 = EDGE_LOOP('', (#11809, #11810, #11811, #11812));
#11814 = FACE_BOUND('', #11813, .T.);
#11815 = ADVANCED_FACE('', (#11814), #8991, .T.);
#11816 = ORIENTED_EDGE('', *, *, #7287, .T.);
#11817 = ORIENTED_EDGE('', *, *, #7288, .T.);
#11818 = ORIENTED_EDGE('', *, *, #7289, .F.);
#11819 = ORIENTED_EDGE('', *, *, #7290, .F.);
#11820 = EDGE_LOOP('', (#11816, #11817, #11818, #11819));
#11821 = FACE_BOUND('', #11820, .T.);
#11822 = ADVANCED_FACE('', (#11821), #8995, .T.);
#11823 = ORIENTED_EDGE('', *, *, #7291, .T.);
#11824 = ORIENTED_EDGE('', *, *, #7292, .T.);
#11825 = ORIENTED_EDGE('', *, *, #7293, .F.);
#11826 = ORIENTED_EDGE('', *, *, #7288, .F.);
#11827 = EDGE_LOOP('', (#11823, #11824, #11825, #11826));
#11828 = FACE_BOUND('', #11827, .T.);
#11829 = ADVANCED_FACE('', (#11828), #8999, .T.);
#11830 = ORIENTED_EDGE('', *, *, #7294, .T.);
#11831 = ORIENTED_EDGE('', *, *, #7295, .T.);
#11832 = ORIENTED_EDGE('', *, *, #7296, .F.);
#11833 = ORIENTED_EDGE('', *, *, #7292, .F.);
#11834 = EDGE_LOOP('', (#11830, #11831, #11832, #11833));
#11835 = FACE_BOUND('', #11834, .T.);
#11836 = ADVANCED_FACE('', (#11835), #9003, .T.);
#11837 = ORIENTED_EDGE('', *, *, #7297, .T.);
#11838 = ORIENTED_EDGE('', *, *, #7290, .T.);
#11839 = ORIENTED_EDGE('', *, *, #7298, .F.);
#11840 = ORIENTED_EDGE('', *, *, #7295, .F.);
#11841 = EDGE_LOOP('', (#11837, #11838, #11839, #11840));
#11842 = FACE_BOUND('', #11841, .T.);
#11843 = ADVANCED_FACE('', (#11842), #9007, .T.);
#11844 = ORIENTED_EDGE('', *, *, #7297, .F.);
#11845 = ORIENTED_EDGE('', *, *, #7294, .F.);
#11846 = ORIENTED_EDGE('', *, *, #7291, .F.);
#11847 = ORIENTED_EDGE('', *, *, #7287, .F.);
#11848 = EDGE_LOOP('', (#11844, #11845, #11846, #11847));
#11849 = FACE_BOUND('', #11848, .T.);
#11850 = ADVANCED_FACE('', (#11849), #9011, .F.);
#11851 = ORIENTED_EDGE('', *, *, #7289, .T.);
#11852 = ORIENTED_EDGE('', *, *, #7293, .T.);
#11853 = ORIENTED_EDGE('', *, *, #7296, .T.);
#11854 = ORIENTED_EDGE('', *, *, #7298, .T.);
#11855 = EDGE_LOOP('', (#11851, #11852, #11853, #11854));
#11856 = FACE_BOUND('', #11855, .T.);
#11857 = ADVANCED_FACE('', (#11856), #9015, .T.);
#11858 = ORIENTED_EDGE('', *, *, #7299, .T.);
#11859 = ORIENTED_EDGE('', *, *, #7300, .T.);
#11860 = ORIENTED_EDGE('', *, *, #7301, .F.);
#11861 = ORIENTED_EDGE('', *, *, #7302, .F.);
#11862 = EDGE_LOOP('', (#11858, #11859, #11860, #11861));
#11863 = FACE_BOUND('', #11862, .T.);
#11864 = ADVANCED_FACE('', (#11863), #9019, .T.);
#11865 = ORIENTED_EDGE('', *, *, #7303, .T.);
#11866 = ORIENTED_EDGE('', *, *, #7304, .T.);
#11867 = ORIENTED_EDGE('', *, *, #7305, .F.);
#11868 = ORIENTED_EDGE('', *, *, #7300, .F.);
#11869 = EDGE_LOOP('', (#11865, #11866, #11867, #11868));
#11870 = FACE_BOUND('', #11869, .T.);
#11871 = ADVANCED_FACE('', (#11870), #9023, .T.);
#11872 = ORIENTED_EDGE('', *, *, #7306, .T.);
#11873 = ORIENTED_EDGE('', *, *, #7307, .T.);
#11874 = ORIENTED_EDGE('', *, *, #7308, .F.);
#11875 = ORIENTED_EDGE('', *, *, #7304, .F.);
#11876 = EDGE_LOOP('', (#11872, #11873, #11874, #11875));
#11877 = FACE_BOUND('', #11876, .T.);
#11878 = ADVANCED_FACE('', (#11877), #9027, .T.);
#11879 = ORIENTED_EDGE('', *, *, #7309, .T.);
#11880 = ORIENTED_EDGE('', *, *, #7302, .T.);
#11881 = ORIENTED_EDGE('', *, *, #7310, .F.);
#11882 = ORIENTED_EDGE('', *, *, #7307, .F.);
#11883 = EDGE_LOOP('', (#11879, #11880, #11881, #11882));
#11884 = FACE_BOUND('', #11883, .T.);
#11885 = ADVANCED_FACE('', (#11884), #9031, .T.);
#11886 = ORIENTED_EDGE('', *, *, #7309, .F.);
#11887 = ORIENTED_EDGE('', *, *, #7306, .F.);
#11888 = ORIENTED_EDGE('', *, *, #7303, .F.);
#11889 = ORIENTED_EDGE('', *, *, #7299, .F.);
#11890 = EDGE_LOOP('', (#11886, #11887, #11888, #11889));
#11891 = FACE_BOUND('', #11890, .T.);
#11892 = ADVANCED_FACE('', (#11891), #9035, .F.);
#11893 = ORIENTED_EDGE('', *, *, #7301, .T.);
#11894 = ORIENTED_EDGE('', *, *, #7305, .T.);
#11895 = ORIENTED_EDGE('', *, *, #7308, .T.);
#11896 = ORIENTED_EDGE('', *, *, #7310, .T.);
#11897 = EDGE_LOOP('', (#11893, #11894, #11895, #11896));
#11898 = FACE_BOUND('', #11897, .T.);
#11899 = ADVANCED_FACE('', (#11898), #9039, .T.);
#11900 = ORIENTED_EDGE('', *, *, #7311, .T.);
#11901 = ORIENTED_EDGE('', *, *, #7313, .F.);
#11902 = EDGE_LOOP('', (#11900));
#11903 = FACE_BOUND('', #11902, .T.);
#11904 = EDGE_LOOP('', (#11901));
#11905 = FACE_BOUND('', #11904, .T.);
#11906 = ADVANCED_FACE('', (#11903, #11905), #9044, .T.);
#11907 = ORIENTED_EDGE('', *, *, #7311, .F.);
#11908 = EDGE_LOOP('', (#11907));
#11909 = FACE_BOUND('', #11908, .T.);
#11910 = ADVANCED_FACE('', (#11909), #9048, .F.);
#11911 = ORIENTED_EDGE('', *, *, #7313, .T.);
#11912 = EDGE_LOOP('', (#11911));
#11913 = FACE_BOUND('', #11912, .T.);
#11914 = ADVANCED_FACE('', (#11913), #9052, .T.);
#11915 = ORIENTED_EDGE('', *, *, #7314, .T.);
#11916 = ORIENTED_EDGE('', *, *, #7316, .F.);
#11917 = EDGE_LOOP('', (#11915));
#11918 = FACE_BOUND('', #11917, .T.);
#11919 = EDGE_LOOP('', (#11916));
#11920 = FACE_BOUND('', #11919, .T.);
#11921 = ADVANCED_FACE('', (#11918, #11920), #9057, .T.);
#11922 = ORIENTED_EDGE('', *, *, #7314, .F.);
#11923 = EDGE_LOOP('', (#11922));
#11924 = FACE_BOUND('', #11923, .T.);
#11925 = ADVANCED_FACE('', (#11924), #9061, .F.);
#11926 = ORIENTED_EDGE('', *, *, #7316, .T.);
#11927 = EDGE_LOOP('', (#11926));
#11928 = FACE_BOUND('', #11927, .T.);
#11929 = ADVANCED_FACE('', (#11928), #9065, .T.);
#11930 = ORIENTED_EDGE('', *, *, #7317, .T.);
#11931 = ORIENTED_EDGE('', *, *, #7319, .F.);
#11932 = EDGE_LOOP('', (#11930));
#11933 = FACE_BOUND('', #11932, .T.);
#11934 = EDGE_LOOP('', (#11931));
#11935 = FACE_BOUND('', #11934, .T.);
#11936 = ADVANCED_FACE('', (#11933, #11935), #9070, .T.);
#11937 = ORIENTED_EDGE('', *, *, #7317, .F.);
#11938 = EDGE_LOOP('', (#11937));
#11939 = FACE_BOUND('', #11938, .T.);
#11940 = ADVANCED_FACE('', (#11939), #9074, .F.);
#11941 = ORIENTED_EDGE('', *, *, #7319, .T.);
#11942 = EDGE_LOOP('', (#11941));
#11943 = FACE_BOUND('', #11942, .T.);
#11944 = ADVANCED_FACE('', (#11943), #9078, .T.);
#11945 = ORIENTED_EDGE('', *, *, #7320, .T.);
#11946 = ORIENTED_EDGE('', *, *, #7322, .F.);
#11947 = EDGE_LOOP('', (#11945));
#11948 = FACE_BOUND('', #11947, .T.);
#11949 = EDGE_LOOP('', (#11946));
#11950 = FACE_BOUND('', #11949, .T.);
#11951 = ADVANCED_FACE('', (#11948, #11950), #9083, .T.);
#11952 = ORIENTED_EDGE('', *, *, #7320, .F.);
#11953 = EDGE_LOOP('', (#11952));
#11954 = FACE_BOUND('', #11953, .T.);
#11955 = ADVANCED_FACE('', (#11954), #9087, .F.);
#11956 = ORIENTED_EDGE('', *, *, #7322, .T.);
#11957 = EDGE_LOOP('', (#11956));
#11958 = FACE_BOUND('', #11957, .T.);
#11959 = ADVANCED_FACE('', (#11958), #9091, .T.);
#11960 = CARTESIAN_POINT('', (242.697015, 0., 130.));
#11961 = VERTEX_POINT('', #11960);
#11962 = VERTEX_LOOP('', #11961);
#11963 = FACE_BOUND('', #11962, .T.);
#11964 = ADVANCED_FACE('', (#11963), #9096, .T.);
#11965 = ORIENTED_EDGE('', *, *, #7325, .T.);
#11966 = ORIENTED_EDGE('', *, *, #7327, .F.);
#11967 = EDGE_LOOP('', (#11965));
#11968 = FACE_BOUND('', #11967, .T.);
#11969 = EDGE_LOOP('', (#11966));
#11970 = FACE_BOUND('', #11969, .T.);
#11971 = ADVANCED_FACE('', (#11968, #11970), #9101, .T.);
#11972 = ORIENTED_EDGE('', *, *, #7325, .F.);
#11973 = EDGE_LOOP('', (#11972));
#11974 = FACE_BOUND('', #11973, .T.);
#11975 = ADVANCED_FACE('', (#11974), #9105, .F.);
#11976 = ORIENTED_EDGE('', *, *, #7327, .T.);
#11977 = EDGE_LOOP('', (#11976));
#11978 = FACE_BOUND('', #11977, .T.);
#11979 = ADVANCED_FACE('', (#11978), #9109, .T.);
#11980 = ORIENTED_EDGE('', *, *, #7328, .T.);
#11981 = ORIENTED_EDGE('', *, *, #7330, .F.);
#11982 = EDGE_LOOP('', (#11980));
#11983 = FACE_BOUND('', #11982, .T.);
#11984 = EDGE_LOOP('', (#11981));
#11985 = FACE_BOUND('', #11984, .T.);
#11986 = ADVANCED_FACE('', (#11983, #11985), #9114, .T.);
#11987 = ORIENTED_EDGE('', *, *, #7328, .F.);
#11988 = EDGE_LOOP('', (#11987));
#11989 = FACE_BOUND('', #11988, .T.);
#11990 = ADVANCED_FACE('', (#11989), #9118, .F.);
#11991 = ORIENTED_EDGE('', *, *, #7330, .T.);
#11992 = EDGE_LOOP('', (#11991));
#11993 = FACE_BOUND('', #11992, .T.);
#11994 = ADVANCED_FACE('', (#11993), #9122, .T.);
#11995 = ORIENTED_EDGE('', *, *, #7331, .T.);
#11996 = ORIENTED_EDGE('', *, *, #7333, .F.);
#11997 = EDGE_LOOP('', (#11995));
#11998 = FACE_BOUND('', #11997, .T.);
#11999 = EDGE_LOOP('', (#11996));
#12000 = FACE_BOUND('', #11999, .T.);
#12001 = ADVANCED_FACE('', (#11998, #12000), #9127, .T.);
#12002 = ORIENTED_EDGE('', *, *, #7331, .F.);
#12003 = EDGE_LOOP('', (#12002));
#12004 = FACE_BOUND('', #12003, .T.);
#12005 = ADVANCED_FACE('', (#12004), #9131, .F.);
#12006 = ORIENTED_EDGE('', *, *, #7333, .T.);
#12007 = EDGE_LOOP('', (#12006));
#12008 = FACE_BOUND('', #12007, .T.);
#12009 = ADVANCED_FACE('', (#12008), #9135, .T.);
#12010 = ORIENTED_EDGE('', *, *, #7334, .T.);
#12011 = ORIENTED_EDGE('', *, *, #7336, .F.);
#12012 = EDGE_LOOP('', (#12010));
#12013 = FACE_BOUND('', #12012, .T.);
#12014 = EDGE_LOOP('', (#12011));
#12015 = FACE_BOUND('', #12014, .T.);
#12016 = ADVANCED_FACE('', (#12013, #12015), #9140, .T.);
#12017 = ORIENTED_EDGE('', *, *, #7334, .F.);
#12018 = EDGE_LOOP('', (#12017));
#12019 = FACE_BOUND('', #12018, .T.);
#12020 = ADVANCED_FACE('', (#12019), #9144, .F.);
#12021 = ORIENTED_EDGE('', *, *, #7336, .T.);
#12022 = EDGE_LOOP('', (#12021));
#12023 = FACE_BOUND('', #12022, .T.);
#12024 = ADVANCED_FACE('', (#12023), #9148, .T.);
#12025 = ORIENTED_EDGE('', *, *, #7337, .T.);
#12026 = ORIENTED_EDGE('', *, *, #7339, .F.);
#12027 = EDGE_LOOP('', (#12025));
#12028 = FACE_BOUND('', #12027, .T.);
#12029 = EDGE_LOOP('', (#12026));
#12030 = FACE_BOUND('', #12029, .T.);
#12031 = ADVANCED_FACE('', (#12028, #12030), #9153, .T.);
#12032 = ORIENTED_EDGE('', *, *, #7337, .F.);
#12033 = EDGE_LOOP('', (#12032));
#12034 = FACE_BOUND('', #12033, .T.);
#12035 = ADVANCED_FACE('', (#12034), #9157, .F.);
#12036 = ORIENTED_EDGE('', *, *, #7339, .T.);
#12037 = EDGE_LOOP('', (#12036));
#12038 = FACE_BOUND('', #12037, .T.);
#12039 = ADVANCED_FACE('', (#12038), #9161, .T.);
#12040 = ORIENTED_EDGE('', *, *, #7341, .T.);
#12041 = ORIENTED_EDGE('', *, *, #7342, .F.);
#12042 = EDGE_LOOP('', (#12040));
#12043 = FACE_BOUND('', #12042, .T.);
#12044 = EDGE_LOOP('', (#12041));
#12045 = FACE_BOUND('', #12044, .T.);
#12046 = ADVANCED_FACE('', (#12043, #12045), #9234, .T.);
#12047 = ORIENTED_EDGE('', *, *, #7341, .F.);
#12048 = EDGE_LOOP('', (#12047));
#12049 = FACE_BOUND('', #12048, .T.);
#12050 = ADVANCED_FACE('', (#12049), #9238, .F.);
#12051 = ORIENTED_EDGE('', *, *, #7342, .T.);
#12052 = EDGE_LOOP('', (#12051));
#12053 = FACE_BOUND('', #12052, .T.);
#12054 = ADVANCED_FACE('', (#12053), #9242, .T.);
#12055 = ORIENTED_EDGE('', *, *, #7344, .T.);
#12056 = ORIENTED_EDGE('', *, *, #7345, .F.);
#12057 = EDGE_LOOP('', (#12055));
#12058 = FACE_BOUND('', #12057, .T.);
#12059 = EDGE_LOOP('', (#12056));
#12060 = FACE_BOUND('', #12059, .T.);
#12061 = ADVANCED_FACE('', (#12058, #12060), #9315, .T.);
#12062 = ORIENTED_EDGE('', *, *, #7344, .F.);
#12063 = EDGE_LOOP('', (#12062));
#12064 = FACE_BOUND('', #12063, .T.);
#12065 = ADVANCED_FACE('', (#12064), #9319, .F.);
#12066 = ORIENTED_EDGE('', *, *, #7345, .T.);
#12067 = EDGE_LOOP('', (#12066));
#12068 = FACE_BOUND('', #12067, .T.);
#12069 = ADVANCED_FACE('', (#12068), #9323, .T.);
#12070 = ORIENTED_EDGE('', *, *, #7347, .T.);
#12071 = ORIENTED_EDGE('', *, *, #7348, .F.);
#12072 = EDGE_LOOP('', (#12070));
#12073 = FACE_BOUND('', #12072, .T.);
#12074 = EDGE_LOOP('', (#12071));
#12075 = FACE_BOUND('', #12074, .T.);
#12076 = ADVANCED_FACE('', (#12073, #12075), #9396, .T.);
#12077 = ORIENTED_EDGE('', *, *, #7347, .F.);
#12078 = EDGE_LOOP('', (#12077));
#12079 = FACE_BOUND('', #12078, .T.);
#12080 = ADVANCED_FACE('', (#12079), #9400, .F.);
#12081 = ORIENTED_EDGE('', *, *, #7348, .T.);
#12082 = EDGE_LOOP('', (#12081));
#12083 = FACE_BOUND('', #12082, .T.);
#12084 = ADVANCED_FACE('', (#12083), #9404, .T.);
#12085 = ORIENTED_EDGE('', *, *, #7350, .T.);
#12086 = ORIENTED_EDGE('', *, *, #7351, .F.);
#12087 = EDGE_LOOP('', (#12085));
#12088 = FACE_BOUND('', #12087, .T.);
#12089 = EDGE_LOOP('', (#12086));
#12090 = FACE_BOUND('', #12089, .T.);
#12091 = ADVANCED_FACE('', (#12088, #12090), #9477, .T.);
#12092 = ORIENTED_EDGE('', *, *, #7350, .F.);
#12093 = EDGE_LOOP('', (#12092));
#12094 = FACE_BOUND('', #12093, .T.);
#12095 = ADVANCED_FACE('', (#12094), #9481, .F.);
#12096 = ORIENTED_EDGE('', *, *, #7351, .T.);
#12097 = EDGE_LOOP('', (#12096));
#12098 = FACE_BOUND('', #12097, .T.);
#12099 = ADVANCED_FACE('', (#12098), #9485, .T.);
#12100 = ORIENTED_EDGE('', *, *, #7353, .T.);
#12101 = ORIENTED_EDGE('', *, *, #7354, .F.);
#12102 = EDGE_LOOP('', (#12100));
#12103 = FACE_BOUND('', #12102, .T.);
#12104 = EDGE_LOOP('', (#12101));
#12105 = FACE_BOUND('', #12104, .T.);
#12106 = ADVANCED_FACE('', (#12103, #12105), #9558, .T.);
#12107 = ORIENTED_EDGE('', *, *, #7353, .F.);
#12108 = EDGE_LOOP('', (#12107));
#12109 = FACE_BOUND('', #12108, .T.);
#12110 = ADVANCED_FACE('', (#12109), #9562, .F.);
#12111 = ORIENTED_EDGE('', *, *, #7354, .T.);
#12112 = EDGE_LOOP('', (#12111));
#12113 = FACE_BOUND('', #12112, .T.);
#12114 = ADVANCED_FACE('', (#12113), #9566, .T.);
#12115 = ORIENTED_EDGE('', *, *, #7356, .T.);
#12116 = ORIENTED_EDGE('', *, *, #7357, .F.);
#12117 = EDGE_LOOP('', (#12115));
#12118 = FACE_BOUND('', #12117, .T.);
#12119 = EDGE_LOOP('', (#12116));
#12120 = FACE_BOUND('', #12119, .T.);
#12121 = ADVANCED_FACE('', (#12118, #12120), #9639, .T.);
#12122 = ORIENTED_EDGE('', *, *, #7356, .F.);
#12123 = EDGE_LOOP('', (#12122));
#12124 = FACE_BOUND('', #12123, .T.);
#12125 = ADVANCED_FACE('', (#12124), #9643, .F.);
#12126 = ORIENTED_EDGE('', *, *, #7357, .T.);
#12127 = EDGE_LOOP('', (#12126));
#12128 = FACE_BOUND('', #12127, .T.);
#12129 = ADVANCED_FACE('', (#12128), #9647, .T.);
#12130 = ORIENTED_EDGE('', *, *, #7359, .T.);
#12131 = ORIENTED_EDGE('', *, *, #7360, .F.);
#12132 = EDGE_LOOP('', (#12130));
#12133 = FACE_BOUND('', #12132, .T.);
#12134 = EDGE_LOOP('', (#12131));
#12135 = FACE_BOUND('', #12134, .T.);
#12136 = ADVANCED_FACE('', (#12133, #12135), #9720, .T.);
#12137 = ORIENTED_EDGE('', *, *, #7359, .F.);
#12138 = EDGE_LOOP('', (#12137));
#12139 = FACE_BOUND('', #12138, .T.);
#12140 = ADVANCED_FACE('', (#12139), #9724, .F.);
#12141 = ORIENTED_EDGE('', *, *, #7360, .T.);
#12142 = EDGE_LOOP('', (#12141));
#12143 = FACE_BOUND('', #12142, .T.);
#12144 = ADVANCED_FACE('', (#12143), #9728, .T.);
#12145 = ORIENTED_EDGE('', *, *, #7362, .T.);
#12146 = ORIENTED_EDGE('', *, *, #7363, .F.);
#12147 = EDGE_LOOP('', (#12145));
#12148 = FACE_BOUND('', #12147, .T.);
#12149 = EDGE_LOOP('', (#12146));
#12150 = FACE_BOUND('', #12149, .T.);
#12151 = ADVANCED_FACE('', (#12148, #12150), #9801, .T.);
#12152 = ORIENTED_EDGE('', *, *, #7362, .F.);
#12153 = EDGE_LOOP('', (#12152));
#12154 = FACE_BOUND('', #12153, .T.);
#12155 = ADVANCED_FACE('', (#12154), #9805, .F.);
#12156 = ORIENTED_EDGE('', *, *, #7363, .T.);
#12157 = EDGE_LOOP('', (#12156));
#12158 = FACE_BOUND('', #12157, .T.);
#12159 = ADVANCED_FACE('', (#12158), #9809, .T.);
#12160 = CARTESIAN_POINT('', (275.5, -0., 0.));
#12161 = VERTEX_POINT('', #12160);
#12162 = VERTEX_LOOP('', #12161);
#12163 = FACE_BOUND('', #12162, .T.);
#12164 = ADVANCED_FACE('', (#12163), #9814, .T.);
#12165 = CARTESIAN_POINT('', (237.033437, 0., -140.));
#12166 = VERTEX_POINT('', #12165);
#12167 = VERTEX_LOOP('', #12166);
#12168 = FACE_BOUND('', #12167, .T.);
#12169 = ADVANCED_FACE('', (#12168), #9819, .T.);
#12170 = ORIENTED_EDGE('', *, *, #7368, .T.);
#12171 = ORIENTED_EDGE('', *, *, #7369, .T.);
#12172 = ORIENTED_EDGE('', *, *, #7370, .F.);
#12173 = ORIENTED_EDGE('', *, *, #7371, .F.);
#12174 = EDGE_LOOP('', (#12170, #12171, #12172, #12173));
#12175 = FACE_BOUND('', #12174, .T.);
#12176 = ADVANCED_FACE('', (#12175), #9823, .T.);
#12177 = ORIENTED_EDGE('', *, *, #7372, .T.);
#12178 = ORIENTED_EDGE('', *, *, #7373, .T.);
#12179 = ORIENTED_EDGE('', *, *, #7374, .F.);
#12180 = ORIENTED_EDGE('', *, *, #7369, .F.);
#12181 = EDGE_LOOP('', (#12177, #12178, #12179, #12180));
#12182 = FACE_BOUND('', #12181, .T.);
#12183 = ADVANCED_FACE('', (#12182), #9827, .T.);
#12184 = ORIENTED_EDGE('', *, *, #7375, .T.);
#12185 = ORIENTED_EDGE('', *, *, #7376, .T.);
#12186 = ORIENTED_EDGE('', *, *, #7377, .F.);
#12187 = ORIENTED_EDGE('', *, *, #7373, .F.);
#12188 = EDGE_LOOP('', (#12184, #12185, #12186, #12187));
#12189 = FACE_BOUND('', #12188, .T.);
#12190 = ADVANCED_FACE('', (#12189), #9831, .T.);
#12191 = ORIENTED_EDGE('', *, *, #7378, .T.);
#12192 = ORIENTED_EDGE('', *, *, #7371, .T.);
#12193 = ORIENTED_EDGE('', *, *, #7379, .F.);
#12194 = ORIENTED_EDGE('', *, *, #7376, .F.);
#12195 = EDGE_LOOP('', (#12191, #12192, #12193, #12194));
#12196 = FACE_BOUND('', #12195, .T.);
#12197 = ADVANCED_FACE('', (#12196), #9835, .T.);
#12198 = ORIENTED_EDGE('', *, *, #7378, .F.);
#12199 = ORIENTED_EDGE('', *, *, #7375, .F.);
#12200 = ORIENTED_EDGE('', *, *, #7372, .F.);
#12201 = ORIENTED_EDGE('', *, *, #7368, .F.);
#12202 = EDGE_LOOP('', (#12198, #12199, #12200, #12201));
#12203 = FACE_BOUND('', #12202, .T.);
#12204 = ADVANCED_FACE('', (#12203), #9839, .F.);
#12205 = ORIENTED_EDGE('', *, *, #7370, .T.);
#12206 = ORIENTED_EDGE('', *, *, #7374, .T.);
#12207 = ORIENTED_EDGE('', *, *, #7377, .T.);
#12208 = ORIENTED_EDGE('', *, *, #7379, .T.);
#12209 = EDGE_LOOP('', (#12205, #12206, #12207, #12208));
#12210 = FACE_BOUND('', #12209, .T.);
#12211 = ADVANCED_FACE('', (#12210), #9843, .T.);
#12212 = ORIENTED_EDGE('', *, *, #7380, .T.);
#12213 = ORIENTED_EDGE('', *, *, #7381, .T.);
#12214 = ORIENTED_EDGE('', *, *, #7382, .F.);
#12215 = ORIENTED_EDGE('', *, *, #7383, .F.);
#12216 = EDGE_LOOP('', (#12212, #12213, #12214, #12215));
#12217 = FACE_BOUND('', #12216, .T.);
#12218 = ADVANCED_FACE('', (#12217), #9847, .T.);
#12219 = ORIENTED_EDGE('', *, *, #7384, .T.);
#12220 = ORIENTED_EDGE('', *, *, #7385, .T.);
#12221 = ORIENTED_EDGE('', *, *, #7386, .F.);
#12222 = ORIENTED_EDGE('', *, *, #7381, .F.);
#12223 = EDGE_LOOP('', (#12219, #12220, #12221, #12222));
#12224 = FACE_BOUND('', #12223, .T.);
#12225 = ADVANCED_FACE('', (#12224), #9851, .T.);
#12226 = ORIENTED_EDGE('', *, *, #7387, .T.);
#12227 = ORIENTED_EDGE('', *, *, #7388, .T.);
#12228 = ORIENTED_EDGE('', *, *, #7389, .F.);
#12229 = ORIENTED_EDGE('', *, *, #7385, .F.);
#12230 = EDGE_LOOP('', (#12226, #12227, #12228, #12229));
#12231 = FACE_BOUND('', #12230, .T.);
#12232 = ADVANCED_FACE('', (#12231), #9855, .T.);
#12233 = ORIENTED_EDGE('', *, *, #7390, .T.);
#12234 = ORIENTED_EDGE('', *, *, #7383, .T.);
#12235 = ORIENTED_EDGE('', *, *, #7391, .F.);
#12236 = ORIENTED_EDGE('', *, *, #7388, .F.);
#12237 = EDGE_LOOP('', (#12233, #12234, #12235, #12236));
#12238 = FACE_BOUND('', #12237, .T.);
#12239 = ADVANCED_FACE('', (#12238), #9859, .T.);
#12240 = ORIENTED_EDGE('', *, *, #7390, .F.);
#12241 = ORIENTED_EDGE('', *, *, #7387, .F.);
#12242 = ORIENTED_EDGE('', *, *, #7384, .F.);
#12243 = ORIENTED_EDGE('', *, *, #7380, .F.);
#12244 = EDGE_LOOP('', (#12240, #12241, #12242, #12243));
#12245 = FACE_BOUND('', #12244, .T.);
#12246 = ADVANCED_FACE('', (#12245), #9863, .F.);
#12247 = ORIENTED_EDGE('', *, *, #7382, .T.);
#12248 = ORIENTED_EDGE('', *, *, #7386, .T.);
#12249 = ORIENTED_EDGE('', *, *, #7389, .T.);
#12250 = ORIENTED_EDGE('', *, *, #7391, .T.);
#12251 = EDGE_LOOP('', (#12247, #12248, #12249, #12250));
#12252 = FACE_BOUND('', #12251, .T.);
#12253 = ADVANCED_FACE('', (#12252), #9867, .T.);
#12254 = ORIENTED_EDGE('', *, *, #7392, .T.);
#12255 = ORIENTED_EDGE('', *, *, #7393, .T.);
#12256 = ORIENTED_EDGE('', *, *, #7394, .F.);
#12257 = ORIENTED_EDGE('', *, *, #7395, .F.);
#12258 = EDGE_LOOP('', (#12254, #12255, #12256, #12257));
#12259 = FACE_BOUND('', #12258, .T.);
#12260 = ADVANCED_FACE('', (#12259), #9871, .T.);
#12261 = ORIENTED_EDGE('', *, *, #7396, .T.);
#12262 = ORIENTED_EDGE('', *, *, #7397, .T.);
#12263 = ORIENTED_EDGE('', *, *, #7398, .F.);
#12264 = ORIENTED_EDGE('', *, *, #7393, .F.);
#12265 = EDGE_LOOP('', (#12261, #12262, #12263, #12264));
#12266 = FACE_BOUND('', #12265, .T.);
#12267 = ADVANCED_FACE('', (#12266), #9875, .T.);
#12268 = ORIENTED_EDGE('', *, *, #7399, .T.);
#12269 = ORIENTED_EDGE('', *, *, #7400, .T.);
#12270 = ORIENTED_EDGE('', *, *, #7401, .F.);
#12271 = ORIENTED_EDGE('', *, *, #7397, .F.);
#12272 = EDGE_LOOP('', (#12268, #12269, #12270, #12271));
#12273 = FACE_BOUND('', #12272, .T.);
#12274 = ADVANCED_FACE('', (#12273), #9879, .T.);
#12275 = ORIENTED_EDGE('', *, *, #7402, .T.);
#12276 = ORIENTED_EDGE('', *, *, #7395, .T.);
#12277 = ORIENTED_EDGE('', *, *, #7403, .F.);
#12278 = ORIENTED_EDGE('', *, *, #7400, .F.);
#12279 = EDGE_LOOP('', (#12275, #12276, #12277, #12278));
#12280 = FACE_BOUND('', #12279, .T.);
#12281 = ADVANCED_FACE('', (#12280), #9883, .T.);
#12282 = ORIENTED_EDGE('', *, *, #7402, .F.);
#12283 = ORIENTED_EDGE('', *, *, #7399, .F.);
#12284 = ORIENTED_EDGE('', *, *, #7396, .F.);
#12285 = ORIENTED_EDGE('', *, *, #7392, .F.);
#12286 = EDGE_LOOP('', (#12282, #12283, #12284, #12285));
#12287 = FACE_BOUND('', #12286, .T.);
#12288 = ADVANCED_FACE('', (#12287), #9887, .F.);
#12289 = ORIENTED_EDGE('', *, *, #7394, .T.);
#12290 = ORIENTED_EDGE('', *, *, #7398, .T.);
#12291 = ORIENTED_EDGE('', *, *, #7401, .T.);
#12292 = ORIENTED_EDGE('', *, *, #7403, .T.);
#12293 = EDGE_LOOP('', (#12289, #12290, #12291, #12292));
#12294 = FACE_BOUND('', #12293, .T.);
#12295 = ADVANCED_FACE('', (#12294), #9891, .T.);
#12296 = ORIENTED_EDGE('', *, *, #7404, .T.);
#12297 = ORIENTED_EDGE('', *, *, #7405, .T.);
#12298 = ORIENTED_EDGE('', *, *, #7406, .F.);
#12299 = ORIENTED_EDGE('', *, *, #7407, .F.);
#12300 = EDGE_LOOP('', (#12296, #12297, #12298, #12299));
#12301 = FACE_BOUND('', #12300, .T.);
#12302 = ADVANCED_FACE('', (#12301), #9895, .T.);
#12303 = ORIENTED_EDGE('', *, *, #7408, .T.);
#12304 = ORIENTED_EDGE('', *, *, #7409, .T.);
#12305 = ORIENTED_EDGE('', *, *, #7410, .F.);
#12306 = ORIENTED_EDGE('', *, *, #7405, .F.);
#12307 = EDGE_LOOP('', (#12303, #12304, #12305, #12306));
#12308 = FACE_BOUND('', #12307, .T.);
#12309 = ADVANCED_FACE('', (#12308), #9899, .T.);
#12310 = ORIENTED_EDGE('', *, *, #7411, .T.);
#12311 = ORIENTED_EDGE('', *, *, #7412, .T.);
#12312 = ORIENTED_EDGE('', *, *, #7413, .F.);
#12313 = ORIENTED_EDGE('', *, *, #7409, .F.);
#12314 = EDGE_LOOP('', (#12310, #12311, #12312, #12313));
#12315 = FACE_BOUND('', #12314, .T.);
#12316 = ADVANCED_FACE('', (#12315), #9903, .T.);
#12317 = ORIENTED_EDGE('', *, *, #7414, .T.);
#12318 = ORIENTED_EDGE('', *, *, #7407, .T.);
#12319 = ORIENTED_EDGE('', *, *, #7415, .F.);
#12320 = ORIENTED_EDGE('', *, *, #7412, .F.);
#12321 = EDGE_LOOP('', (#12317, #12318, #12319, #12320));
#12322 = FACE_BOUND('', #12321, .T.);
#12323 = ADVANCED_FACE('', (#12322), #9907, .T.);
#12324 = ORIENTED_EDGE('', *, *, #7414, .F.);
#12325 = ORIENTED_EDGE('', *, *, #7411, .F.);
#12326 = ORIENTED_EDGE('', *, *, #7408, .F.);
#12327 = ORIENTED_EDGE('', *, *, #7404, .F.);
#12328 = EDGE_LOOP('', (#12324, #12325, #12326, #12327));
#12329 = FACE_BOUND('', #12328, .T.);
#12330 = ADVANCED_FACE('', (#12329), #9911, .F.);
#12331 = ORIENTED_EDGE('', *, *, #7406, .T.);
#12332 = ORIENTED_EDGE('', *, *, #7410, .T.);
#12333 = ORIENTED_EDGE('', *, *, #7413, .T.);
#12334 = ORIENTED_EDGE('', *, *, #7415, .T.);
#12335 = EDGE_LOOP('', (#12331, #12332, #12333, #12334));
#12336 = FACE_BOUND('', #12335, .T.);
#12337 = ADVANCED_FACE('', (#12336), #9915, .T.);
#12338 = ORIENTED_EDGE('', *, *, #7416, .T.);
#12339 = ORIENTED_EDGE('', *, *, #7417, .T.);
#12340 = ORIENTED_EDGE('', *, *, #7418, .F.);
#12341 = ORIENTED_EDGE('', *, *, #7419, .F.);
#12342 = EDGE_LOOP('', (#12338, #12339, #12340, #12341));
#12343 = FACE_BOUND('', #12342, .T.);
#12344 = ADVANCED_FACE('', (#12343), #9919, .T.);
#12345 = ORIENTED_EDGE('', *, *, #7420, .T.);
#12346 = ORIENTED_EDGE('', *, *, #7421, .T.);
#12347 = ORIENTED_EDGE('', *, *, #7422, .F.);
#12348 = ORIENTED_EDGE('', *, *, #7417, .F.);
#12349 = EDGE_LOOP('', (#12345, #12346, #12347, #12348));
#12350 = FACE_BOUND('', #12349, .T.);
#12351 = ADVANCED_FACE('', (#12350), #9923, .T.);
#12352 = ORIENTED_EDGE('', *, *, #7423, .T.);
#12353 = ORIENTED_EDGE('', *, *, #7424, .T.);
#12354 = ORIENTED_EDGE('', *, *, #7425, .F.);
#12355 = ORIENTED_EDGE('', *, *, #7421, .F.);
#12356 = EDGE_LOOP('', (#12352, #12353, #12354, #12355));
#12357 = FACE_BOUND('', #12356, .T.);
#12358 = ADVANCED_FACE('', (#12357), #9927, .T.);
#12359 = ORIENTED_EDGE('', *, *, #7426, .T.);
#12360 = ORIENTED_EDGE('', *, *, #7427, .T.);
#12361 = ORIENTED_EDGE('', *, *, #7428, .F.);
#12362 = ORIENTED_EDGE('', *, *, #7424, .F.);
#12363 = EDGE_LOOP('', (#12359, #12360, #12361, #12362));
#12364 = FACE_BOUND('', #12363, .T.);
#12365 = ADVANCED_FACE('', (#12364), #9931, .T.);
#12366 = ORIENTED_EDGE('', *, *, #7429, .T.);
#12367 = ORIENTED_EDGE('', *, *, #7430, .T.);
#12368 = ORIENTED_EDGE('', *, *, #7431, .F.);
#12369 = ORIENTED_EDGE('', *, *, #7427, .F.);
#12370 = EDGE_LOOP('', (#12366, #12367, #12368, #12369));
#12371 = FACE_BOUND('', #12370, .T.);
#12372 = ADVANCED_FACE('', (#12371), #9935, .T.);
#12373 = ORIENTED_EDGE('', *, *, #7432, .T.);
#12374 = ORIENTED_EDGE('', *, *, #7433, .T.);
#12375 = ORIENTED_EDGE('', *, *, #7434, .F.);
#12376 = ORIENTED_EDGE('', *, *, #7430, .F.);
#12377 = EDGE_LOOP('', (#12373, #12374, #12375, #12376));
#12378 = FACE_BOUND('', #12377, .T.);
#12379 = ADVANCED_FACE('', (#12378), #9939, .T.);
#12380 = ORIENTED_EDGE('', *, *, #7435, .T.);
#12381 = ORIENTED_EDGE('', *, *, #7436, .T.);
#12382 = ORIENTED_EDGE('', *, *, #7437, .F.);
#12383 = ORIENTED_EDGE('', *, *, #7433, .F.);
#12384 = EDGE_LOOP('', (#12380, #12381, #12382, #12383));
#12385 = FACE_BOUND('', #12384, .T.);
#12386 = ADVANCED_FACE('', (#12385), #9943, .T.);
#12387 = ORIENTED_EDGE('', *, *, #7438, .T.);
#12388 = ORIENTED_EDGE('', *, *, #7419, .T.);
#12389 = ORIENTED_EDGE('', *, *, #7439, .F.);
#12390 = ORIENTED_EDGE('', *, *, #7436, .F.);
#12391 = EDGE_LOOP('', (#12387, #12388, #12389, #12390));
#12392 = FACE_BOUND('', #12391, .T.);
#12393 = ADVANCED_FACE('', (#12392), #9947, .T.);
#12394 = ORIENTED_EDGE('', *, *, #7438, .F.);
#12395 = ORIENTED_EDGE('', *, *, #7435, .F.);
#12396 = ORIENTED_EDGE('', *, *, #7432, .F.);
#12397 = ORIENTED_EDGE('', *, *, #7429, .F.);
#12398 = ORIENTED_EDGE('', *, *, #7426, .F.);
#12399 = ORIENTED_EDGE('', *, *, #7423, .F.);
#12400 = ORIENTED_EDGE('', *, *, #7420, .F.);
#12401 = ORIENTED_EDGE('', *, *, #7416, .F.);
#12402 = EDGE_LOOP('', (#12394, #12395, #12396, #12397, #12398, #12399, #12400, #12401));
#12403 = FACE_BOUND('', #12402, .T.);
#12404 = ADVANCED_FACE('', (#12403), #9951, .F.);
#12405 = ORIENTED_EDGE('', *, *, #7418, .T.);
#12406 = ORIENTED_EDGE('', *, *, #7422, .T.);
#12407 = ORIENTED_EDGE('', *, *, #7425, .T.);
#12408 = ORIENTED_EDGE('', *, *, #7428, .T.);
#12409 = ORIENTED_EDGE('', *, *, #7431, .T.);
#12410 = ORIENTED_EDGE('', *, *, #7434, .T.);
#12411 = ORIENTED_EDGE('', *, *, #7437, .T.);
#12412 = ORIENTED_EDGE('', *, *, #7439, .T.);
#12413 = EDGE_LOOP('', (#12405, #12406, #12407, #12408, #12409, #12410, #12411, #12412));
#12414 = FACE_BOUND('', #12413, .T.);
#12415 = ADVANCED_FACE('', (#12414), #9955, .T.);
#12416 = ORIENTED_EDGE('', *, *, #7440, .T.);
#12417 = ORIENTED_EDGE('', *, *, #7442, .F.);
#12418 = EDGE_LOOP('', (#12416));
#12419 = FACE_BOUND('', #12418, .T.);
#12420 = EDGE_LOOP('', (#12417));
#12421 = FACE_BOUND('', #12420, .T.);
#12422 = ADVANCED_FACE('', (#12419, #12421), #9960, .T.);
#12423 = ORIENTED_EDGE('', *, *, #7440, .F.);
#12424 = EDGE_LOOP('', (#12423));
#12425 = FACE_BOUND('', #12424, .T.);
#12426 = ADVANCED_FACE('', (#12425), #9964, .F.);
#12427 = ORIENTED_EDGE('', *, *, #7442, .T.);
#12428 = EDGE_LOOP('', (#12427));
#12429 = FACE_BOUND('', #12428, .T.);
#12430 = ADVANCED_FACE('', (#12429), #9968, .T.);
#12431 = ORIENTED_EDGE('', *, *, #7443, .T.);
#12432 = ORIENTED_EDGE('', *, *, #7444, .T.);
#12433 = ORIENTED_EDGE('', *, *, #7445, .F.);
#12434 = ORIENTED_EDGE('', *, *, #7446, .F.);
#12435 = EDGE_LOOP('', (#12431, #12432, #12433, #12434));
#12436 = FACE_BOUND('', #12435, .T.);
#12437 = ADVANCED_FACE('', (#12436), #9972, .T.);
#12438 = ORIENTED_EDGE('', *, *, #7447, .T.);
#12439 = ORIENTED_EDGE('', *, *, #7448, .T.);
#12440 = ORIENTED_EDGE('', *, *, #7449, .F.);
#12441 = ORIENTED_EDGE('', *, *, #7444, .F.);
#12442 = EDGE_LOOP('', (#12438, #12439, #12440, #12441));
#12443 = FACE_BOUND('', #12442, .T.);
#12444 = ADVANCED_FACE('', (#12443), #9976, .T.);
#12445 = ORIENTED_EDGE('', *, *, #7450, .T.);
#12446 = ORIENTED_EDGE('', *, *, #7451, .T.);
#12447 = ORIENTED_EDGE('', *, *, #7452, .F.);
#12448 = ORIENTED_EDGE('', *, *, #7448, .F.);
#12449 = EDGE_LOOP('', (#12445, #12446, #12447, #12448));
#12450 = FACE_BOUND('', #12449, .T.);
#12451 = ADVANCED_FACE('', (#12450), #9980, .T.);
#12452 = ORIENTED_EDGE('', *, *, #7453, .T.);
#12453 = ORIENTED_EDGE('', *, *, #7446, .T.);
#12454 = ORIENTED_EDGE('', *, *, #7454, .F.);
#12455 = ORIENTED_EDGE('', *, *, #7451, .F.);
#12456 = EDGE_LOOP('', (#12452, #12453, #12454, #12455));
#12457 = FACE_BOUND('', #12456, .T.);
#12458 = ADVANCED_FACE('', (#12457), #9984, .T.);
#12459 = ORIENTED_EDGE('', *, *, #7453, .F.);
#12460 = ORIENTED_EDGE('', *, *, #7450, .F.);
#12461 = ORIENTED_EDGE('', *, *, #7447, .F.);
#12462 = ORIENTED_EDGE('', *, *, #7443, .F.);
#12463 = EDGE_LOOP('', (#12459, #12460, #12461, #12462));
#12464 = FACE_BOUND('', #12463, .T.);
#12465 = ADVANCED_FACE('', (#12464), #9988, .F.);
#12466 = ORIENTED_EDGE('', *, *, #7445, .T.);
#12467 = ORIENTED_EDGE('', *, *, #7449, .T.);
#12468 = ORIENTED_EDGE('', *, *, #7452, .T.);
#12469 = ORIENTED_EDGE('', *, *, #7454, .T.);
#12470 = EDGE_LOOP('', (#12466, #12467, #12468, #12469));
#12471 = FACE_BOUND('', #12470, .T.);
#12472 = ADVANCED_FACE('', (#12471), #9992, .T.);
#12473 = ORIENTED_EDGE('', *, *, #7455, .T.);
#12474 = ORIENTED_EDGE('', *, *, #7456, .T.);
#12475 = ORIENTED_EDGE('', *, *, #7457, .F.);
#12476 = ORIENTED_EDGE('', *, *, #7458, .F.);
#12477 = EDGE_LOOP('', (#12473, #12474, #12475, #12476));
#12478 = FACE_BOUND('', #12477, .T.);
#12479 = ADVANCED_FACE('', (#12478), #9996, .T.);
#12480 = ORIENTED_EDGE('', *, *, #7459, .T.);
#12481 = ORIENTED_EDGE('', *, *, #7460, .T.);
#12482 = ORIENTED_EDGE('', *, *, #7461, .F.);
#12483 = ORIENTED_EDGE('', *, *, #7456, .F.);
#12484 = EDGE_LOOP('', (#12480, #12481, #12482, #12483));
#12485 = FACE_BOUND('', #12484, .T.);
#12486 = ADVANCED_FACE('', (#12485), #10000, .T.);
#12487 = ORIENTED_EDGE('', *, *, #7462, .T.);
#12488 = ORIENTED_EDGE('', *, *, #7463, .T.);
#12489 = ORIENTED_EDGE('', *, *, #7464, .F.);
#12490 = ORIENTED_EDGE('', *, *, #7460, .F.);
#12491 = EDGE_LOOP('', (#12487, #12488, #12489, #12490));
#12492 = FACE_BOUND('', #12491, .T.);
#12493 = ADVANCED_FACE('', (#12492), #10004, .T.);
#12494 = ORIENTED_EDGE('', *, *, #7465, .T.);
#12495 = ORIENTED_EDGE('', *, *, #7458, .T.);
#12496 = ORIENTED_EDGE('', *, *, #7466, .F.);
#12497 = ORIENTED_EDGE('', *, *, #7463, .F.);
#12498 = EDGE_LOOP('', (#12494, #12495, #12496, #12497));
#12499 = FACE_BOUND('', #12498, .T.);
#12500 = ADVANCED_FACE('', (#12499), #10008, .T.);
#12501 = ORIENTED_EDGE('', *, *, #7465, .F.);
#12502 = ORIENTED_EDGE('', *, *, #7462, .F.);
#12503 = ORIENTED_EDGE('', *, *, #7459, .F.);
#12504 = ORIENTED_EDGE('', *, *, #7455, .F.);
#12505 = EDGE_LOOP('', (#12501, #12502, #12503, #12504));
#12506 = FACE_BOUND('', #12505, .T.);
#12507 = ADVANCED_FACE('', (#12506), #10012, .F.);
#12508 = ORIENTED_EDGE('', *, *, #7457, .T.);
#12509 = ORIENTED_EDGE('', *, *, #7461, .T.);
#12510 = ORIENTED_EDGE('', *, *, #7464, .T.);
#12511 = ORIENTED_EDGE('', *, *, #7466, .T.);
#12512 = EDGE_LOOP('', (#12508, #12509, #12510, #12511));
#12513 = FACE_BOUND('', #12512, .T.);
#12514 = ADVANCED_FACE('', (#12513), #10016, .T.);
#12515 = ORIENTED_EDGE('', *, *, #7467, .T.);
#12516 = ORIENTED_EDGE('', *, *, #7468, .T.);
#12517 = ORIENTED_EDGE('', *, *, #7469, .F.);
#12518 = ORIENTED_EDGE('', *, *, #7470, .F.);
#12519 = EDGE_LOOP('', (#12515, #12516, #12517, #12518));
#12520 = FACE_BOUND('', #12519, .T.);
#12521 = ADVANCED_FACE('', (#12520), #10020, .T.);
#12522 = ORIENTED_EDGE('', *, *, #7471, .T.);
#12523 = ORIENTED_EDGE('', *, *, #7472, .T.);
#12524 = ORIENTED_EDGE('', *, *, #7473, .F.);
#12525 = ORIENTED_EDGE('', *, *, #7468, .F.);
#12526 = EDGE_LOOP('', (#12522, #12523, #12524, #12525));
#12527 = FACE_BOUND('', #12526, .T.);
#12528 = ADVANCED_FACE('', (#12527), #10024, .T.);
#12529 = ORIENTED_EDGE('', *, *, #7474, .T.);
#12530 = ORIENTED_EDGE('', *, *, #7475, .T.);
#12531 = ORIENTED_EDGE('', *, *, #7476, .F.);
#12532 = ORIENTED_EDGE('', *, *, #7472, .F.);
#12533 = EDGE_LOOP('', (#12529, #12530, #12531, #12532));
#12534 = FACE_BOUND('', #12533, .T.);
#12535 = ADVANCED_FACE('', (#12534), #10028, .T.);
#12536 = ORIENTED_EDGE('', *, *, #7477, .T.);
#12537 = ORIENTED_EDGE('', *, *, #7470, .T.);
#12538 = ORIENTED_EDGE('', *, *, #7478, .F.);
#12539 = ORIENTED_EDGE('', *, *, #7475, .F.);
#12540 = EDGE_LOOP('', (#12536, #12537, #12538, #12539));
#12541 = FACE_BOUND('', #12540, .T.);
#12542 = ADVANCED_FACE('', (#12541), #10032, .T.);
#12543 = ORIENTED_EDGE('', *, *, #7477, .F.);
#12544 = ORIENTED_EDGE('', *, *, #7474, .F.);
#12545 = ORIENTED_EDGE('', *, *, #7471, .F.);
#12546 = ORIENTED_EDGE('', *, *, #7467, .F.);
#12547 = EDGE_LOOP('', (#12543, #12544, #12545, #12546));
#12548 = FACE_BOUND('', #12547, .T.);
#12549 = ADVANCED_FACE('', (#12548), #10036, .F.);
#12550 = ORIENTED_EDGE('', *, *, #7469, .T.);
#12551 = ORIENTED_EDGE('', *, *, #7473, .T.);
#12552 = ORIENTED_EDGE('', *, *, #7476, .T.);
#12553 = ORIENTED_EDGE('', *, *, #7478, .T.);
#12554 = EDGE_LOOP('', (#12550, #12551, #12552, #12553));
#12555 = FACE_BOUND('', #12554, .T.);
#12556 = ADVANCED_FACE('', (#12555), #10040, .T.);
#12557 = ORIENTED_EDGE('', *, *, #7479, .T.);
#12558 = ORIENTED_EDGE('', *, *, #7480, .T.);
#12559 = ORIENTED_EDGE('', *, *, #7481, .F.);
#12560 = ORIENTED_EDGE('', *, *, #7482, .F.);
#12561 = EDGE_LOOP('', (#12557, #12558, #12559, #12560));
#12562 = FACE_BOUND('', #12561, .T.);
#12563 = ADVANCED_FACE('', (#12562), #10044, .T.);
#12564 = ORIENTED_EDGE('', *, *, #7483, .T.);
#12565 = ORIENTED_EDGE('', *, *, #7484, .T.);
#12566 = ORIENTED_EDGE('', *, *, #7485, .F.);
#12567 = ORIENTED_EDGE('', *, *, #7480, .F.);
#12568 = EDGE_LOOP('', (#12564, #12565, #12566, #12567));
#12569 = FACE_BOUND('', #12568, .T.);
#12570 = ADVANCED_FACE('', (#12569), #10048, .T.);
#12571 = ORIENTED_EDGE('', *, *, #7486, .T.);
#12572 = ORIENTED_EDGE('', *, *, #7487, .T.);
#12573 = ORIENTED_EDGE('', *, *, #7488, .F.);
#12574 = ORIENTED_EDGE('', *, *, #7484, .F.);
#12575 = EDGE_LOOP('', (#12571, #12572, #12573, #12574));
#12576 = FACE_BOUND('', #12575, .T.);
#12577 = ADVANCED_FACE('', (#12576), #10052, .T.);
#12578 = ORIENTED_EDGE('', *, *, #7489, .T.);
#12579 = ORIENTED_EDGE('', *, *, #7482, .T.);
#12580 = ORIENTED_EDGE('', *, *, #7490, .F.);
#12581 = ORIENTED_EDGE('', *, *, #7487, .F.);
#12582 = EDGE_LOOP('', (#12578, #12579, #12580, #12581));
#12583 = FACE_BOUND('', #12582, .T.);
#12584 = ADVANCED_FACE('', (#12583), #10056, .T.);
#12585 = ORIENTED_EDGE('', *, *, #7489, .F.);
#12586 = ORIENTED_EDGE('', *, *, #7486, .F.);
#12587 = ORIENTED_EDGE('', *, *, #7483, .F.);
#12588 = ORIENTED_EDGE('', *, *, #7479, .F.);
#12589 = EDGE_LOOP('', (#12585, #12586, #12587, #12588));
#12590 = FACE_BOUND('', #12589, .T.);
#12591 = ADVANCED_FACE('', (#12590), #10060, .F.);
#12592 = ORIENTED_EDGE('', *, *, #7481, .T.);
#12593 = ORIENTED_EDGE('', *, *, #7485, .T.);
#12594 = ORIENTED_EDGE('', *, *, #7488, .T.);
#12595 = ORIENTED_EDGE('', *, *, #7490, .T.);
#12596 = EDGE_LOOP('', (#12592, #12593, #12594, #12595));
#12597 = FACE_BOUND('', #12596, .T.);
#12598 = ADVANCED_FACE('', (#12597), #10064, .T.);
#12599 = ORIENTED_EDGE('', *, *, #7491, .T.);
#12600 = ORIENTED_EDGE('', *, *, #7492, .T.);
#12601 = ORIENTED_EDGE('', *, *, #7493, .F.);
#12602 = ORIENTED_EDGE('', *, *, #7494, .F.);
#12603 = EDGE_LOOP('', (#12599, #12600, #12601, #12602));
#12604 = FACE_BOUND('', #12603, .T.);
#12605 = ADVANCED_FACE('', (#12604), #10068, .T.);
#12606 = ORIENTED_EDGE('', *, *, #7495, .T.);
#12607 = ORIENTED_EDGE('', *, *, #7496, .T.);
#12608 = ORIENTED_EDGE('', *, *, #7497, .F.);
#12609 = ORIENTED_EDGE('', *, *, #7492, .F.);
#12610 = EDGE_LOOP('', (#12606, #12607, #12608, #12609));
#12611 = FACE_BOUND('', #12610, .T.);
#12612 = ADVANCED_FACE('', (#12611), #10072, .T.);
#12613 = ORIENTED_EDGE('', *, *, #7498, .T.);
#12614 = ORIENTED_EDGE('', *, *, #7499, .T.);
#12615 = ORIENTED_EDGE('', *, *, #7500, .F.);
#12616 = ORIENTED_EDGE('', *, *, #7496, .F.);
#12617 = EDGE_LOOP('', (#12613, #12614, #12615, #12616));
#12618 = FACE_BOUND('', #12617, .T.);
#12619 = ADVANCED_FACE('', (#12618), #10076, .T.);
#12620 = ORIENTED_EDGE('', *, *, #7501, .T.);
#12621 = ORIENTED_EDGE('', *, *, #7494, .T.);
#12622 = ORIENTED_EDGE('', *, *, #7502, .F.);
#12623 = ORIENTED_EDGE('', *, *, #7499, .F.);
#12624 = EDGE_LOOP('', (#12620, #12621, #12622, #12623));
#12625 = FACE_BOUND('', #12624, .T.);
#12626 = ADVANCED_FACE('', (#12625), #10080, .T.);
#12627 = ORIENTED_EDGE('', *, *, #7501, .F.);
#12628 = ORIENTED_EDGE('', *, *, #7498, .F.);
#12629 = ORIENTED_EDGE('', *, *, #7495, .F.);
#12630 = ORIENTED_EDGE('', *, *, #7491, .F.);
#12631 = EDGE_LOOP('', (#12627, #12628, #12629, #12630));
#12632 = FACE_BOUND('', #12631, .T.);
#12633 = ADVANCED_FACE('', (#12632), #10084, .F.);
#12634 = ORIENTED_EDGE('', *, *, #7493, .T.);
#12635 = ORIENTED_EDGE('', *, *, #7497, .T.);
#12636 = ORIENTED_EDGE('', *, *, #7500, .T.);
#12637 = ORIENTED_EDGE('', *, *, #7502, .T.);
#12638 = EDGE_LOOP('', (#12634, #12635, #12636, #12637));
#12639 = FACE_BOUND('', #12638, .T.);
#12640 = ADVANCED_FACE('', (#12639), #10088, .T.);
#12641 = ORIENTED_EDGE('', *, *, #7503, .T.);
#12642 = ORIENTED_EDGE('', *, *, #7504, .T.);
#12643 = ORIENTED_EDGE('', *, *, #7505, .F.);
#12644 = ORIENTED_EDGE('', *, *, #7506, .F.);
#12645 = EDGE_LOOP('', (#12641, #12642, #12643, #12644));
#12646 = FACE_BOUND('', #12645, .T.);
#12647 = ADVANCED_FACE('', (#12646), #10092, .T.);
#12648 = ORIENTED_EDGE('', *, *, #7507, .T.);
#12649 = ORIENTED_EDGE('', *, *, #7508, .T.);
#12650 = ORIENTED_EDGE('', *, *, #7509, .F.);
#12651 = ORIENTED_EDGE('', *, *, #7504, .F.);
#12652 = EDGE_LOOP('', (#12648, #12649, #12650, #12651));
#12653 = FACE_BOUND('', #12652, .T.);
#12654 = ADVANCED_FACE('', (#12653), #10096, .T.);
#12655 = ORIENTED_EDGE('', *, *, #7510, .T.);
#12656 = ORIENTED_EDGE('', *, *, #7511, .T.);
#12657 = ORIENTED_EDGE('', *, *, #7512, .F.);
#12658 = ORIENTED_EDGE('', *, *, #7508, .F.);
#12659 = EDGE_LOOP('', (#12655, #12656, #12657, #12658));
#12660 = FACE_BOUND('', #12659, .T.);
#12661 = ADVANCED_FACE('', (#12660), #10100, .T.);
#12662 = ORIENTED_EDGE('', *, *, #7513, .T.);
#12663 = ORIENTED_EDGE('', *, *, #7506, .T.);
#12664 = ORIENTED_EDGE('', *, *, #7514, .F.);
#12665 = ORIENTED_EDGE('', *, *, #7511, .F.);
#12666 = EDGE_LOOP('', (#12662, #12663, #12664, #12665));
#12667 = FACE_BOUND('', #12666, .T.);
#12668 = ADVANCED_FACE('', (#12667), #10104, .T.);
#12669 = ORIENTED_EDGE('', *, *, #7513, .F.);
#12670 = ORIENTED_EDGE('', *, *, #7510, .F.);
#12671 = ORIENTED_EDGE('', *, *, #7507, .F.);
#12672 = ORIENTED_EDGE('', *, *, #7503, .F.);
#12673 = ORIENTED_EDGE('', *, *, #7520, .T.);
#12674 = ORIENTED_EDGE('', *, *, #7519, .F.);
#12675 = ORIENTED_EDGE('', *, *, #7516, .F.);
#12676 = ORIENTED_EDGE('', *, *, #7515, .T.);
#12677 = EDGE_LOOP('', (#12669, #12670, #12671, #12672));
#12678 = FACE_BOUND('', #12677, .T.);
#12679 = EDGE_LOOP('', (#12673, #12674, #12675, #12676));
#12680 = FACE_BOUND('', #12679, .T.);
#12681 = ADVANCED_FACE('', (#12678, #12680), #10108, .F.);
#12682 = ORIENTED_EDGE('', *, *, #7505, .T.);
#12683 = ORIENTED_EDGE('', *, *, #7509, .T.);
#12684 = ORIENTED_EDGE('', *, *, #7512, .T.);
#12685 = ORIENTED_EDGE('', *, *, #7514, .T.);
#12686 = ORIENTED_EDGE('', *, *, #7517, .F.);
#12687 = ORIENTED_EDGE('', *, *, #7518, .T.);
#12688 = ORIENTED_EDGE('', *, *, #7521, .T.);
#12689 = ORIENTED_EDGE('', *, *, #7522, .F.);
#12690 = EDGE_LOOP('', (#12682, #12683, #12684, #12685));
#12691 = FACE_BOUND('', #12690, .T.);
#12692 = EDGE_LOOP('', (#12686, #12687, #12688, #12689));
#12693 = FACE_BOUND('', #12692, .T.);
#12694 = ADVANCED_FACE('', (#12691, #12693), #10112, .T.);
#12695 = ORIENTED_EDGE('', *, *, #7520, .F.);
#12696 = ORIENTED_EDGE('', *, *, #7515, .F.);
#12697 = ORIENTED_EDGE('', *, *, #7524, .T.);
#12698 = ORIENTED_EDGE('', *, *, #7517, .T.);
#12699 = ORIENTED_EDGE('', *, *, #7522, .T.);
#12700 = ORIENTED_EDGE('', *, *, #7523, .F.);
#12701 = EDGE_LOOP('', (#12695, #12696, #12697, #12698, #12699, #12700));
#12702 = FACE_BOUND('', #12701, .T.);
#12703 = ADVANCED_FACE('', (#12702), #10117, .F.);
#12704 = ORIENTED_EDGE('', *, *, #7521, .F.);
#12705 = ORIENTED_EDGE('', *, *, #7518, .F.);
#12706 = ORIENTED_EDGE('', *, *, #7524, .F.);
#12707 = ORIENTED_EDGE('', *, *, #7516, .T.);
#12708 = ORIENTED_EDGE('', *, *, #7519, .T.);
#12709 = ORIENTED_EDGE('', *, *, #7523, .T.);
#12710 = EDGE_LOOP('', (#12704, #12705, #12706, #12707, #12708, #12709));
#12711 = FACE_BOUND('', #12710, .T.);
#12712 = ADVANCED_FACE('', (#12711), #10117, .F.);
#12713 = ORIENTED_EDGE('', *, *, #7530, .T.);
#12714 = ORIENTED_EDGE('', *, *, #7527, .F.);
#12715 = ORIENTED_EDGE('', *, *, #7526, .F.);
#12716 = ORIENTED_EDGE('', *, *, #7525, .T.);
#12717 = EDGE_LOOP('', (#12713, #12714, #12715, #12716));
#12718 = FACE_BOUND('', #12717, .T.);
#12719 = ADVANCED_FACE('', (#12718), #10122, .T.);
#12720 = ORIENTED_EDGE('', *, *, #7528, .F.);
#12721 = ORIENTED_EDGE('', *, *, #7525, .F.);
#12722 = EDGE_LOOP('', (#12720, #12721));
#12723 = FACE_BOUND('', #12722, .T.);
#12724 = ADVANCED_FACE('', (#12723), #10126, .F.);
#12725 = ORIENTED_EDGE('', *, *, #7527, .T.);
#12726 = ORIENTED_EDGE('', *, *, #7529, .T.);
#12727 = ORIENTED_EDGE('', *, *, #7531, .F.);
#12728 = ORIENTED_EDGE('', *, *, #7537, .F.);
#12729 = ORIENTED_EDGE('', *, *, #7536, .F.);
#12730 = ORIENTED_EDGE('', *, *, #7538, .F.);
#12731 = EDGE_LOOP('', (#12725, #12726));
#12732 = FACE_BOUND('', #12731, .T.);
#12733 = EDGE_LOOP('', (#12727, #12728, #12729, #12730));
#12734 = FACE_BOUND('', #12733, .T.);
#12735 = ADVANCED_FACE('', (#12732, #12734), #10130, .T.);
#12736 = ORIENTED_EDGE('', *, *, #7530, .F.);
#12737 = ORIENTED_EDGE('', *, *, #7528, .T.);
#12738 = ORIENTED_EDGE('', *, *, #7526, .T.);
#12739 = ORIENTED_EDGE('', *, *, #7529, .F.);
#12740 = EDGE_LOOP('', (#12736, #12737, #12738, #12739));
#12741 = FACE_BOUND('', #12740, .T.);
#12742 = ADVANCED_FACE('', (#12741), #10122, .T.);
#12743 = ORIENTED_EDGE('', *, *, #7535, .T.);
#12744 = ORIENTED_EDGE('', *, *, #7533, .F.);
#12745 = ORIENTED_EDGE('', *, *, #7532, .F.);
#12746 = ORIENTED_EDGE('', *, *, #7531, .T.);
#12747 = ORIENTED_EDGE('', *, *, #7538, .T.);
#12748 = EDGE_LOOP('', (#12743, #12744, #12745, #12746, #12747));
#12749 = FACE_BOUND('', #12748, .T.);
#12750 = ADVANCED_FACE('', (#12749), #10135, .T.);
#12751 = ORIENTED_EDGE('', *, *, #7533, .T.);
#12752 = ORIENTED_EDGE('', *, *, #7534, .T.);
#12753 = EDGE_LOOP('', (#12751, #12752));
#12754 = FACE_BOUND('', #12753, .T.);
#12755 = ADVANCED_FACE('', (#12754), #10139, .T.);
#12756 = ORIENTED_EDGE('', *, *, #7535, .F.);
#12757 = ORIENTED_EDGE('', *, *, #7536, .T.);
#12758 = ORIENTED_EDGE('', *, *, #7537, .T.);
#12759 = ORIENTED_EDGE('', *, *, #7532, .T.);
#12760 = ORIENTED_EDGE('', *, *, #7534, .F.);
#12761 = EDGE_LOOP('', (#12756, #12757, #12758, #12759, #12760));
#12762 = FACE_BOUND('', #12761, .T.);
#12763 = ADVANCED_FACE('', (#12762), #10135, .T.);
#12764 = ORIENTED_EDGE('', *, *, #7544, .T.);
#12765 = ORIENTED_EDGE('', *, *, #7541, .F.);
#12766 = ORIENTED_EDGE('', *, *, #7540, .F.);
#12767 = ORIENTED_EDGE('', *, *, #7539, .T.);
#12768 = EDGE_LOOP('', (#12764, #12765, #12766, #12767));
#12769 = FACE_BOUND('', #12768, .T.);
#12770 = ADVANCED_FACE('', (#12769), #10144, .T.);
#12771 = ORIENTED_EDGE('', *, *, #7542, .F.);
#12772 = ORIENTED_EDGE('', *, *, #7539, .F.);
#12773 = EDGE_LOOP('', (#12771, #12772));
#12774 = FACE_BOUND('', #12773, .T.);
#12775 = ADVANCED_FACE('', (#12774), #10148, .F.);
#12776 = ORIENTED_EDGE('', *, *, #7541, .T.);
#12777 = ORIENTED_EDGE('', *, *, #7543, .T.);
#12778 = ORIENTED_EDGE('', *, *, #7547, .F.);
#12779 = ORIENTED_EDGE('', *, *, #7548, .T.);
#12780 = ORIENTED_EDGE('', *, *, #7549, .T.);
#12781 = ORIENTED_EDGE('', *, *, #7550, .F.);
#12782 = EDGE_LOOP('', (#12776, #12777));
#12783 = FACE_BOUND('', #12782, .T.);
#12784 = EDGE_LOOP('', (#12778, #12779, #12780, #12781));
#12785 = FACE_BOUND('', #12784, .T.);
#12786 = ADVANCED_FACE('', (#12783, #12785), #10152, .T.);
#12787 = ORIENTED_EDGE('', *, *, #7544, .F.);
#12788 = ORIENTED_EDGE('', *, *, #7542, .T.);
#12789 = ORIENTED_EDGE('', *, *, #7540, .T.);
#12790 = ORIENTED_EDGE('', *, *, #7543, .F.);
#12791 = EDGE_LOOP('', (#12787, #12788, #12789, #12790));
#12792 = FACE_BOUND('', #12791, .T.);
#12793 = ADVANCED_FACE('', (#12792), #10144, .T.);
#12794 = ORIENTED_EDGE('', *, *, #7545, .T.);
#12795 = ORIENTED_EDGE('', *, *, #7546, .T.);
#12796 = EDGE_LOOP('', (#12794, #12795));
#12797 = FACE_BOUND('', #12796, .T.);
#12798 = ADVANCED_FACE('', (#12797), #10161, .T.);
#12799 = ORIENTED_EDGE('', *, *, #7551, .F.);
#12800 = ORIENTED_EDGE('', *, *, #7549, .F.);
#12801 = ORIENTED_EDGE('', *, *, #7548, .F.);
#12802 = ORIENTED_EDGE('', *, *, #7552, .T.);
#12803 = ORIENTED_EDGE('', *, *, #7546, .F.);
#12804 = EDGE_LOOP('', (#12799, #12800, #12801, #12802, #12803));
#12805 = FACE_BOUND('', #12804, .T.);
#12806 = ADVANCED_FACE('', (#12805), #10157, .T.);
#12807 = ORIENTED_EDGE('', *, *, #7551, .T.);
#12808 = ORIENTED_EDGE('', *, *, #7545, .F.);
#12809 = ORIENTED_EDGE('', *, *, #7552, .F.);
#12810 = ORIENTED_EDGE('', *, *, #7547, .T.);
#12811 = ORIENTED_EDGE('', *, *, #7550, .T.);
#12812 = EDGE_LOOP('', (#12807, #12808, #12809, #12810, #12811));
#12813 = FACE_BOUND('', #12812, .T.);
#12814 = ADVANCED_FACE('', (#12813), #10157, .T.);
#12815 = ORIENTED_EDGE('', *, *, #7558, .T.);
#12816 = ORIENTED_EDGE('', *, *, #7555, .F.);
#12817 = ORIENTED_EDGE('', *, *, #7554, .F.);
#12818 = ORIENTED_EDGE('', *, *, #7553, .T.);
#12819 = EDGE_LOOP('', (#12815, #12816, #12817, #12818));
#12820 = FACE_BOUND('', #12819, .T.);
#12821 = ADVANCED_FACE('', (#12820), #10166, .T.);
#12822 = ORIENTED_EDGE('', *, *, #7556, .F.);
#12823 = ORIENTED_EDGE('', *, *, #7553, .F.);
#12824 = EDGE_LOOP('', (#12822, #12823));
#12825 = FACE_BOUND('', #12824, .T.);
#12826 = ADVANCED_FACE('', (#12825), #10170, .F.);
#12827 = ORIENTED_EDGE('', *, *, #7555, .T.);
#12828 = ORIENTED_EDGE('', *, *, #7557, .T.);
#12829 = ORIENTED_EDGE('', *, *, #7561, .F.);
#12830 = ORIENTED_EDGE('', *, *, #7562, .T.);
#12831 = ORIENTED_EDGE('', *, *, #7563, .T.);
#12832 = ORIENTED_EDGE('', *, *, #7564, .F.);
#12833 = EDGE_LOOP('', (#12827, #12828));
#12834 = FACE_BOUND('', #12833, .T.);
#12835 = EDGE_LOOP('', (#12829, #12830, #12831, #12832));
#12836 = FACE_BOUND('', #12835, .T.);
#12837 = ADVANCED_FACE('', (#12834, #12836), #10174, .T.);
#12838 = ORIENTED_EDGE('', *, *, #7558, .F.);
#12839 = ORIENTED_EDGE('', *, *, #7556, .T.);
#12840 = ORIENTED_EDGE('', *, *, #7554, .T.);
#12841 = ORIENTED_EDGE('', *, *, #7557, .F.);
#12842 = EDGE_LOOP('', (#12838, #12839, #12840, #12841));
#12843 = FACE_BOUND('', #12842, .T.);
#12844 = ADVANCED_FACE('', (#12843), #10166, .T.);
#12845 = ORIENTED_EDGE('', *, *, #7559, .T.);
#12846 = ORIENTED_EDGE('', *, *, #7560, .T.);
#12847 = EDGE_LOOP('', (#12845, #12846));
#12848 = FACE_BOUND('', #12847, .T.);
#12849 = ADVANCED_FACE('', (#12848), #10183, .T.);
#12850 = ORIENTED_EDGE('', *, *, #7565, .F.);
#12851 = ORIENTED_EDGE('', *, *, #7563, .F.);
#12852 = ORIENTED_EDGE('', *, *, #7562, .F.);
#12853 = ORIENTED_EDGE('', *, *, #7566, .T.);
#12854 = ORIENTED_EDGE('', *, *, #7560, .F.);
#12855 = EDGE_LOOP('', (#12850, #12851, #12852, #12853, #12854));
#12856 = FACE_BOUND('', #12855, .T.);
#12857 = ADVANCED_FACE('', (#12856), #10179, .T.);
#12858 = ORIENTED_EDGE('', *, *, #7565, .T.);
#12859 = ORIENTED_EDGE('', *, *, #7559, .F.);
#12860 = ORIENTED_EDGE('', *, *, #7566, .F.);
#12861 = ORIENTED_EDGE('', *, *, #7561, .T.);
#12862 = ORIENTED_EDGE('', *, *, #7564, .T.);
#12863 = EDGE_LOOP('', (#12858, #12859, #12860, #12861, #12862));
#12864 = FACE_BOUND('', #12863, .T.);
#12865 = ADVANCED_FACE('', (#12864), #10179, .T.);
#12866 = ORIENTED_EDGE('', *, *, #7572, .T.);
#12867 = ORIENTED_EDGE('', *, *, #7569, .F.);
#12868 = ORIENTED_EDGE('', *, *, #7568, .F.);
#12869 = ORIENTED_EDGE('', *, *, #7567, .T.);
#12870 = EDGE_LOOP('', (#12866, #12867, #12868, #12869));
#12871 = FACE_BOUND('', #12870, .T.);
#12872 = ADVANCED_FACE('', (#12871), #10188, .T.);
#12873 = ORIENTED_EDGE('', *, *, #7570, .F.);
#12874 = ORIENTED_EDGE('', *, *, #7567, .F.);
#12875 = EDGE_LOOP('', (#12873, #12874));
#12876 = FACE_BOUND('', #12875, .T.);
#12877 = ADVANCED_FACE('', (#12876), #10192, .F.);
#12878 = ORIENTED_EDGE('', *, *, #7569, .T.);
#12879 = ORIENTED_EDGE('', *, *, #7571, .T.);
#12880 = ORIENTED_EDGE('', *, *, #7575, .F.);
#12881 = ORIENTED_EDGE('', *, *, #7576, .T.);
#12882 = ORIENTED_EDGE('', *, *, #7577, .T.);
#12883 = ORIENTED_EDGE('', *, *, #7578, .F.);
#12884 = EDGE_LOOP('', (#12878, #12879));
#12885 = FACE_BOUND('', #12884, .T.);
#12886 = EDGE_LOOP('', (#12880, #12881, #12882, #12883));
#12887 = FACE_BOUND('', #12886, .T.);
#12888 = ADVANCED_FACE('', (#12885, #12887), #10196, .T.);
#12889 = ORIENTED_EDGE('', *, *, #7572, .F.);
#12890 = ORIENTED_EDGE('', *, *, #7570, .T.);
#12891 = ORIENTED_EDGE('', *, *, #7568, .T.);
#12892 = ORIENTED_EDGE('', *, *, #7571, .F.);
#12893 = EDGE_LOOP('', (#12889, #12890, #12891, #12892));
#12894 = FACE_BOUND('', #12893, .T.);
#12895 = ADVANCED_FACE('', (#12894), #10188, .T.);
#12896 = ORIENTED_EDGE('', *, *, #7573, .T.);
#12897 = ORIENTED_EDGE('', *, *, #7574, .T.);
#12898 = EDGE_LOOP('', (#12896, #12897));
#12899 = FACE_BOUND('', #12898, .T.);
#12900 = ADVANCED_FACE('', (#12899), #10205, .T.);
#12901 = ORIENTED_EDGE('', *, *, #7579, .F.);
#12902 = ORIENTED_EDGE('', *, *, #7577, .F.);
#12903 = ORIENTED_EDGE('', *, *, #7576, .F.);
#12904 = ORIENTED_EDGE('', *, *, #7580, .T.);
#12905 = ORIENTED_EDGE('', *, *, #7574, .F.);
#12906 = EDGE_LOOP('', (#12901, #12902, #12903, #12904, #12905));
#12907 = FACE_BOUND('', #12906, .T.);
#12908 = ADVANCED_FACE('', (#12907), #10201, .T.);
#12909 = ORIENTED_EDGE('', *, *, #7579, .T.);
#12910 = ORIENTED_EDGE('', *, *, #7573, .F.);
#12911 = ORIENTED_EDGE('', *, *, #7580, .F.);
#12912 = ORIENTED_EDGE('', *, *, #7575, .T.);
#12913 = ORIENTED_EDGE('', *, *, #7578, .T.);
#12914 = EDGE_LOOP('', (#12909, #12910, #12911, #12912, #12913));
#12915 = FACE_BOUND('', #12914, .T.);
#12916 = ADVANCED_FACE('', (#12915), #10201, .T.);
#12917 = ORIENTED_EDGE('', *, *, #7586, .T.);
#12918 = ORIENTED_EDGE('', *, *, #7583, .F.);
#12919 = ORIENTED_EDGE('', *, *, #7582, .F.);
#12920 = ORIENTED_EDGE('', *, *, #7581, .T.);
#12921 = EDGE_LOOP('', (#12917, #12918, #12919, #12920));
#12922 = FACE_BOUND('', #12921, .T.);
#12923 = ADVANCED_FACE('', (#12922), #10210, .T.);
#12924 = ORIENTED_EDGE('', *, *, #7584, .F.);
#12925 = ORIENTED_EDGE('', *, *, #7581, .F.);
#12926 = EDGE_LOOP('', (#12924, #12925));
#12927 = FACE_BOUND('', #12926, .T.);
#12928 = ADVANCED_FACE('', (#12927), #10214, .F.);
#12929 = ORIENTED_EDGE('', *, *, #7583, .T.);
#12930 = ORIENTED_EDGE('', *, *, #7585, .T.);
#12931 = ORIENTED_EDGE('', *, *, #7589, .F.);
#12932 = ORIENTED_EDGE('', *, *, #7590, .T.);
#12933 = ORIENTED_EDGE('', *, *, #7591, .T.);
#12934 = ORIENTED_EDGE('', *, *, #7592, .F.);
#12935 = EDGE_LOOP('', (#12929, #12930));
#12936 = FACE_BOUND('', #12935, .T.);
#12937 = EDGE_LOOP('', (#12931, #12932, #12933, #12934));
#12938 = FACE_BOUND('', #12937, .T.);
#12939 = ADVANCED_FACE('', (#12936, #12938), #10218, .T.);
#12940 = ORIENTED_EDGE('', *, *, #7586, .F.);
#12941 = ORIENTED_EDGE('', *, *, #7584, .T.);
#12942 = ORIENTED_EDGE('', *, *, #7582, .T.);
#12943 = ORIENTED_EDGE('', *, *, #7585, .F.);
#12944 = EDGE_LOOP('', (#12940, #12941, #12942, #12943));
#12945 = FACE_BOUND('', #12944, .T.);
#12946 = ADVANCED_FACE('', (#12945), #10210, .T.);
#12947 = ORIENTED_EDGE('', *, *, #7587, .T.);
#12948 = ORIENTED_EDGE('', *, *, #7588, .T.);
#12949 = EDGE_LOOP('', (#12947, #12948));
#12950 = FACE_BOUND('', #12949, .T.);
#12951 = ADVANCED_FACE('', (#12950), #10227, .T.);
#12952 = ORIENTED_EDGE('', *, *, #7593, .F.);
#12953 = ORIENTED_EDGE('', *, *, #7591, .F.);
#12954 = ORIENTED_EDGE('', *, *, #7590, .F.);
#12955 = ORIENTED_EDGE('', *, *, #7594, .T.);
#12956 = ORIENTED_EDGE('', *, *, #7588, .F.);
#12957 = EDGE_LOOP('', (#12952, #12953, #12954, #12955, #12956));
#12958 = FACE_BOUND('', #12957, .T.);
#12959 = ADVANCED_FACE('', (#12958), #10223, .T.);
#12960 = ORIENTED_EDGE('', *, *, #7593, .T.);
#12961 = ORIENTED_EDGE('', *, *, #7587, .F.);
#12962 = ORIENTED_EDGE('', *, *, #7594, .F.);
#12963 = ORIENTED_EDGE('', *, *, #7589, .T.);
#12964 = ORIENTED_EDGE('', *, *, #7592, .T.);
#12965 = EDGE_LOOP('', (#12960, #12961, #12962, #12963, #12964));
#12966 = FACE_BOUND('', #12965, .T.);
#12967 = ADVANCED_FACE('', (#12966), #10223, .T.);
#12968 = ORIENTED_EDGE('', *, *, #7600, .T.);
#12969 = ORIENTED_EDGE('', *, *, #7597, .F.);
#12970 = ORIENTED_EDGE('', *, *, #7596, .F.);
#12971 = ORIENTED_EDGE('', *, *, #7595, .T.);
#12972 = EDGE_LOOP('', (#12968, #12969, #12970, #12971));
#12973 = FACE_BOUND('', #12972, .T.);
#12974 = ADVANCED_FACE('', (#12973), #10232, .T.);
#12975 = ORIENTED_EDGE('', *, *, #7598, .F.);
#12976 = ORIENTED_EDGE('', *, *, #7595, .F.);
#12977 = ORIENTED_EDGE('', *, *, #7607, .F.);
#12978 = ORIENTED_EDGE('', *, *, #7606, .F.);
#12979 = ORIENTED_EDGE('', *, *, #7603, .T.);
#12980 = ORIENTED_EDGE('', *, *, #7608, .T.);
#12981 = EDGE_LOOP('', (#12975, #12976));
#12982 = FACE_BOUND('', #12981, .T.);
#12983 = EDGE_LOOP('', (#12977, #12978, #12979, #12980));
#12984 = FACE_BOUND('', #12983, .T.);
#12985 = ADVANCED_FACE('', (#12982, #12984), #10236, .F.);
#12986 = ORIENTED_EDGE('', *, *, #7597, .T.);
#12987 = ORIENTED_EDGE('', *, *, #7599, .T.);
#12988 = EDGE_LOOP('', (#12986, #12987));
#12989 = FACE_BOUND('', #12988, .T.);
#12990 = ADVANCED_FACE('', (#12989), #10240, .T.);
#12991 = ORIENTED_EDGE('', *, *, #7600, .F.);
#12992 = ORIENTED_EDGE('', *, *, #7598, .T.);
#12993 = ORIENTED_EDGE('', *, *, #7596, .T.);
#12994 = ORIENTED_EDGE('', *, *, #7599, .F.);
#12995 = EDGE_LOOP('', (#12991, #12992, #12993, #12994));
#12996 = FACE_BOUND('', #12995, .T.);
#12997 = ADVANCED_FACE('', (#12996), #10232, .T.);
#12998 = ORIENTED_EDGE('', *, *, #7605, .T.);
#12999 = ORIENTED_EDGE('', *, *, #7608, .F.);
#13000 = ORIENTED_EDGE('', *, *, #7603, .F.);
#13001 = ORIENTED_EDGE('', *, *, #7602, .F.);
#13002 = ORIENTED_EDGE('', *, *, #7601, .T.);
#13003 = EDGE_LOOP('', (#12998, #12999, #13000, #13001, #13002));
#13004 = FACE_BOUND('', #13003, .T.);
#13005 = ADVANCED_FACE('', (#13004), #10245, .T.);
#13006 = ORIENTED_EDGE('', *, *, #7604, .F.);
#13007 = ORIENTED_EDGE('', *, *, #7601, .F.);
#13008 = EDGE_LOOP('', (#13006, #13007));
#13009 = FACE_BOUND('', #13008, .T.);
#13010 = ADVANCED_FACE('', (#13009), #10249, .F.);
#13011 = ORIENTED_EDGE('', *, *, #7605, .F.);
#13012 = ORIENTED_EDGE('', *, *, #7604, .T.);
#13013 = ORIENTED_EDGE('', *, *, #7602, .T.);
#13014 = ORIENTED_EDGE('', *, *, #7606, .T.);
#13015 = ORIENTED_EDGE('', *, *, #7607, .T.);
#13016 = EDGE_LOOP('', (#13011, #13012, #13013, #13014, #13015));
#13017 = FACE_BOUND('', #13016, .T.);
#13018 = ADVANCED_FACE('', (#13017), #10245, .T.);
#13019 = ORIENTED_EDGE('', *, *, #7614, .T.);
#13020 = ORIENTED_EDGE('', *, *, #7611, .F.);
#13021 = ORIENTED_EDGE('', *, *, #7610, .F.);
#13022 = ORIENTED_EDGE('', *, *, #7609, .T.);
#13023 = EDGE_LOOP('', (#13019, #13020, #13021, #13022));
#13024 = FACE_BOUND('', #13023, .T.);
#13025 = ADVANCED_FACE('', (#13024), #10254, .T.);
#13026 = ORIENTED_EDGE('', *, *, #7612, .F.);
#13027 = ORIENTED_EDGE('', *, *, #7609, .F.);
#13028 = ORIENTED_EDGE('', *, *, #7621, .F.);
#13029 = ORIENTED_EDGE('', *, *, #7620, .F.);
#13030 = ORIENTED_EDGE('', *, *, #7617, .T.);
#13031 = ORIENTED_EDGE('', *, *, #7622, .T.);
#13032 = EDGE_LOOP('', (#13026, #13027));
#13033 = FACE_BOUND('', #13032, .T.);
#13034 = EDGE_LOOP('', (#13028, #13029, #13030, #13031));
#13035 = FACE_BOUND('', #13034, .T.);
#13036 = ADVANCED_FACE('', (#13033, #13035), #10258, .F.);
#13037 = ORIENTED_EDGE('', *, *, #7611, .T.);
#13038 = ORIENTED_EDGE('', *, *, #7613, .T.);
#13039 = EDGE_LOOP('', (#13037, #13038));
#13040 = FACE_BOUND('', #13039, .T.);
#13041 = ADVANCED_FACE('', (#13040), #10262, .T.);
#13042 = ORIENTED_EDGE('', *, *, #7614, .F.);
#13043 = ORIENTED_EDGE('', *, *, #7612, .T.);
#13044 = ORIENTED_EDGE('', *, *, #7610, .T.);
#13045 = ORIENTED_EDGE('', *, *, #7613, .F.);
#13046 = EDGE_LOOP('', (#13042, #13043, #13044, #13045));
#13047 = FACE_BOUND('', #13046, .T.);
#13048 = ADVANCED_FACE('', (#13047), #10254, .T.);
#13049 = ORIENTED_EDGE('', *, *, #7619, .T.);
#13050 = ORIENTED_EDGE('', *, *, #7622, .F.);
#13051 = ORIENTED_EDGE('', *, *, #7617, .F.);
#13052 = ORIENTED_EDGE('', *, *, #7616, .F.);
#13053 = ORIENTED_EDGE('', *, *, #7615, .T.);
#13054 = EDGE_LOOP('', (#13049, #13050, #13051, #13052, #13053));
#13055 = FACE_BOUND('', #13054, .T.);
#13056 = ADVANCED_FACE('', (#13055), #10267, .T.);
#13057 = ORIENTED_EDGE('', *, *, #7618, .F.);
#13058 = ORIENTED_EDGE('', *, *, #7615, .F.);
#13059 = EDGE_LOOP('', (#13057, #13058));
#13060 = FACE_BOUND('', #13059, .T.);
#13061 = ADVANCED_FACE('', (#13060), #10271, .F.);
#13062 = ORIENTED_EDGE('', *, *, #7619, .F.);
#13063 = ORIENTED_EDGE('', *, *, #7618, .T.);
#13064 = ORIENTED_EDGE('', *, *, #7616, .T.);
#13065 = ORIENTED_EDGE('', *, *, #7620, .T.);
#13066 = ORIENTED_EDGE('', *, *, #7621, .T.);
#13067 = EDGE_LOOP('', (#13062, #13063, #13064, #13065, #13066));
#13068 = FACE_BOUND('', #13067, .T.);
#13069 = ADVANCED_FACE('', (#13068), #10267, .T.);
#13070 = ORIENTED_EDGE('', *, *, #7623, .T.);
#13071 = ORIENTED_EDGE('', *, *, #7624, .T.);
#13072 = ORIENTED_EDGE('', *, *, #7625, .F.);
#13073 = ORIENTED_EDGE('', *, *, #7626, .F.);
#13074 = EDGE_LOOP('', (#13070, #13071, #13072, #13073));
#13075 = FACE_BOUND('', #13074, .T.);
#13076 = ADVANCED_FACE('', (#13075), #10275, .T.);
#13077 = ORIENTED_EDGE('', *, *, #7627, .T.);
#13078 = ORIENTED_EDGE('', *, *, #7628, .T.);
#13079 = ORIENTED_EDGE('', *, *, #7629, .F.);
#13080 = ORIENTED_EDGE('', *, *, #7624, .F.);
#13081 = EDGE_LOOP('', (#13077, #13078, #13079, #13080));
#13082 = FACE_BOUND('', #13081, .T.);
#13083 = ADVANCED_FACE('', (#13082), #10279, .T.);
#13084 = ORIENTED_EDGE('', *, *, #7630, .T.);
#13085 = ORIENTED_EDGE('', *, *, #7631, .T.);
#13086 = ORIENTED_EDGE('', *, *, #7632, .F.);
#13087 = ORIENTED_EDGE('', *, *, #7628, .F.);
#13088 = EDGE_LOOP('', (#13084, #13085, #13086, #13087));
#13089 = FACE_BOUND('', #13088, .T.);
#13090 = ADVANCED_FACE('', (#13089), #10283, .T.);
#13091 = ORIENTED_EDGE('', *, *, #7633, .T.);
#13092 = ORIENTED_EDGE('', *, *, #7626, .T.);
#13093 = ORIENTED_EDGE('', *, *, #7634, .F.);
#13094 = ORIENTED_EDGE('', *, *, #7631, .F.);
#13095 = EDGE_LOOP('', (#13091, #13092, #13093, #13094));
#13096 = FACE_BOUND('', #13095, .T.);
#13097 = ADVANCED_FACE('', (#13096), #10287, .T.);
#13098 = ORIENTED_EDGE('', *, *, #7633, .F.);
#13099 = ORIENTED_EDGE('', *, *, #7630, .F.);
#13100 = ORIENTED_EDGE('', *, *, #7627, .F.);
#13101 = ORIENTED_EDGE('', *, *, #7623, .F.);
#13102 = EDGE_LOOP('', (#13098, #13099, #13100, #13101));
#13103 = FACE_BOUND('', #13102, .T.);
#13104 = ADVANCED_FACE('', (#13103), #10291, .F.);
#13105 = ORIENTED_EDGE('', *, *, #7625, .T.);
#13106 = ORIENTED_EDGE('', *, *, #7629, .T.);
#13107 = ORIENTED_EDGE('', *, *, #7632, .T.);
#13108 = ORIENTED_EDGE('', *, *, #7634, .T.);
#13109 = ORIENTED_EDGE('', *, *, #7635, .F.);
#13110 = ORIENTED_EDGE('', *, *, #7641, .F.);
#13111 = ORIENTED_EDGE('', *, *, #7640, .F.);
#13112 = ORIENTED_EDGE('', *, *, #7642, .F.);
#13113 = EDGE_LOOP('', (#13105, #13106, #13107, #13108));
#13114 = FACE_BOUND('', #13113, .T.);
#13115 = EDGE_LOOP('', (#13109, #13110, #13111, #13112));
#13116 = FACE_BOUND('', #13115, .T.);
#13117 = ADVANCED_FACE('', (#13114, #13116), #10295, .T.);
#13118 = ORIENTED_EDGE('', *, *, #7639, .T.);
#13119 = ORIENTED_EDGE('', *, *, #7637, .F.);
#13120 = ORIENTED_EDGE('', *, *, #7636, .F.);
#13121 = ORIENTED_EDGE('', *, *, #7635, .T.);
#13122 = ORIENTED_EDGE('', *, *, #7642, .T.);
#13123 = EDGE_LOOP('', (#13118, #13119, #13120, #13121, #13122));
#13124 = FACE_BOUND('', #13123, .T.);
#13125 = ADVANCED_FACE('', (#13124), #10300, .T.);
#13126 = ORIENTED_EDGE('', *, *, #7637, .T.);
#13127 = ORIENTED_EDGE('', *, *, #7638, .T.);
#13128 = EDGE_LOOP('', (#13126, #13127));
#13129 = FACE_BOUND('', #13128, .T.);
#13130 = ADVANCED_FACE('', (#13129), #10304, .T.);
#13131 = ORIENTED_EDGE('', *, *, #7639, .F.);
#13132 = ORIENTED_EDGE('', *, *, #7640, .T.);
#13133 = ORIENTED_EDGE('', *, *, #7641, .T.);
#13134 = ORIENTED_EDGE('', *, *, #7636, .T.);
#13135 = ORIENTED_EDGE('', *, *, #7638, .F.);
#13136 = EDGE_LOOP('', (#13131, #13132, #13133, #13134, #13135));
#13137 = FACE_BOUND('', #13136, .T.);
#13138 = ADVANCED_FACE('', (#13137), #10300, .T.);
#13139 = ORIENTED_EDGE('', *, *, #7643, .T.);
#13140 = ORIENTED_EDGE('', *, *, #7644, .T.);
#13141 = ORIENTED_EDGE('', *, *, #7645, .F.);
#13142 = ORIENTED_EDGE('', *, *, #7646, .F.);
#13143 = EDGE_LOOP('', (#13139, #13140, #13141, #13142));
#13144 = FACE_BOUND('', #13143, .T.);
#13145 = ADVANCED_FACE('', (#13144), #10308, .T.);
#13146 = ORIENTED_EDGE('', *, *, #7647, .T.);
#13147 = ORIENTED_EDGE('', *, *, #7667, .F.);
#13148 = ORIENTED_EDGE('', *, *, #7649, .F.);
#13149 = ORIENTED_EDGE('', *, *, #7644, .F.);
#13150 = EDGE_LOOP('', (#13146, #13147, #13148, #13149));
#13151 = FACE_BOUND('', #13150, .T.);
#13152 = ADVANCED_FACE('', (#13151), #10312, .T.);
#13153 = ORIENTED_EDGE('', *, *, #7650, .T.);
#13154 = ORIENTED_EDGE('', *, *, #7651, .T.);
#13155 = ORIENTED_EDGE('', *, *, #7652, .F.);
#13156 = ORIENTED_EDGE('', *, *, #7648, .F.);
#13157 = EDGE_LOOP('', (#13153, #13154, #13155, #13156));
#13158 = FACE_BOUND('', #13157, .T.);
#13159 = ADVANCED_FACE('', (#13158), #10316, .T.);
#13160 = ORIENTED_EDGE('', *, *, #7653, .T.);
#13161 = ORIENTED_EDGE('', *, *, #7670, .F.);
#13162 = ORIENTED_EDGE('', *, *, #7654, .F.);
#13163 = ORIENTED_EDGE('', *, *, #7651, .F.);
#13164 = EDGE_LOOP('', (#13160, #13161, #13162, #13163));
#13165 = FACE_BOUND('', #13164, .T.);
#13166 = ADVANCED_FACE('', (#13165), #10320, .T.);
#13167 = ORIENTED_EDGE('', *, *, #7680, .F.);
#13168 = ORIENTED_EDGE('', *, *, #7673, .T.);
#13169 = ORIENTED_EDGE('', *, *, #7647, .F.);
#13170 = ORIENTED_EDGE('', *, *, #7643, .F.);
#13171 = EDGE_LOOP('', (#13167, #13168, #13169, #13170));
#13172 = FACE_BOUND('', #13171, .T.);
#13173 = ADVANCED_FACE('', (#13172), #10324, .F.);
#13174 = ORIENTED_EDGE('', *, *, #7645, .T.);
#13175 = ORIENTED_EDGE('', *, *, #7649, .T.);
#13176 = ORIENTED_EDGE('', *, *, #7675, .F.);
#13177 = ORIENTED_EDGE('', *, *, #7679, .T.);
#13178 = EDGE_LOOP('', (#13174, #13175, #13176, #13177));
#13179 = FACE_BOUND('', #13178, .T.);
#13180 = ADVANCED_FACE('', (#13179), #10328, .T.);
#13181 = ORIENTED_EDGE('', *, *, #7655, .T.);
#13182 = ORIENTED_EDGE('', *, *, #7669, .T.);
#13183 = ORIENTED_EDGE('', *, *, #7657, .F.);
#13184 = ORIENTED_EDGE('', *, *, #7658, .F.);
#13185 = EDGE_LOOP('', (#13181, #13182, #13183, #13184));
#13186 = FACE_BOUND('', #13185, .T.);
#13187 = ADVANCED_FACE('', (#13186), #10332, .T.);
#13188 = ORIENTED_EDGE('', *, *, #7659, .T.);
#13189 = ORIENTED_EDGE('', *, *, #7660, .T.);
#13190 = ORIENTED_EDGE('', *, *, #7661, .F.);
#13191 = ORIENTED_EDGE('', *, *, #7656, .F.);
#13192 = EDGE_LOOP('', (#13188, #13189, #13190, #13191));
#13193 = FACE_BOUND('', #13192, .T.);
#13194 = ADVANCED_FACE('', (#13193), #10336, .T.);
#13195 = ORIENTED_EDGE('', *, *, #7662, .T.);
#13196 = ORIENTED_EDGE('', *, *, #7668, .T.);
#13197 = ORIENTED_EDGE('', *, *, #7664, .F.);
#13198 = ORIENTED_EDGE('', *, *, #7660, .F.);
#13199 = EDGE_LOOP('', (#13195, #13196, #13197, #13198));
#13200 = FACE_BOUND('', #13199, .T.);
#13201 = ADVANCED_FACE('', (#13200), #10340, .T.);
#13202 = ORIENTED_EDGE('', *, *, #7665, .T.);
#13203 = ORIENTED_EDGE('', *, *, #7658, .T.);
#13204 = ORIENTED_EDGE('', *, *, #7666, .F.);
#13205 = ORIENTED_EDGE('', *, *, #7663, .F.);
#13206 = EDGE_LOOP('', (#13202, #13203, #13204, #13205));
#13207 = FACE_BOUND('', #13206, .T.);
#13208 = ADVANCED_FACE('', (#13207), #10344, .T.);
#13209 = ORIENTED_EDGE('', *, *, #7665, .F.);
#13210 = ORIENTED_EDGE('', *, *, #7677, .F.);
#13211 = ORIENTED_EDGE('', *, *, #7671, .T.);
#13212 = ORIENTED_EDGE('', *, *, #7655, .F.);
#13213 = EDGE_LOOP('', (#13209, #13210, #13211, #13212));
#13214 = FACE_BOUND('', #13213, .T.);
#13215 = ADVANCED_FACE('', (#13214), #10348, .F.);
#13216 = ORIENTED_EDGE('', *, *, #7657, .T.);
#13217 = ORIENTED_EDGE('', *, *, #7672, .F.);
#13218 = ORIENTED_EDGE('', *, *, #7678, .T.);
#13219 = ORIENTED_EDGE('', *, *, #7666, .T.);
#13220 = EDGE_LOOP('', (#13216, #13217, #13218, #13219));
#13221 = FACE_BOUND('', #13220, .T.);
#13222 = ADVANCED_FACE('', (#13221), #10352, .T.);
#13223 = ORIENTED_EDGE('', *, *, #7681, .T.);
#13224 = ORIENTED_EDGE('', *, *, #7652, .T.);
#13225 = ORIENTED_EDGE('', *, *, #7654, .T.);
#13226 = ORIENTED_EDGE('', *, *, #7676, .F.);
#13227 = EDGE_LOOP('', (#13223, #13224, #13225, #13226));
#13228 = FACE_BOUND('', #13227, .T.);
#13229 = ADVANCED_FACE('', (#13228), #10328, .T.);
#13230 = ORIENTED_EDGE('', *, *, #7674, .T.);
#13231 = ORIENTED_EDGE('', *, *, #7653, .F.);
#13232 = ORIENTED_EDGE('', *, *, #7650, .F.);
#13233 = ORIENTED_EDGE('', *, *, #7682, .F.);
#13234 = EDGE_LOOP('', (#13230, #13231, #13232, #13233));
#13235 = FACE_BOUND('', #13234, .T.);
#13236 = ADVANCED_FACE('', (#13235), #10324, .F.);
#13237 = ORIENTED_EDGE('', *, *, #7680, .T.);
#13238 = ORIENTED_EDGE('', *, *, #7646, .T.);
#13239 = ORIENTED_EDGE('', *, *, #7679, .F.);
#13240 = ORIENTED_EDGE('', *, *, #7669, .F.);
#13241 = EDGE_LOOP('', (#13237, #13238, #13239, #13240));
#13242 = FACE_BOUND('', #13241, .T.);
#13243 = ADVANCED_FACE('', (#13242), #10320, .T.);
#13244 = ORIENTED_EDGE('', *, *, #7684, .T.);
#13245 = ORIENTED_EDGE('', *, *, #7661, .T.);
#13246 = ORIENTED_EDGE('', *, *, #7664, .T.);
#13247 = ORIENTED_EDGE('', *, *, #7676, .T.);
#13248 = ORIENTED_EDGE('', *, *, #7672, .T.);
#13249 = ORIENTED_EDGE('', *, *, #7675, .T.);
#13250 = EDGE_LOOP('', (#13244, #13245, #13246, #13247, #13248, #13249));
#13251 = FACE_BOUND('', #13250, .T.);
#13252 = ADVANCED_FACE('', (#13251), #10352, .T.);
#13253 = ORIENTED_EDGE('', *, *, #7673, .F.);
#13254 = ORIENTED_EDGE('', *, *, #7671, .F.);
#13255 = ORIENTED_EDGE('', *, *, #7674, .F.);
#13256 = ORIENTED_EDGE('', *, *, #7662, .F.);
#13257 = ORIENTED_EDGE('', *, *, #7659, .F.);
#13258 = ORIENTED_EDGE('', *, *, #7683, .F.);
#13259 = EDGE_LOOP('', (#13253, #13254, #13255, #13256, #13257, #13258));
#13260 = FACE_BOUND('', #13259, .T.);
#13261 = ADVANCED_FACE('', (#13260), #10348, .F.);
#13262 = ORIENTED_EDGE('', *, *, #7677, .T.);
#13263 = ORIENTED_EDGE('', *, *, #7663, .T.);
#13264 = ORIENTED_EDGE('', *, *, #7678, .F.);
#13265 = ORIENTED_EDGE('', *, *, #7670, .T.);
#13266 = EDGE_LOOP('', (#13262, #13263, #13264, #13265));
#13267 = FACE_BOUND('', #13266, .T.);
#13268 = ADVANCED_FACE('', (#13267), #10340, .T.);
#13269 = ORIENTED_EDGE('', *, *, #7683, .T.);
#13270 = ORIENTED_EDGE('', *, *, #7656, .T.);
#13271 = ORIENTED_EDGE('', *, *, #7684, .F.);
#13272 = ORIENTED_EDGE('', *, *, #7667, .T.);
#13273 = EDGE_LOOP('', (#13269, #13270, #13271, #13272));
#13274 = FACE_BOUND('', #13273, .T.);
#13275 = ADVANCED_FACE('', (#13274), #10332, .T.);
#13276 = ORIENTED_EDGE('', *, *, #7682, .T.);
#13277 = ORIENTED_EDGE('', *, *, #7648, .T.);
#13278 = ORIENTED_EDGE('', *, *, #7681, .F.);
#13279 = ORIENTED_EDGE('', *, *, #7668, .F.);
#13280 = EDGE_LOOP('', (#13276, #13277, #13278, #13279));
#13281 = FACE_BOUND('', #13280, .T.);
#13282 = ADVANCED_FACE('', (#13281), #10312, .T.);
#13283 = ORIENTED_EDGE('', *, *, #7685, .T.);
#13284 = ORIENTED_EDGE('', *, *, #7686, .T.);
#13285 = ORIENTED_EDGE('', *, *, #7687, .F.);
#13286 = ORIENTED_EDGE('', *, *, #7688, .F.);
#13287 = EDGE_LOOP('', (#13283, #13284, #13285, #13286));
#13288 = FACE_BOUND('', #13287, .T.);
#13289 = ADVANCED_FACE('', (#13288), #10356, .T.);
#13290 = ORIENTED_EDGE('', *, *, #7689, .T.);
#13291 = ORIENTED_EDGE('', *, *, #7690, .T.);
#13292 = ORIENTED_EDGE('', *, *, #7691, .F.);
#13293 = ORIENTED_EDGE('', *, *, #7686, .F.);
#13294 = EDGE_LOOP('', (#13290, #13291, #13292, #13293));
#13295 = FACE_BOUND('', #13294, .T.);
#13296 = ADVANCED_FACE('', (#13295), #10360, .T.);
#13297 = ORIENTED_EDGE('', *, *, #7692, .T.);
#13298 = ORIENTED_EDGE('', *, *, #7693, .T.);
#13299 = ORIENTED_EDGE('', *, *, #7694, .F.);
#13300 = ORIENTED_EDGE('', *, *, #7690, .F.);
#13301 = EDGE_LOOP('', (#13297, #13298, #13299, #13300));
#13302 = FACE_BOUND('', #13301, .T.);
#13303 = ADVANCED_FACE('', (#13302), #10364, .T.);
#13304 = ORIENTED_EDGE('', *, *, #7695, .T.);
#13305 = ORIENTED_EDGE('', *, *, #7688, .T.);
#13306 = ORIENTED_EDGE('', *, *, #7696, .F.);
#13307 = ORIENTED_EDGE('', *, *, #7693, .F.);
#13308 = EDGE_LOOP('', (#13304, #13305, #13306, #13307));
#13309 = FACE_BOUND('', #13308, .T.);
#13310 = ADVANCED_FACE('', (#13309), #10368, .T.);
#13311 = ORIENTED_EDGE('', *, *, #7695, .F.);
#13312 = ORIENTED_EDGE('', *, *, #7692, .F.);
#13313 = ORIENTED_EDGE('', *, *, #7689, .F.);
#13314 = ORIENTED_EDGE('', *, *, #7685, .F.);
#13315 = EDGE_LOOP('', (#13311, #13312, #13313, #13314));
#13316 = FACE_BOUND('', #13315, .T.);
#13317 = ADVANCED_FACE('', (#13316), #10372, .F.);
#13318 = ORIENTED_EDGE('', *, *, #7687, .T.);
#13319 = ORIENTED_EDGE('', *, *, #7691, .T.);
#13320 = ORIENTED_EDGE('', *, *, #7694, .T.);
#13321 = ORIENTED_EDGE('', *, *, #7696, .T.);
#13322 = ORIENTED_EDGE('', *, *, #7697, .F.);
#13323 = ORIENTED_EDGE('', *, *, #7707, .F.);
#13324 = ORIENTED_EDGE('', *, *, #7704, .F.);
#13325 = ORIENTED_EDGE('', *, *, #7701, .F.);
#13326 = EDGE_LOOP('', (#13318, #13319, #13320, #13321));
#13327 = FACE_BOUND('', #13326, .T.);
#13328 = EDGE_LOOP('', (#13322, #13323, #13324, #13325));
#13329 = FACE_BOUND('', #13328, .T.);
#13330 = ADVANCED_FACE('', (#13327, #13329), #10376, .T.);
#13331 = ORIENTED_EDGE('', *, *, #7697, .T.);
#13332 = ORIENTED_EDGE('', *, *, #7698, .T.);
#13333 = ORIENTED_EDGE('', *, *, #7699, .F.);
#13334 = ORIENTED_EDGE('', *, *, #7700, .F.);
#13335 = EDGE_LOOP('', (#13331, #13332, #13333, #13334));
#13336 = FACE_BOUND('', #13335, .T.);
#13337 = ADVANCED_FACE('', (#13336), #10380, .T.);
#13338 = ORIENTED_EDGE('', *, *, #7701, .T.);
#13339 = ORIENTED_EDGE('', *, *, #7702, .T.);
#13340 = ORIENTED_EDGE('', *, *, #7703, .F.);
#13341 = ORIENTED_EDGE('', *, *, #7698, .F.);
#13342 = EDGE_LOOP('', (#13338, #13339, #13340, #13341));
#13343 = FACE_BOUND('', #13342, .T.);
#13344 = ADVANCED_FACE('', (#13343), #10384, .T.);
#13345 = ORIENTED_EDGE('', *, *, #7704, .T.);
#13346 = ORIENTED_EDGE('', *, *, #7705, .T.);
#13347 = ORIENTED_EDGE('', *, *, #7706, .F.);
#13348 = ORIENTED_EDGE('', *, *, #7702, .F.);
#13349 = EDGE_LOOP('', (#13345, #13346, #13347, #13348));
#13350 = FACE_BOUND('', #13349, .T.);
#13351 = ADVANCED_FACE('', (#13350), #10388, .T.);
#13352 = ORIENTED_EDGE('', *, *, #7707, .T.);
#13353 = ORIENTED_EDGE('', *, *, #7700, .T.);
#13354 = ORIENTED_EDGE('', *, *, #7708, .F.);
#13355 = ORIENTED_EDGE('', *, *, #7705, .F.);
#13356 = EDGE_LOOP('', (#13352, #13353, #13354, #13355));
#13357 = FACE_BOUND('', #13356, .T.);
#13358 = ADVANCED_FACE('', (#13357), #10392, .T.);
#13359 = ORIENTED_EDGE('', *, *, #7699, .T.);
#13360 = ORIENTED_EDGE('', *, *, #7703, .T.);
#13361 = ORIENTED_EDGE('', *, *, #7706, .T.);
#13362 = ORIENTED_EDGE('', *, *, #7708, .T.);
#13363 = ORIENTED_EDGE('', *, *, #7709, .F.);
#13364 = ORIENTED_EDGE('', *, *, #7715, .F.);
#13365 = ORIENTED_EDGE('', *, *, #7714, .F.);
#13366 = ORIENTED_EDGE('', *, *, #7716, .F.);
#13367 = EDGE_LOOP('', (#13359, #13360, #13361, #13362));
#13368 = FACE_BOUND('', #13367, .T.);
#13369 = EDGE_LOOP('', (#13363, #13364, #13365, #13366));
#13370 = FACE_BOUND('', #13369, .T.);
#13371 = ADVANCED_FACE('', (#13368, #13370), #10396, .T.);
#13372 = ORIENTED_EDGE('', *, *, #7713, .T.);
#13373 = ORIENTED_EDGE('', *, *, #7711, .F.);
#13374 = ORIENTED_EDGE('', *, *, #7710, .F.);
#13375 = ORIENTED_EDGE('', *, *, #7709, .T.);
#13376 = ORIENTED_EDGE('', *, *, #7716, .T.);
#13377 = EDGE_LOOP('', (#13372, #13373, #13374, #13375, #13376));
#13378 = FACE_BOUND('', #13377, .T.);
#13379 = ADVANCED_FACE('', (#13378), #10401, .T.);
#13380 = ORIENTED_EDGE('', *, *, #7711, .T.);
#13381 = ORIENTED_EDGE('', *, *, #7712, .T.);
#13382 = EDGE_LOOP('', (#13380, #13381));
#13383 = FACE_BOUND('', #13382, .T.);
#13384 = ADVANCED_FACE('', (#13383), #10405, .T.);
#13385 = ORIENTED_EDGE('', *, *, #7713, .F.);
#13386 = ORIENTED_EDGE('', *, *, #7714, .T.);
#13387 = ORIENTED_EDGE('', *, *, #7715, .T.);
#13388 = ORIENTED_EDGE('', *, *, #7710, .T.);
#13389 = ORIENTED_EDGE('', *, *, #7712, .F.);
#13390 = EDGE_LOOP('', (#13385, #13386, #13387, #13388, #13389));
#13391 = FACE_BOUND('', #13390, .T.);
#13392 = ADVANCED_FACE('', (#13391), #10401, .T.);
#13393 = ORIENTED_EDGE('', *, *, #7717, .T.);
#13394 = ORIENTED_EDGE('', *, *, #7718, .T.);
#13395 = ORIENTED_EDGE('', *, *, #7719, .F.);
#13396 = ORIENTED_EDGE('', *, *, #7720, .F.);
#13397 = EDGE_LOOP('', (#13393, #13394, #13395, #13396));
#13398 = FACE_BOUND('', #13397, .T.);
#13399 = ADVANCED_FACE('', (#13398), #10409, .T.);
#13400 = ORIENTED_EDGE('', *, *, #7721, .T.);
#13401 = ORIENTED_EDGE('', *, *, #7722, .T.);
#13402 = ORIENTED_EDGE('', *, *, #7723, .F.);
#13403 = ORIENTED_EDGE('', *, *, #7718, .F.);
#13404 = EDGE_LOOP('', (#13400, #13401, #13402, #13403));
#13405 = FACE_BOUND('', #13404, .T.);
#13406 = ADVANCED_FACE('', (#13405), #10413, .T.);
#13407 = ORIENTED_EDGE('', *, *, #7724, .T.);
#13408 = ORIENTED_EDGE('', *, *, #7725, .T.);
#13409 = ORIENTED_EDGE('', *, *, #7726, .F.);
#13410 = ORIENTED_EDGE('', *, *, #7722, .F.);
#13411 = EDGE_LOOP('', (#13407, #13408, #13409, #13410));
#13412 = FACE_BOUND('', #13411, .T.);
#13413 = ADVANCED_FACE('', (#13412), #10417, .T.);
#13414 = ORIENTED_EDGE('', *, *, #7727, .T.);
#13415 = ORIENTED_EDGE('', *, *, #7720, .T.);
#13416 = ORIENTED_EDGE('', *, *, #7728, .F.);
#13417 = ORIENTED_EDGE('', *, *, #7725, .F.);
#13418 = EDGE_LOOP('', (#13414, #13415, #13416, #13417));
#13419 = FACE_BOUND('', #13418, .T.);
#13420 = ADVANCED_FACE('', (#13419), #10421, .T.);
#13421 = ORIENTED_EDGE('', *, *, #7727, .F.);
#13422 = ORIENTED_EDGE('', *, *, #7724, .F.);
#13423 = ORIENTED_EDGE('', *, *, #7721, .F.);
#13424 = ORIENTED_EDGE('', *, *, #7717, .F.);
#13425 = EDGE_LOOP('', (#13421, #13422, #13423, #13424));
#13426 = FACE_BOUND('', #13425, .T.);
#13427 = ADVANCED_FACE('', (#13426), #10425, .F.);
#13428 = ORIENTED_EDGE('', *, *, #7719, .T.);
#13429 = ORIENTED_EDGE('', *, *, #7723, .T.);
#13430 = ORIENTED_EDGE('', *, *, #7726, .T.);
#13431 = ORIENTED_EDGE('', *, *, #7728, .T.);
#13432 = ORIENTED_EDGE('', *, *, #7729, .F.);
#13433 = ORIENTED_EDGE('', *, *, #7735, .F.);
#13434 = ORIENTED_EDGE('', *, *, #7734, .F.);
#13435 = ORIENTED_EDGE('', *, *, #7736, .F.);
#13436 = ORIENTED_EDGE('', *, *, #7737, .F.);
#13437 = ORIENTED_EDGE('', *, *, #7743, .F.);
#13438 = ORIENTED_EDGE('', *, *, #7742, .F.);
#13439 = ORIENTED_EDGE('', *, *, #7744, .F.);
#13440 = EDGE_LOOP('', (#13428, #13429, #13430, #13431));
#13441 = FACE_BOUND('', #13440, .T.);
#13442 = EDGE_LOOP('', (#13432, #13433, #13434, #13435));
#13443 = FACE_BOUND('', #13442, .T.);
#13444 = EDGE_LOOP('', (#13436, #13437, #13438, #13439));
#13445 = FACE_BOUND('', #13444, .T.);
#13446 = ADVANCED_FACE('', (#13441, #13443, #13445), #10429, .T.);
#13447 = ORIENTED_EDGE('', *, *, #7733, .T.);
#13448 = ORIENTED_EDGE('', *, *, #7731, .F.);
#13449 = ORIENTED_EDGE('', *, *, #7730, .F.);
#13450 = ORIENTED_EDGE('', *, *, #7729, .T.);
#13451 = ORIENTED_EDGE('', *, *, #7736, .T.);
#13452 = EDGE_LOOP('', (#13447, #13448, #13449, #13450, #13451));
#13453 = FACE_BOUND('', #13452, .T.);
#13454 = ADVANCED_FACE('', (#13453), #10434, .T.);
#13455 = ORIENTED_EDGE('', *, *, #7731, .T.);
#13456 = ORIENTED_EDGE('', *, *, #7732, .T.);
#13457 = EDGE_LOOP('', (#13455, #13456));
#13458 = FACE_BOUND('', #13457, .T.);
#13459 = ADVANCED_FACE('', (#13458), #10438, .T.);
#13460 = ORIENTED_EDGE('', *, *, #7733, .F.);
#13461 = ORIENTED_EDGE('', *, *, #7734, .T.);
#13462 = ORIENTED_EDGE('', *, *, #7735, .T.);
#13463 = ORIENTED_EDGE('', *, *, #7730, .T.);
#13464 = ORIENTED_EDGE('', *, *, #7732, .F.);
#13465 = EDGE_LOOP('', (#13460, #13461, #13462, #13463, #13464));
#13466 = FACE_BOUND('', #13465, .T.);
#13467 = ADVANCED_FACE('', (#13466), #10434, .T.);
#13468 = ORIENTED_EDGE('', *, *, #7741, .T.);
#13469 = ORIENTED_EDGE('', *, *, #7739, .F.);
#13470 = ORIENTED_EDGE('', *, *, #7738, .F.);
#13471 = ORIENTED_EDGE('', *, *, #7737, .T.);
#13472 = ORIENTED_EDGE('', *, *, #7744, .T.);
#13473 = EDGE_LOOP('', (#13468, #13469, #13470, #13471, #13472));
#13474 = FACE_BOUND('', #13473, .T.);
#13475 = ADVANCED_FACE('', (#13474), #10443, .T.);
#13476 = ORIENTED_EDGE('', *, *, #7739, .T.);
#13477 = ORIENTED_EDGE('', *, *, #7740, .T.);
#13478 = EDGE_LOOP('', (#13476, #13477));
#13479 = FACE_BOUND('', #13478, .T.);
#13480 = ADVANCED_FACE('', (#13479), #10447, .T.);
#13481 = ORIENTED_EDGE('', *, *, #7741, .F.);
#13482 = ORIENTED_EDGE('', *, *, #7742, .T.);
#13483 = ORIENTED_EDGE('', *, *, #7743, .T.);
#13484 = ORIENTED_EDGE('', *, *, #7738, .T.);
#13485 = ORIENTED_EDGE('', *, *, #7740, .F.);
#13486 = EDGE_LOOP('', (#13481, #13482, #13483, #13484, #13485));
#13487 = FACE_BOUND('', #13486, .T.);
#13488 = ADVANCED_FACE('', (#13487), #10443, .T.);
#13489 = ORIENTED_EDGE('', *, *, #7745, .T.);
#13490 = ORIENTED_EDGE('', *, *, #7746, .T.);
#13491 = ORIENTED_EDGE('', *, *, #7747, .F.);
#13492 = ORIENTED_EDGE('', *, *, #7748, .F.);
#13493 = EDGE_LOOP('', (#13489, #13490, #13491, #13492));
#13494 = FACE_BOUND('', #13493, .T.);
#13495 = ADVANCED_FACE('', (#13494), #10451, .T.);
#13496 = ORIENTED_EDGE('', *, *, #7749, .T.);
#13497 = ORIENTED_EDGE('', *, *, #7750, .T.);
#13498 = ORIENTED_EDGE('', *, *, #7751, .F.);
#13499 = ORIENTED_EDGE('', *, *, #7746, .F.);
#13500 = EDGE_LOOP('', (#13496, #13497, #13498, #13499));
#13501 = FACE_BOUND('', #13500, .T.);
#13502 = ADVANCED_FACE('', (#13501), #10455, .T.);
#13503 = ORIENTED_EDGE('', *, *, #7752, .T.);
#13504 = ORIENTED_EDGE('', *, *, #7753, .T.);
#13505 = ORIENTED_EDGE('', *, *, #7754, .F.);
#13506 = ORIENTED_EDGE('', *, *, #7750, .F.);
#13507 = EDGE_LOOP('', (#13503, #13504, #13505, #13506));
#13508 = FACE_BOUND('', #13507, .T.);
#13509 = ADVANCED_FACE('', (#13508), #10459, .T.);
#13510 = ORIENTED_EDGE('', *, *, #7755, .T.);
#13511 = ORIENTED_EDGE('', *, *, #7748, .T.);
#13512 = ORIENTED_EDGE('', *, *, #7756, .F.);
#13513 = ORIENTED_EDGE('', *, *, #7753, .F.);
#13514 = EDGE_LOOP('', (#13510, #13511, #13512, #13513));
#13515 = FACE_BOUND('', #13514, .T.);
#13516 = ADVANCED_FACE('', (#13515), #10463, .T.);
#13517 = ORIENTED_EDGE('', *, *, #7755, .F.);
#13518 = ORIENTED_EDGE('', *, *, #7752, .F.);
#13519 = ORIENTED_EDGE('', *, *, #7749, .F.);
#13520 = ORIENTED_EDGE('', *, *, #7745, .F.);
#13521 = ORIENTED_EDGE('', *, *, #7762, .T.);
#13522 = ORIENTED_EDGE('', *, *, #7761, .F.);
#13523 = ORIENTED_EDGE('', *, *, #7758, .F.);
#13524 = ORIENTED_EDGE('', *, *, #7757, .T.);
#13525 = ORIENTED_EDGE('', *, *, #7772, .T.);
#13526 = ORIENTED_EDGE('', *, *, #7771, .F.);
#13527 = ORIENTED_EDGE('', *, *, #7768, .F.);
#13528 = ORIENTED_EDGE('', *, *, #7767, .T.);
#13529 = ORIENTED_EDGE('', *, *, #7782, .T.);
#13530 = ORIENTED_EDGE('', *, *, #7781, .F.);
#13531 = ORIENTED_EDGE('', *, *, #7778, .F.);
#13532 = ORIENTED_EDGE('', *, *, #7777, .T.);
#13533 = ORIENTED_EDGE('', *, *, #7792, .T.);
#13534 = ORIENTED_EDGE('', *, *, #7791, .F.);
#13535 = ORIENTED_EDGE('', *, *, #7788, .F.);
#13536 = ORIENTED_EDGE('', *, *, #7787, .T.);
#13537 = ORIENTED_EDGE('', *, *, #7802, .T.);
#13538 = ORIENTED_EDGE('', *, *, #7801, .F.);
#13539 = ORIENTED_EDGE('', *, *, #7798, .F.);
#13540 = ORIENTED_EDGE('', *, *, #7797, .T.);
#13541 = ORIENTED_EDGE('', *, *, #7812, .T.);
#13542 = ORIENTED_EDGE('', *, *, #7811, .F.);
#13543 = ORIENTED_EDGE('', *, *, #7808, .F.);
#13544 = ORIENTED_EDGE('', *, *, #7807, .T.);
#13545 = EDGE_LOOP('', (#13517, #13518, #13519, #13520));
#13546 = FACE_BOUND('', #13545, .T.);
#13547 = EDGE_LOOP('', (#13521, #13522, #13523, #13524));
#13548 = FACE_BOUND('', #13547, .T.);
#13549 = EDGE_LOOP('', (#13525, #13526, #13527, #13528));
#13550 = FACE_BOUND('', #13549, .T.);
#13551 = EDGE_LOOP('', (#13529, #13530, #13531, #13532));
#13552 = FACE_BOUND('', #13551, .T.);
#13553 = EDGE_LOOP('', (#13533, #13534, #13535, #13536));
#13554 = FACE_BOUND('', #13553, .T.);
#13555 = EDGE_LOOP('', (#13537, #13538, #13539, #13540));
#13556 = FACE_BOUND('', #13555, .T.);
#13557 = EDGE_LOOP('', (#13541, #13542, #13543, #13544));
#13558 = FACE_BOUND('', #13557, .T.);
#13559 = ADVANCED_FACE('', (#13546, #13548, #13550, #13552, #13554, #13556, #13558), #10467, .F.);
#13560 = ORIENTED_EDGE('', *, *, #7747, .T.);
#13561 = ORIENTED_EDGE('', *, *, #7751, .T.);
#13562 = ORIENTED_EDGE('', *, *, #7754, .T.);
#13563 = ORIENTED_EDGE('', *, *, #7756, .T.);
#13564 = ORIENTED_EDGE('', *, *, #7759, .F.);
#13565 = ORIENTED_EDGE('', *, *, #7760, .T.);
#13566 = ORIENTED_EDGE('', *, *, #7763, .T.);
#13567 = ORIENTED_EDGE('', *, *, #7764, .F.);
#13568 = ORIENTED_EDGE('', *, *, #7769, .F.);
#13569 = ORIENTED_EDGE('', *, *, #7770, .T.);
#13570 = ORIENTED_EDGE('', *, *, #7773, .T.);
#13571 = ORIENTED_EDGE('', *, *, #7774, .F.);
#13572 = ORIENTED_EDGE('', *, *, #7779, .F.);
#13573 = ORIENTED_EDGE('', *, *, #7780, .T.);
#13574 = ORIENTED_EDGE('', *, *, #7783, .T.);
#13575 = ORIENTED_EDGE('', *, *, #7784, .F.);
#13576 = ORIENTED_EDGE('', *, *, #7789, .F.);
#13577 = ORIENTED_EDGE('', *, *, #7790, .T.);
#13578 = ORIENTED_EDGE('', *, *, #7793, .T.);
#13579 = ORIENTED_EDGE('', *, *, #7794, .F.);
#13580 = ORIENTED_EDGE('', *, *, #7799, .F.);
#13581 = ORIENTED_EDGE('', *, *, #7800, .T.);
#13582 = ORIENTED_EDGE('', *, *, #7803, .T.);
#13583 = ORIENTED_EDGE('', *, *, #7804, .F.);
#13584 = ORIENTED_EDGE('', *, *, #7809, .F.);
#13585 = ORIENTED_EDGE('', *, *, #7810, .T.);
#13586 = ORIENTED_EDGE('', *, *, #7813, .T.);
#13587 = ORIENTED_EDGE('', *, *, #7814, .F.);
#13588 = EDGE_LOOP('', (#13560, #13561, #13562, #13563));
#13589 = FACE_BOUND('', #13588, .T.);
#13590 = EDGE_LOOP('', (#13564, #13565, #13566, #13567));
#13591 = FACE_BOUND('', #13590, .T.);
#13592 = EDGE_LOOP('', (#13568, #13569, #13570, #13571));
#13593 = FACE_BOUND('', #13592, .T.);
#13594 = EDGE_LOOP('', (#13572, #13573, #13574, #13575));
#13595 = FACE_BOUND('', #13594, .T.);
#13596 = EDGE_LOOP('', (#13576, #13577, #13578, #13579));
#13597 = FACE_BOUND('', #13596, .T.);
#13598 = EDGE_LOOP('', (#13580, #13581, #13582, #13583));
#13599 = FACE_BOUND('', #13598, .T.);
#13600 = EDGE_LOOP('', (#13584, #13585, #13586, #13587));
#13601 = FACE_BOUND('', #13600, .T.);
#13602 = ADVANCED_FACE('', (#13589, #13591, #13593, #13595, #13597, #13599, #13601), #10471, .T.);
#13603 = ORIENTED_EDGE('', *, *, #7762, .F.);
#13604 = ORIENTED_EDGE('', *, *, #7757, .F.);
#13605 = ORIENTED_EDGE('', *, *, #7766, .T.);
#13606 = ORIENTED_EDGE('', *, *, #7759, .T.);
#13607 = ORIENTED_EDGE('', *, *, #7764, .T.);
#13608 = ORIENTED_EDGE('', *, *, #7765, .F.);
#13609 = EDGE_LOOP('', (#13603, #13604, #13605, #13606, #13607, #13608));
#13610 = FACE_BOUND('', #13609, .T.);
#13611 = ADVANCED_FACE('', (#13610), #10476, .F.);
#13612 = ORIENTED_EDGE('', *, *, #7763, .F.);
#13613 = ORIENTED_EDGE('', *, *, #7760, .F.);
#13614 = ORIENTED_EDGE('', *, *, #7766, .F.);
#13615 = ORIENTED_EDGE('', *, *, #7758, .T.);
#13616 = ORIENTED_EDGE('', *, *, #7761, .T.);
#13617 = ORIENTED_EDGE('', *, *, #7765, .T.);
#13618 = EDGE_LOOP('', (#13612, #13613, #13614, #13615, #13616, #13617));
#13619 = FACE_BOUND('', #13618, .T.);
#13620 = ADVANCED_FACE('', (#13619), #10476, .F.);
#13621 = ORIENTED_EDGE('', *, *, #7772, .F.);
#13622 = ORIENTED_EDGE('', *, *, #7767, .F.);
#13623 = ORIENTED_EDGE('', *, *, #7776, .T.);
#13624 = ORIENTED_EDGE('', *, *, #7769, .T.);
#13625 = ORIENTED_EDGE('', *, *, #7774, .T.);
#13626 = ORIENTED_EDGE('', *, *, #7775, .F.);
#13627 = EDGE_LOOP('', (#13621, #13622, #13623, #13624, #13625, #13626));
#13628 = FACE_BOUND('', #13627, .T.);
#13629 = ADVANCED_FACE('', (#13628), #10481, .F.);
#13630 = ORIENTED_EDGE('', *, *, #7773, .F.);
#13631 = ORIENTED_EDGE('', *, *, #7770, .F.);
#13632 = ORIENTED_EDGE('', *, *, #7776, .F.);
#13633 = ORIENTED_EDGE('', *, *, #7768, .T.);
#13634 = ORIENTED_EDGE('', *, *, #7771, .T.);
#13635 = ORIENTED_EDGE('', *, *, #7775, .T.);
#13636 = EDGE_LOOP('', (#13630, #13631, #13632, #13633, #13634, #13635));
#13637 = FACE_BOUND('', #13636, .T.);
#13638 = ADVANCED_FACE('', (#13637), #10481, .F.);
#13639 = ORIENTED_EDGE('', *, *, #7782, .F.);
#13640 = ORIENTED_EDGE('', *, *, #7777, .F.);
#13641 = ORIENTED_EDGE('', *, *, #7786, .T.);
#13642 = ORIENTED_EDGE('', *, *, #7779, .T.);
#13643 = ORIENTED_EDGE('', *, *, #7784, .T.);
#13644 = ORIENTED_EDGE('', *, *, #7785, .F.);
#13645 = EDGE_LOOP('', (#13639, #13640, #13641, #13642, #13643, #13644));
#13646 = FACE_BOUND('', #13645, .T.);
#13647 = ADVANCED_FACE('', (#13646), #10486, .F.);
#13648 = ORIENTED_EDGE('', *, *, #7783, .F.);
#13649 = ORIENTED_EDGE('', *, *, #7780, .F.);
#13650 = ORIENTED_EDGE('', *, *, #7786, .F.);
#13651 = ORIENTED_EDGE('', *, *, #7778, .T.);
#13652 = ORIENTED_EDGE('', *, *, #7781, .T.);
#13653 = ORIENTED_EDGE('', *, *, #7785, .T.);
#13654 = EDGE_LOOP('', (#13648, #13649, #13650, #13651, #13652, #13653));
#13655 = FACE_BOUND('', #13654, .T.);
#13656 = ADVANCED_FACE('', (#13655), #10486, .F.);
#13657 = ORIENTED_EDGE('', *, *, #7792, .F.);
#13658 = ORIENTED_EDGE('', *, *, #7787, .F.);
#13659 = ORIENTED_EDGE('', *, *, #7796, .T.);
#13660 = ORIENTED_EDGE('', *, *, #7789, .T.);
#13661 = ORIENTED_EDGE('', *, *, #7794, .T.);
#13662 = ORIENTED_EDGE('', *, *, #7795, .F.);
#13663 = EDGE_LOOP('', (#13657, #13658, #13659, #13660, #13661, #13662));
#13664 = FACE_BOUND('', #13663, .T.);
#13665 = ADVANCED_FACE('', (#13664), #10491, .F.);
#13666 = ORIENTED_EDGE('', *, *, #7793, .F.);
#13667 = ORIENTED_EDGE('', *, *, #7790, .F.);
#13668 = ORIENTED_EDGE('', *, *, #7796, .F.);
#13669 = ORIENTED_EDGE('', *, *, #7788, .T.);
#13670 = ORIENTED_EDGE('', *, *, #7791, .T.);
#13671 = ORIENTED_EDGE('', *, *, #7795, .T.);
#13672 = EDGE_LOOP('', (#13666, #13667, #13668, #13669, #13670, #13671));
#13673 = FACE_BOUND('', #13672, .T.);
#13674 = ADVANCED_FACE('', (#13673), #10491, .F.);
#13675 = ORIENTED_EDGE('', *, *, #7802, .F.);
#13676 = ORIENTED_EDGE('', *, *, #7797, .F.);
#13677 = ORIENTED_EDGE('', *, *, #7806, .T.);
#13678 = ORIENTED_EDGE('', *, *, #7799, .T.);
#13679 = ORIENTED_EDGE('', *, *, #7804, .T.);
#13680 = ORIENTED_EDGE('', *, *, #7805, .F.);
#13681 = EDGE_LOOP('', (#13675, #13676, #13677, #13678, #13679, #13680));
#13682 = FACE_BOUND('', #13681, .T.);
#13683 = ADVANCED_FACE('', (#13682), #10496, .F.);
#13684 = ORIENTED_EDGE('', *, *, #7803, .F.);
#13685 = ORIENTED_EDGE('', *, *, #7800, .F.);
#13686 = ORIENTED_EDGE('', *, *, #7806, .F.);
#13687 = ORIENTED_EDGE('', *, *, #7798, .T.);
#13688 = ORIENTED_EDGE('', *, *, #7801, .T.);
#13689 = ORIENTED_EDGE('', *, *, #7805, .T.);
#13690 = EDGE_LOOP('', (#13684, #13685, #13686, #13687, #13688, #13689));
#13691 = FACE_BOUND('', #13690, .T.);
#13692 = ADVANCED_FACE('', (#13691), #10496, .F.);
#13693 = ORIENTED_EDGE('', *, *, #7812, .F.);
#13694 = ORIENTED_EDGE('', *, *, #7807, .F.);
#13695 = ORIENTED_EDGE('', *, *, #7816, .T.);
#13696 = ORIENTED_EDGE('', *, *, #7809, .T.);
#13697 = ORIENTED_EDGE('', *, *, #7814, .T.);
#13698 = ORIENTED_EDGE('', *, *, #7815, .F.);
#13699 = EDGE_LOOP('', (#13693, #13694, #13695, #13696, #13697, #13698));
#13700 = FACE_BOUND('', #13699, .T.);
#13701 = ADVANCED_FACE('', (#13700), #10501, .F.);
#13702 = ORIENTED_EDGE('', *, *, #7813, .F.);
#13703 = ORIENTED_EDGE('', *, *, #7810, .F.);
#13704 = ORIENTED_EDGE('', *, *, #7816, .F.);
#13705 = ORIENTED_EDGE('', *, *, #7808, .T.);
#13706 = ORIENTED_EDGE('', *, *, #7811, .T.);
#13707 = ORIENTED_EDGE('', *, *, #7815, .T.);
#13708 = EDGE_LOOP('', (#13702, #13703, #13704, #13705, #13706, #13707));
#13709 = FACE_BOUND('', #13708, .T.);
#13710 = ADVANCED_FACE('', (#13709), #10501, .F.);
#13711 = ORIENTED_EDGE('', *, *, #7817, .T.);
#13712 = ORIENTED_EDGE('', *, *, #7818, .T.);
#13713 = ORIENTED_EDGE('', *, *, #7819, .F.);
#13714 = ORIENTED_EDGE('', *, *, #7820, .F.);
#13715 = EDGE_LOOP('', (#13711, #13712, #13713, #13714));
#13716 = FACE_BOUND('', #13715, .T.);
#13717 = ADVANCED_FACE('', (#13716), #10505, .T.);
#13718 = ORIENTED_EDGE('', *, *, #7821, .T.);
#13719 = ORIENTED_EDGE('', *, *, #7822, .T.);
#13720 = ORIENTED_EDGE('', *, *, #7823, .F.);
#13721 = ORIENTED_EDGE('', *, *, #7818, .F.);
#13722 = EDGE_LOOP('', (#13718, #13719, #13720, #13721));
#13723 = FACE_BOUND('', #13722, .T.);
#13724 = ADVANCED_FACE('', (#13723), #10509, .T.);
#13725 = ORIENTED_EDGE('', *, *, #7824, .T.);
#13726 = ORIENTED_EDGE('', *, *, #7825, .T.);
#13727 = ORIENTED_EDGE('', *, *, #7826, .F.);
#13728 = ORIENTED_EDGE('', *, *, #7822, .F.);
#13729 = EDGE_LOOP('', (#13725, #13726, #13727, #13728));
#13730 = FACE_BOUND('', #13729, .T.);
#13731 = ADVANCED_FACE('', (#13730), #10513, .T.);
#13732 = ORIENTED_EDGE('', *, *, #7827, .T.);
#13733 = ORIENTED_EDGE('', *, *, #7820, .T.);
#13734 = ORIENTED_EDGE('', *, *, #7828, .F.);
#13735 = ORIENTED_EDGE('', *, *, #7825, .F.);
#13736 = EDGE_LOOP('', (#13732, #13733, #13734, #13735));
#13737 = FACE_BOUND('', #13736, .T.);
#13738 = ADVANCED_FACE('', (#13737), #10517, .T.);
#13739 = ORIENTED_EDGE('', *, *, #7827, .F.);
#13740 = ORIENTED_EDGE('', *, *, #7824, .F.);
#13741 = ORIENTED_EDGE('', *, *, #7821, .F.);
#13742 = ORIENTED_EDGE('', *, *, #7817, .F.);
#13743 = ORIENTED_EDGE('', *, *, #7834, .T.);
#13744 = ORIENTED_EDGE('', *, *, #7833, .F.);
#13745 = ORIENTED_EDGE('', *, *, #7830, .F.);
#13746 = ORIENTED_EDGE('', *, *, #7829, .T.);
#13747 = ORIENTED_EDGE('', *, *, #7844, .T.);
#13748 = ORIENTED_EDGE('', *, *, #7843, .F.);
#13749 = ORIENTED_EDGE('', *, *, #7840, .F.);
#13750 = ORIENTED_EDGE('', *, *, #7839, .T.);
#13751 = ORIENTED_EDGE('', *, *, #7854, .T.);
#13752 = ORIENTED_EDGE('', *, *, #7853, .F.);
#13753 = ORIENTED_EDGE('', *, *, #7850, .F.);
#13754 = ORIENTED_EDGE('', *, *, #7849, .T.);
#13755 = ORIENTED_EDGE('', *, *, #7864, .T.);
#13756 = ORIENTED_EDGE('', *, *, #7863, .F.);
#13757 = ORIENTED_EDGE('', *, *, #7860, .F.);
#13758 = ORIENTED_EDGE('', *, *, #7859, .T.);
#13759 = ORIENTED_EDGE('', *, *, #7874, .T.);
#13760 = ORIENTED_EDGE('', *, *, #7873, .F.);
#13761 = ORIENTED_EDGE('', *, *, #7870, .F.);
#13762 = ORIENTED_EDGE('', *, *, #7869, .T.);
#13763 = ORIENTED_EDGE('', *, *, #7884, .T.);
#13764 = ORIENTED_EDGE('', *, *, #7883, .F.);
#13765 = ORIENTED_EDGE('', *, *, #7880, .F.);
#13766 = ORIENTED_EDGE('', *, *, #7879, .T.);
#13767 = ORIENTED_EDGE('', *, *, #7894, .T.);
#13768 = ORIENTED_EDGE('', *, *, #7893, .F.);
#13769 = ORIENTED_EDGE('', *, *, #7890, .F.);
#13770 = ORIENTED_EDGE('', *, *, #7889, .T.);
#13771 = ORIENTED_EDGE('', *, *, #7904, .T.);
#13772 = ORIENTED_EDGE('', *, *, #7903, .F.);
#13773 = ORIENTED_EDGE('', *, *, #7900, .F.);
#13774 = ORIENTED_EDGE('', *, *, #7899, .T.);
#13775 = ORIENTED_EDGE('', *, *, #7914, .T.);
#13776 = ORIENTED_EDGE('', *, *, #7913, .F.);
#13777 = ORIENTED_EDGE('', *, *, #7910, .F.);
#13778 = ORIENTED_EDGE('', *, *, #7909, .T.);
#13779 = EDGE_LOOP('', (#13739, #13740, #13741, #13742));
#13780 = FACE_BOUND('', #13779, .T.);
#13781 = EDGE_LOOP('', (#13743, #13744, #13745, #13746));
#13782 = FACE_BOUND('', #13781, .T.);
#13783 = EDGE_LOOP('', (#13747, #13748, #13749, #13750));
#13784 = FACE_BOUND('', #13783, .T.);
#13785 = EDGE_LOOP('', (#13751, #13752, #13753, #13754));
#13786 = FACE_BOUND('', #13785, .T.);
#13787 = EDGE_LOOP('', (#13755, #13756, #13757, #13758));
#13788 = FACE_BOUND('', #13787, .T.);
#13789 = EDGE_LOOP('', (#13759, #13760, #13761, #13762));
#13790 = FACE_BOUND('', #13789, .T.);
#13791 = EDGE_LOOP('', (#13763, #13764, #13765, #13766));
#13792 = FACE_BOUND('', #13791, .T.);
#13793 = EDGE_LOOP('', (#13767, #13768, #13769, #13770));
#13794 = FACE_BOUND('', #13793, .T.);
#13795 = EDGE_LOOP('', (#13771, #13772, #13773, #13774));
#13796 = FACE_BOUND('', #13795, .T.);
#13797 = EDGE_LOOP('', (#13775, #13776, #13777, #13778));
#13798 = FACE_BOUND('', #13797, .T.);
#13799 = ADVANCED_FACE('', (#13780, #13782, #13784, #13786, #13788, #13790, #13792, #13794, #13796, #13798), #10521, .F.);
#13800 = ORIENTED_EDGE('', *, *, #7819, .T.);
#13801 = ORIENTED_EDGE('', *, *, #7823, .T.);
#13802 = ORIENTED_EDGE('', *, *, #7826, .T.);
#13803 = ORIENTED_EDGE('', *, *, #7828, .T.);
#13804 = ORIENTED_EDGE('', *, *, #7831, .F.);
#13805 = ORIENTED_EDGE('', *, *, #7832, .T.);
#13806 = ORIENTED_EDGE('', *, *, #7835, .T.);
#13807 = ORIENTED_EDGE('', *, *, #7836, .F.);
#13808 = ORIENTED_EDGE('', *, *, #7841, .F.);
#13809 = ORIENTED_EDGE('', *, *, #7842, .T.);
#13810 = ORIENTED_EDGE('', *, *, #7845, .T.);
#13811 = ORIENTED_EDGE('', *, *, #7846, .F.);
#13812 = ORIENTED_EDGE('', *, *, #7851, .F.);
#13813 = ORIENTED_EDGE('', *, *, #7852, .T.);
#13814 = ORIENTED_EDGE('', *, *, #7855, .T.);
#13815 = ORIENTED_EDGE('', *, *, #7856, .F.);
#13816 = ORIENTED_EDGE('', *, *, #7861, .F.);
#13817 = ORIENTED_EDGE('', *, *, #7862, .T.);
#13818 = ORIENTED_EDGE('', *, *, #7865, .T.);
#13819 = ORIENTED_EDGE('', *, *, #7866, .F.);
#13820 = ORIENTED_EDGE('', *, *, #7871, .F.);
#13821 = ORIENTED_EDGE('', *, *, #7872, .T.);
#13822 = ORIENTED_EDGE('', *, *, #7875, .T.);
#13823 = ORIENTED_EDGE('', *, *, #7876, .F.);
#13824 = ORIENTED_EDGE('', *, *, #7881, .F.);
#13825 = ORIENTED_EDGE('', *, *, #7882, .T.);
#13826 = ORIENTED_EDGE('', *, *, #7885, .T.);
#13827 = ORIENTED_EDGE('', *, *, #7886, .F.);
#13828 = ORIENTED_EDGE('', *, *, #7891, .F.);
#13829 = ORIENTED_EDGE('', *, *, #7892, .T.);
#13830 = ORIENTED_EDGE('', *, *, #7895, .T.);
#13831 = ORIENTED_EDGE('', *, *, #7896, .F.);
#13832 = ORIENTED_EDGE('', *, *, #7901, .F.);
#13833 = ORIENTED_EDGE('', *, *, #7902, .T.);
#13834 = ORIENTED_EDGE('', *, *, #7905, .T.);
#13835 = ORIENTED_EDGE('', *, *, #7906, .F.);
#13836 = ORIENTED_EDGE('', *, *, #7911, .F.);
#13837 = ORIENTED_EDGE('', *, *, #7912, .T.);
#13838 = ORIENTED_EDGE('', *, *, #7915, .T.);
#13839 = ORIENTED_EDGE('', *, *, #7916, .F.);
#13840 = EDGE_LOOP('', (#13800, #13801, #13802, #13803));
#13841 = FACE_BOUND('', #13840, .T.);
#13842 = EDGE_LOOP('', (#13804, #13805, #13806, #13807));
#13843 = FACE_BOUND('', #13842, .T.);
#13844 = EDGE_LOOP('', (#13808, #13809, #13810, #13811));
#13845 = FACE_BOUND('', #13844, .T.);
#13846 = EDGE_LOOP('', (#13812, #13813, #13814, #13815));
#13847 = FACE_BOUND('', #13846, .T.);
#13848 = EDGE_LOOP('', (#13816, #13817, #13818, #13819));
#13849 = FACE_BOUND('', #13848, .T.);
#13850 = EDGE_LOOP('', (#13820, #13821, #13822, #13823));
#13851 = FACE_BOUND('', #13850, .T.);
#13852 = EDGE_LOOP('', (#13824, #13825, #13826, #13827));
#13853 = FACE_BOUND('', #13852, .T.);
#13854 = EDGE_LOOP('', (#13828, #13829, #13830, #13831));
#13855 = FACE_BOUND('', #13854, .T.);
#13856 = EDGE_LOOP('', (#13832, #13833, #13834, #13835));
#13857 = FACE_BOUND('', #13856, .T.);
#13858 = EDGE_LOOP('', (#13836, #13837, #13838, #13839));
#13859 = FACE_BOUND('', #13858, .T.);
#13860 = ADVANCED_FACE('', (#13841, #13843, #13845, #13847, #13849, #13851, #13853, #13855, #13857, #13859), #10525, .T.);
#13861 = ORIENTED_EDGE('', *, *, #7834, .F.);
#13862 = ORIENTED_EDGE('', *, *, #7829, .F.);
#13863 = ORIENTED_EDGE('', *, *, #7838, .T.);
#13864 = ORIENTED_EDGE('', *, *, #7831, .T.);
#13865 = ORIENTED_EDGE('', *, *, #7836, .T.);
#13866 = ORIENTED_EDGE('', *, *, #7837, .F.);
#13867 = EDGE_LOOP('', (#13861, #13862, #13863, #13864, #13865, #13866));
#13868 = FACE_BOUND('', #13867, .T.);
#13869 = ADVANCED_FACE('', (#13868), #10530, .F.);
#13870 = ORIENTED_EDGE('', *, *, #7835, .F.);
#13871 = ORIENTED_EDGE('', *, *, #7832, .F.);
#13872 = ORIENTED_EDGE('', *, *, #7838, .F.);
#13873 = ORIENTED_EDGE('', *, *, #7830, .T.);
#13874 = ORIENTED_EDGE('', *, *, #7833, .T.);
#13875 = ORIENTED_EDGE('', *, *, #7837, .T.);
#13876 = EDGE_LOOP('', (#13870, #13871, #13872, #13873, #13874, #13875));
#13877 = FACE_BOUND('', #13876, .T.);
#13878 = ADVANCED_FACE('', (#13877), #10530, .F.);
#13879 = ORIENTED_EDGE('', *, *, #7844, .F.);
#13880 = ORIENTED_EDGE('', *, *, #7839, .F.);
#13881 = ORIENTED_EDGE('', *, *, #7848, .T.);
#13882 = ORIENTED_EDGE('', *, *, #7841, .T.);
#13883 = ORIENTED_EDGE('', *, *, #7846, .T.);
#13884 = ORIENTED_EDGE('', *, *, #7847, .F.);
#13885 = EDGE_LOOP('', (#13879, #13880, #13881, #13882, #13883, #13884));
#13886 = FACE_BOUND('', #13885, .T.);
#13887 = ADVANCED_FACE('', (#13886), #10535, .F.);
#13888 = ORIENTED_EDGE('', *, *, #7845, .F.);
#13889 = ORIENTED_EDGE('', *, *, #7842, .F.);
#13890 = ORIENTED_EDGE('', *, *, #7848, .F.);
#13891 = ORIENTED_EDGE('', *, *, #7840, .T.);
#13892 = ORIENTED_EDGE('', *, *, #7843, .T.);
#13893 = ORIENTED_EDGE('', *, *, #7847, .T.);
#13894 = EDGE_LOOP('', (#13888, #13889, #13890, #13891, #13892, #13893));
#13895 = FACE_BOUND('', #13894, .T.);
#13896 = ADVANCED_FACE('', (#13895), #10535, .F.);
#13897 = ORIENTED_EDGE('', *, *, #7854, .F.);
#13898 = ORIENTED_EDGE('', *, *, #7849, .F.);
#13899 = ORIENTED_EDGE('', *, *, #7858, .T.);
#13900 = ORIENTED_EDGE('', *, *, #7851, .T.);
#13901 = ORIENTED_EDGE('', *, *, #7856, .T.);
#13902 = ORIENTED_EDGE('', *, *, #7857, .F.);
#13903 = EDGE_LOOP('', (#13897, #13898, #13899, #13900, #13901, #13902));
#13904 = FACE_BOUND('', #13903, .T.);
#13905 = ADVANCED_FACE('', (#13904), #10540, .F.);
#13906 = ORIENTED_EDGE('', *, *, #7855, .F.);
#13907 = ORIENTED_EDGE('', *, *, #7852, .F.);
#13908 = ORIENTED_EDGE('', *, *, #7858, .F.);
#13909 = ORIENTED_EDGE('', *, *, #7850, .T.);
#13910 = ORIENTED_EDGE('', *, *, #7853, .T.);
#13911 = ORIENTED_EDGE('', *, *, #7857, .T.);
#13912 = EDGE_LOOP('', (#13906, #13907, #13908, #13909, #13910, #13911));
#13913 = FACE_BOUND('', #13912, .T.);
#13914 = ADVANCED_FACE('', (#13913), #10540, .F.);
#13915 = ORIENTED_EDGE('', *, *, #7864, .F.);
#13916 = ORIENTED_EDGE('', *, *, #7859, .F.);
#13917 = ORIENTED_EDGE('', *, *, #7868, .T.);
#13918 = ORIENTED_EDGE('', *, *, #7861, .T.);
#13919 = ORIENTED_EDGE('', *, *, #7866, .T.);
#13920 = ORIENTED_EDGE('', *, *, #7867, .F.);
#13921 = EDGE_LOOP('', (#13915, #13916, #13917, #13918, #13919, #13920));
#13922 = FACE_BOUND('', #13921, .T.);
#13923 = ADVANCED_FACE('', (#13922), #10545, .F.);
#13924 = ORIENTED_EDGE('', *, *, #7865, .F.);
#13925 = ORIENTED_EDGE('', *, *, #7862, .F.);
#13926 = ORIENTED_EDGE('', *, *, #7868, .F.);
#13927 = ORIENTED_EDGE('', *, *, #7860, .T.);
#13928 = ORIENTED_EDGE('', *, *, #7863, .T.);
#13929 = ORIENTED_EDGE('', *, *, #7867, .T.);
#13930 = EDGE_LOOP('', (#13924, #13925, #13926, #13927, #13928, #13929));
#13931 = FACE_BOUND('', #13930, .T.);
#13932 = ADVANCED_FACE('', (#13931), #10545, .F.);
#13933 = ORIENTED_EDGE('', *, *, #7874, .F.);
#13934 = ORIENTED_EDGE('', *, *, #7869, .F.);
#13935 = ORIENTED_EDGE('', *, *, #7878, .T.);
#13936 = ORIENTED_EDGE('', *, *, #7871, .T.);
#13937 = ORIENTED_EDGE('', *, *, #7876, .T.);
#13938 = ORIENTED_EDGE('', *, *, #7877, .F.);
#13939 = EDGE_LOOP('', (#13933, #13934, #13935, #13936, #13937, #13938));
#13940 = FACE_BOUND('', #13939, .T.);
#13941 = ADVANCED_FACE('', (#13940), #10550, .F.);
#13942 = ORIENTED_EDGE('', *, *, #7875, .F.);
#13943 = ORIENTED_EDGE('', *, *, #7872, .F.);
#13944 = ORIENTED_EDGE('', *, *, #7878, .F.);
#13945 = ORIENTED_EDGE('', *, *, #7870, .T.);
#13946 = ORIENTED_EDGE('', *, *, #7873, .T.);
#13947 = ORIENTED_EDGE('', *, *, #7877, .T.);
#13948 = EDGE_LOOP('', (#13942, #13943, #13944, #13945, #13946, #13947));
#13949 = FACE_BOUND('', #13948, .T.);
#13950 = ADVANCED_FACE('', (#13949), #10550, .F.);
#13951 = ORIENTED_EDGE('', *, *, #7884, .F.);
#13952 = ORIENTED_EDGE('', *, *, #7879, .F.);
#13953 = ORIENTED_EDGE('', *, *, #7888, .T.);
#13954 = ORIENTED_EDGE('', *, *, #7881, .T.);
#13955 = ORIENTED_EDGE('', *, *, #7886, .T.);
#13956 = ORIENTED_EDGE('', *, *, #7887, .F.);
#13957 = EDGE_LOOP('', (#13951, #13952, #13953, #13954, #13955, #13956));
#13958 = FACE_BOUND('', #13957, .T.);
#13959 = ADVANCED_FACE('', (#13958), #10555, .F.);
#13960 = ORIENTED_EDGE('', *, *, #7885, .F.);
#13961 = ORIENTED_EDGE('', *, *, #7882, .F.);
#13962 = ORIENTED_EDGE('', *, *, #7888, .F.);
#13963 = ORIENTED_EDGE('', *, *, #7880, .T.);
#13964 = ORIENTED_EDGE('', *, *, #7883, .T.);
#13965 = ORIENTED_EDGE('', *, *, #7887, .T.);
#13966 = EDGE_LOOP('', (#13960, #13961, #13962, #13963, #13964, #13965));
#13967 = FACE_BOUND('', #13966, .T.);
#13968 = ADVANCED_FACE('', (#13967), #10555, .F.);
#13969 = ORIENTED_EDGE('', *, *, #7894, .F.);
#13970 = ORIENTED_EDGE('', *, *, #7889, .F.);
#13971 = ORIENTED_EDGE('', *, *, #7898, .T.);
#13972 = ORIENTED_EDGE('', *, *, #7891, .T.);
#13973 = ORIENTED_EDGE('', *, *, #7896, .T.);
#13974 = ORIENTED_EDGE('', *, *, #7897, .F.);
#13975 = EDGE_LOOP('', (#13969, #13970, #13971, #13972, #13973, #13974));
#13976 = FACE_BOUND('', #13975, .T.);
#13977 = ADVANCED_FACE('', (#13976), #10560, .F.);
#13978 = ORIENTED_EDGE('', *, *, #7895, .F.);
#13979 = ORIENTED_EDGE('', *, *, #7892, .F.);
#13980 = ORIENTED_EDGE('', *, *, #7898, .F.);
#13981 = ORIENTED_EDGE('', *, *, #7890, .T.);
#13982 = ORIENTED_EDGE('', *, *, #7893, .T.);
#13983 = ORIENTED_EDGE('', *, *, #7897, .T.);
#13984 = EDGE_LOOP('', (#13978, #13979, #13980, #13981, #13982, #13983));
#13985 = FACE_BOUND('', #13984, .T.);
#13986 = ADVANCED_FACE('', (#13985), #10560, .F.);
#13987 = ORIENTED_EDGE('', *, *, #7904, .F.);
#13988 = ORIENTED_EDGE('', *, *, #7899, .F.);
#13989 = ORIENTED_EDGE('', *, *, #7908, .T.);
#13990 = ORIENTED_EDGE('', *, *, #7901, .T.);
#13991 = ORIENTED_EDGE('', *, *, #7906, .T.);
#13992 = ORIENTED_EDGE('', *, *, #7907, .F.);
#13993 = EDGE_LOOP('', (#13987, #13988, #13989, #13990, #13991, #13992));
#13994 = FACE_BOUND('', #13993, .T.);
#13995 = ADVANCED_FACE('', (#13994), #10565, .F.);
#13996 = ORIENTED_EDGE('', *, *, #7905, .F.);
#13997 = ORIENTED_EDGE('', *, *, #7902, .F.);
#13998 = ORIENTED_EDGE('', *, *, #7908, .F.);
#13999 = ORIENTED_EDGE('', *, *, #7900, .T.);
#14000 = ORIENTED_EDGE('', *, *, #7903, .T.);
#14001 = ORIENTED_EDGE('', *, *, #7907, .T.);
#14002 = EDGE_LOOP('', (#13996, #13997, #13998, #13999, #14000, #14001));
#14003 = FACE_BOUND('', #14002, .T.);
#14004 = ADVANCED_FACE('', (#14003), #10565, .F.);
#14005 = ORIENTED_EDGE('', *, *, #7914, .F.);
#14006 = ORIENTED_EDGE('', *, *, #7909, .F.);
#14007 = ORIENTED_EDGE('', *, *, #7918, .T.);
#14008 = ORIENTED_EDGE('', *, *, #7911, .T.);
#14009 = ORIENTED_EDGE('', *, *, #7916, .T.);
#14010 = ORIENTED_EDGE('', *, *, #7917, .F.);
#14011 = EDGE_LOOP('', (#14005, #14006, #14007, #14008, #14009, #14010));
#14012 = FACE_BOUND('', #14011, .T.);
#14013 = ADVANCED_FACE('', (#14012), #10570, .F.);
#14014 = ORIENTED_EDGE('', *, *, #7915, .F.);
#14015 = ORIENTED_EDGE('', *, *, #7912, .F.);
#14016 = ORIENTED_EDGE('', *, *, #7918, .F.);
#14017 = ORIENTED_EDGE('', *, *, #7910, .T.);
#14018 = ORIENTED_EDGE('', *, *, #7913, .T.);
#14019 = ORIENTED_EDGE('', *, *, #7917, .T.);
#14020 = EDGE_LOOP('', (#14014, #14015, #14016, #14017, #14018, #14019));
#14021 = FACE_BOUND('', #14020, .T.);
#14022 = ADVANCED_FACE('', (#14021), #10570, .F.);
#14023 = ORIENTED_EDGE('', *, *, #7919, .T.);
#14024 = ORIENTED_EDGE('', *, *, #7920, .T.);
#14025 = ORIENTED_EDGE('', *, *, #7921, .F.);
#14026 = ORIENTED_EDGE('', *, *, #7922, .F.);
#14027 = EDGE_LOOP('', (#14023, #14024, #14025, #14026));
#14028 = FACE_BOUND('', #14027, .T.);
#14029 = ADVANCED_FACE('', (#14028), #10574, .T.);
#14030 = ORIENTED_EDGE('', *, *, #7923, .T.);
#14031 = ORIENTED_EDGE('', *, *, #7924, .T.);
#14032 = ORIENTED_EDGE('', *, *, #7925, .F.);
#14033 = ORIENTED_EDGE('', *, *, #7920, .F.);
#14034 = EDGE_LOOP('', (#14030, #14031, #14032, #14033));
#14035 = FACE_BOUND('', #14034, .T.);
#14036 = ADVANCED_FACE('', (#14035), #10578, .T.);
#14037 = ORIENTED_EDGE('', *, *, #7926, .T.);
#14038 = ORIENTED_EDGE('', *, *, #7927, .T.);
#14039 = ORIENTED_EDGE('', *, *, #7928, .F.);
#14040 = ORIENTED_EDGE('', *, *, #7924, .F.);
#14041 = EDGE_LOOP('', (#14037, #14038, #14039, #14040));
#14042 = FACE_BOUND('', #14041, .T.);
#14043 = ADVANCED_FACE('', (#14042), #10582, .T.);
#14044 = ORIENTED_EDGE('', *, *, #7929, .T.);
#14045 = ORIENTED_EDGE('', *, *, #7922, .T.);
#14046 = ORIENTED_EDGE('', *, *, #7930, .F.);
#14047 = ORIENTED_EDGE('', *, *, #7927, .F.);
#14048 = EDGE_LOOP('', (#14044, #14045, #14046, #14047));
#14049 = FACE_BOUND('', #14048, .T.);
#14050 = ADVANCED_FACE('', (#14049), #10586, .T.);
#14051 = ORIENTED_EDGE('', *, *, #7929, .F.);
#14052 = ORIENTED_EDGE('', *, *, #7926, .F.);
#14053 = ORIENTED_EDGE('', *, *, #7923, .F.);
#14054 = ORIENTED_EDGE('', *, *, #7919, .F.);
#14055 = ORIENTED_EDGE('', *, *, #7936, .T.);
#14056 = ORIENTED_EDGE('', *, *, #7935, .F.);
#14057 = ORIENTED_EDGE('', *, *, #7932, .F.);
#14058 = ORIENTED_EDGE('', *, *, #7931, .T.);
#14059 = ORIENTED_EDGE('', *, *, #7946, .T.);
#14060 = ORIENTED_EDGE('', *, *, #7945, .F.);
#14061 = ORIENTED_EDGE('', *, *, #7942, .F.);
#14062 = ORIENTED_EDGE('', *, *, #7941, .T.);
#14063 = ORIENTED_EDGE('', *, *, #7956, .T.);
#14064 = ORIENTED_EDGE('', *, *, #7955, .F.);
#14065 = ORIENTED_EDGE('', *, *, #7952, .F.);
#14066 = ORIENTED_EDGE('', *, *, #7951, .T.);
#14067 = ORIENTED_EDGE('', *, *, #7966, .T.);
#14068 = ORIENTED_EDGE('', *, *, #7965, .F.);
#14069 = ORIENTED_EDGE('', *, *, #7962, .F.);
#14070 = ORIENTED_EDGE('', *, *, #7961, .T.);
#14071 = ORIENTED_EDGE('', *, *, #7976, .T.);
#14072 = ORIENTED_EDGE('', *, *, #7975, .F.);
#14073 = ORIENTED_EDGE('', *, *, #7972, .F.);
#14074 = ORIENTED_EDGE('', *, *, #7971, .T.);
#14075 = ORIENTED_EDGE('', *, *, #7986, .T.);
#14076 = ORIENTED_EDGE('', *, *, #7985, .F.);
#14077 = ORIENTED_EDGE('', *, *, #7982, .F.);
#14078 = ORIENTED_EDGE('', *, *, #7981, .T.);
#14079 = ORIENTED_EDGE('', *, *, #7996, .T.);
#14080 = ORIENTED_EDGE('', *, *, #7995, .F.);
#14081 = ORIENTED_EDGE('', *, *, #7992, .F.);
#14082 = ORIENTED_EDGE('', *, *, #7991, .T.);
#14083 = ORIENTED_EDGE('', *, *, #8006, .T.);
#14084 = ORIENTED_EDGE('', *, *, #8005, .F.);
#14085 = ORIENTED_EDGE('', *, *, #8002, .F.);
#14086 = ORIENTED_EDGE('', *, *, #8001, .T.);
#14087 = ORIENTED_EDGE('', *, *, #8016, .T.);
#14088 = ORIENTED_EDGE('', *, *, #8015, .F.);
#14089 = ORIENTED_EDGE('', *, *, #8012, .F.);
#14090 = ORIENTED_EDGE('', *, *, #8011, .T.);
#14091 = EDGE_LOOP('', (#14051, #14052, #14053, #14054));
#14092 = FACE_BOUND('', #14091, .T.);
#14093 = EDGE_LOOP('', (#14055, #14056, #14057, #14058));
#14094 = FACE_BOUND('', #14093, .T.);
#14095 = EDGE_LOOP('', (#14059, #14060, #14061, #14062));
#14096 = FACE_BOUND('', #14095, .T.);
#14097 = EDGE_LOOP('', (#14063, #14064, #14065, #14066));
#14098 = FACE_BOUND('', #14097, .T.);
#14099 = EDGE_LOOP('', (#14067, #14068, #14069, #14070));
#14100 = FACE_BOUND('', #14099, .T.);
#14101 = EDGE_LOOP('', (#14071, #14072, #14073, #14074));
#14102 = FACE_BOUND('', #14101, .T.);
#14103 = EDGE_LOOP('', (#14075, #14076, #14077, #14078));
#14104 = FACE_BOUND('', #14103, .T.);
#14105 = EDGE_LOOP('', (#14079, #14080, #14081, #14082));
#14106 = FACE_BOUND('', #14105, .T.);
#14107 = EDGE_LOOP('', (#14083, #14084, #14085, #14086));
#14108 = FACE_BOUND('', #14107, .T.);
#14109 = EDGE_LOOP('', (#14087, #14088, #14089, #14090));
#14110 = FACE_BOUND('', #14109, .T.);
#14111 = ADVANCED_FACE('', (#14092, #14094, #14096, #14098, #14100, #14102, #14104, #14106, #14108, #14110), #10590, .F.);
#14112 = ORIENTED_EDGE('', *, *, #7921, .T.);
#14113 = ORIENTED_EDGE('', *, *, #7925, .T.);
#14114 = ORIENTED_EDGE('', *, *, #7928, .T.);
#14115 = ORIENTED_EDGE('', *, *, #7930, .T.);
#14116 = ORIENTED_EDGE('', *, *, #7933, .F.);
#14117 = ORIENTED_EDGE('', *, *, #7934, .T.);
#14118 = ORIENTED_EDGE('', *, *, #7937, .T.);
#14119 = ORIENTED_EDGE('', *, *, #7938, .F.);
#14120 = ORIENTED_EDGE('', *, *, #7943, .F.);
#14121 = ORIENTED_EDGE('', *, *, #7944, .T.);
#14122 = ORIENTED_EDGE('', *, *, #7947, .T.);
#14123 = ORIENTED_EDGE('', *, *, #7948, .F.);
#14124 = ORIENTED_EDGE('', *, *, #7953, .F.);
#14125 = ORIENTED_EDGE('', *, *, #7954, .T.);
#14126 = ORIENTED_EDGE('', *, *, #7957, .T.);
#14127 = ORIENTED_EDGE('', *, *, #7958, .F.);
#14128 = ORIENTED_EDGE('', *, *, #7963, .F.);
#14129 = ORIENTED_EDGE('', *, *, #7964, .T.);
#14130 = ORIENTED_EDGE('', *, *, #7967, .T.);
#14131 = ORIENTED_EDGE('', *, *, #7968, .F.);
#14132 = ORIENTED_EDGE('', *, *, #7973, .F.);
#14133 = ORIENTED_EDGE('', *, *, #7974, .T.);
#14134 = ORIENTED_EDGE('', *, *, #7977, .T.);
#14135 = ORIENTED_EDGE('', *, *, #7978, .F.);
#14136 = ORIENTED_EDGE('', *, *, #7983, .F.);
#14137 = ORIENTED_EDGE('', *, *, #7984, .T.);
#14138 = ORIENTED_EDGE('', *, *, #7987, .T.);
#14139 = ORIENTED_EDGE('', *, *, #7988, .F.);
#14140 = ORIENTED_EDGE('', *, *, #7993, .F.);
#14141 = ORIENTED_EDGE('', *, *, #7994, .T.);
#14142 = ORIENTED_EDGE('', *, *, #7997, .T.);
#14143 = ORIENTED_EDGE('', *, *, #7998, .F.);
#14144 = ORIENTED_EDGE('', *, *, #8003, .F.);
#14145 = ORIENTED_EDGE('', *, *, #8004, .T.);
#14146 = ORIENTED_EDGE('', *, *, #8007, .T.);
#14147 = ORIENTED_EDGE('', *, *, #8008, .F.);
#14148 = ORIENTED_EDGE('', *, *, #8013, .F.);
#14149 = ORIENTED_EDGE('', *, *, #8014, .T.);
#14150 = ORIENTED_EDGE('', *, *, #8017, .T.);
#14151 = ORIENTED_EDGE('', *, *, #8018, .F.);
#14152 = EDGE_LOOP('', (#14112, #14113, #14114, #14115));
#14153 = FACE_BOUND('', #14152, .T.);
#14154 = EDGE_LOOP('', (#14116, #14117, #14118, #14119));
#14155 = FACE_BOUND('', #14154, .T.);
#14156 = EDGE_LOOP('', (#14120, #14121, #14122, #14123));
#14157 = FACE_BOUND('', #14156, .T.);
#14158 = EDGE_LOOP('', (#14124, #14125, #14126, #14127));
#14159 = FACE_BOUND('', #14158, .T.);
#14160 = EDGE_LOOP('', (#14128, #14129, #14130, #14131));
#14161 = FACE_BOUND('', #14160, .T.);
#14162 = EDGE_LOOP('', (#14132, #14133, #14134, #14135));
#14163 = FACE_BOUND('', #14162, .T.);
#14164 = EDGE_LOOP('', (#14136, #14137, #14138, #14139));
#14165 = FACE_BOUND('', #14164, .T.);
#14166 = EDGE_LOOP('', (#14140, #14141, #14142, #14143));
#14167 = FACE_BOUND('', #14166, .T.);
#14168 = EDGE_LOOP('', (#14144, #14145, #14146, #14147));
#14169 = FACE_BOUND('', #14168, .T.);
#14170 = EDGE_LOOP('', (#14148, #14149, #14150, #14151));
#14171 = FACE_BOUND('', #14170, .T.);
#14172 = ADVANCED_FACE('', (#14153, #14155, #14157, #14159, #14161, #14163, #14165, #14167, #14169, #14171), #10594, .T.);
#14173 = ORIENTED_EDGE('', *, *, #7936, .F.);
#14174 = ORIENTED_EDGE('', *, *, #7931, .F.);
#14175 = ORIENTED_EDGE('', *, *, #7940, .T.);
#14176 = ORIENTED_EDGE('', *, *, #7933, .T.);
#14177 = ORIENTED_EDGE('', *, *, #7938, .T.);
#14178 = ORIENTED_EDGE('', *, *, #7939, .F.);
#14179 = EDGE_LOOP('', (#14173, #14174, #14175, #14176, #14177, #14178));
#14180 = FACE_BOUND('', #14179, .T.);
#14181 = ADVANCED_FACE('', (#14180), #10599, .F.);
#14182 = ORIENTED_EDGE('', *, *, #7937, .F.);
#14183 = ORIENTED_EDGE('', *, *, #7934, .F.);
#14184 = ORIENTED_EDGE('', *, *, #7940, .F.);
#14185 = ORIENTED_EDGE('', *, *, #7932, .T.);
#14186 = ORIENTED_EDGE('', *, *, #7935, .T.);
#14187 = ORIENTED_EDGE('', *, *, #7939, .T.);
#14188 = EDGE_LOOP('', (#14182, #14183, #14184, #14185, #14186, #14187));
#14189 = FACE_BOUND('', #14188, .T.);
#14190 = ADVANCED_FACE('', (#14189), #10599, .F.);
#14191 = ORIENTED_EDGE('', *, *, #7946, .F.);
#14192 = ORIENTED_EDGE('', *, *, #7941, .F.);
#14193 = ORIENTED_EDGE('', *, *, #7950, .T.);
#14194 = ORIENTED_EDGE('', *, *, #7943, .T.);
#14195 = ORIENTED_EDGE('', *, *, #7948, .T.);
#14196 = ORIENTED_EDGE('', *, *, #7949, .F.);
#14197 = EDGE_LOOP('', (#14191, #14192, #14193, #14194, #14195, #14196));
#14198 = FACE_BOUND('', #14197, .T.);
#14199 = ADVANCED_FACE('', (#14198), #10604, .F.);
#14200 = ORIENTED_EDGE('', *, *, #7947, .F.);
#14201 = ORIENTED_EDGE('', *, *, #7944, .F.);
#14202 = ORIENTED_EDGE('', *, *, #7950, .F.);
#14203 = ORIENTED_EDGE('', *, *, #7942, .T.);
#14204 = ORIENTED_EDGE('', *, *, #7945, .T.);
#14205 = ORIENTED_EDGE('', *, *, #7949, .T.);
#14206 = EDGE_LOOP('', (#14200, #14201, #14202, #14203, #14204, #14205));
#14207 = FACE_BOUND('', #14206, .T.);
#14208 = ADVANCED_FACE('', (#14207), #10604, .F.);
#14209 = ORIENTED_EDGE('', *, *, #7956, .F.);
#14210 = ORIENTED_EDGE('', *, *, #7951, .F.);
#14211 = ORIENTED_EDGE('', *, *, #7960, .T.);
#14212 = ORIENTED_EDGE('', *, *, #7953, .T.);
#14213 = ORIENTED_EDGE('', *, *, #7958, .T.);
#14214 = ORIENTED_EDGE('', *, *, #7959, .F.);
#14215 = EDGE_LOOP('', (#14209, #14210, #14211, #14212, #14213, #14214));
#14216 = FACE_BOUND('', #14215, .T.);
#14217 = ADVANCED_FACE('', (#14216), #10609, .F.);
#14218 = ORIENTED_EDGE('', *, *, #7957, .F.);
#14219 = ORIENTED_EDGE('', *, *, #7954, .F.);
#14220 = ORIENTED_EDGE('', *, *, #7960, .F.);
#14221 = ORIENTED_EDGE('', *, *, #7952, .T.);
#14222 = ORIENTED_EDGE('', *, *, #7955, .T.);
#14223 = ORIENTED_EDGE('', *, *, #7959, .T.);
#14224 = EDGE_LOOP('', (#14218, #14219, #14220, #14221, #14222, #14223));
#14225 = FACE_BOUND('', #14224, .T.);
#14226 = ADVANCED_FACE('', (#14225), #10609, .F.);
#14227 = ORIENTED_EDGE('', *, *, #7966, .F.);
#14228 = ORIENTED_EDGE('', *, *, #7961, .F.);
#14229 = ORIENTED_EDGE('', *, *, #7970, .T.);
#14230 = ORIENTED_EDGE('', *, *, #7963, .T.);
#14231 = ORIENTED_EDGE('', *, *, #7968, .T.);
#14232 = ORIENTED_EDGE('', *, *, #7969, .F.);
#14233 = EDGE_LOOP('', (#14227, #14228, #14229, #14230, #14231, #14232));
#14234 = FACE_BOUND('', #14233, .T.);
#14235 = ADVANCED_FACE('', (#14234), #10614, .F.);
#14236 = ORIENTED_EDGE('', *, *, #7967, .F.);
#14237 = ORIENTED_EDGE('', *, *, #7964, .F.);
#14238 = ORIENTED_EDGE('', *, *, #7970, .F.);
#14239 = ORIENTED_EDGE('', *, *, #7962, .T.);
#14240 = ORIENTED_EDGE('', *, *, #7965, .T.);
#14241 = ORIENTED_EDGE('', *, *, #7969, .T.);
#14242 = EDGE_LOOP('', (#14236, #14237, #14238, #14239, #14240, #14241));
#14243 = FACE_BOUND('', #14242, .T.);
#14244 = ADVANCED_FACE('', (#14243), #10614, .F.);
#14245 = ORIENTED_EDGE('', *, *, #7976, .F.);
#14246 = ORIENTED_EDGE('', *, *, #7971, .F.);
#14247 = ORIENTED_EDGE('', *, *, #7980, .T.);
#14248 = ORIENTED_EDGE('', *, *, #7973, .T.);
#14249 = ORIENTED_EDGE('', *, *, #7978, .T.);
#14250 = ORIENTED_EDGE('', *, *, #7979, .F.);
#14251 = EDGE_LOOP('', (#14245, #14246, #14247, #14248, #14249, #14250));
#14252 = FACE_BOUND('', #14251, .T.);
#14253 = ADVANCED_FACE('', (#14252), #10619, .F.);
#14254 = ORIENTED_EDGE('', *, *, #7977, .F.);
#14255 = ORIENTED_EDGE('', *, *, #7974, .F.);
#14256 = ORIENTED_EDGE('', *, *, #7980, .F.);
#14257 = ORIENTED_EDGE('', *, *, #7972, .T.);
#14258 = ORIENTED_EDGE('', *, *, #7975, .T.);
#14259 = ORIENTED_EDGE('', *, *, #7979, .T.);
#14260 = EDGE_LOOP('', (#14254, #14255, #14256, #14257, #14258, #14259));
#14261 = FACE_BOUND('', #14260, .T.);
#14262 = ADVANCED_FACE('', (#14261), #10619, .F.);
#14263 = ORIENTED_EDGE('', *, *, #7986, .F.);
#14264 = ORIENTED_EDGE('', *, *, #7981, .F.);
#14265 = ORIENTED_EDGE('', *, *, #7990, .T.);
#14266 = ORIENTED_EDGE('', *, *, #7983, .T.);
#14267 = ORIENTED_EDGE('', *, *, #7988, .T.);
#14268 = ORIENTED_EDGE('', *, *, #7989, .F.);
#14269 = EDGE_LOOP('', (#14263, #14264, #14265, #14266, #14267, #14268));
#14270 = FACE_BOUND('', #14269, .T.);
#14271 = ADVANCED_FACE('', (#14270), #10624, .F.);
#14272 = ORIENTED_EDGE('', *, *, #7987, .F.);
#14273 = ORIENTED_EDGE('', *, *, #7984, .F.);
#14274 = ORIENTED_EDGE('', *, *, #7990, .F.);
#14275 = ORIENTED_EDGE('', *, *, #7982, .T.);
#14276 = ORIENTED_EDGE('', *, *, #7985, .T.);
#14277 = ORIENTED_EDGE('', *, *, #7989, .T.);
#14278 = EDGE_LOOP('', (#14272, #14273, #14274, #14275, #14276, #14277));
#14279 = FACE_BOUND('', #14278, .T.);
#14280 = ADVANCED_FACE('', (#14279), #10624, .F.);
#14281 = ORIENTED_EDGE('', *, *, #7996, .F.);
#14282 = ORIENTED_EDGE('', *, *, #7991, .F.);
#14283 = ORIENTED_EDGE('', *, *, #8000, .T.);
#14284 = ORIENTED_EDGE('', *, *, #7993, .T.);
#14285 = ORIENTED_EDGE('', *, *, #7998, .T.);
#14286 = ORIENTED_EDGE('', *, *, #7999, .F.);
#14287 = EDGE_LOOP('', (#14281, #14282, #14283, #14284, #14285, #14286));
#14288 = FACE_BOUND('', #14287, .T.);
#14289 = ADVANCED_FACE('', (#14288), #10629, .F.);
#14290 = ORIENTED_EDGE('', *, *, #7997, .F.);
#14291 = ORIENTED_EDGE('', *, *, #7994, .F.);
#14292 = ORIENTED_EDGE('', *, *, #8000, .F.);
#14293 = ORIENTED_EDGE('', *, *, #7992, .T.);
#14294 = ORIENTED_EDGE('', *, *, #7995, .T.);
#14295 = ORIENTED_EDGE('', *, *, #7999, .T.);
#14296 = EDGE_LOOP('', (#14290, #14291, #14292, #14293, #14294, #14295));
#14297 = FACE_BOUND('', #14296, .T.);
#14298 = ADVANCED_FACE('', (#14297), #10629, .F.);
#14299 = ORIENTED_EDGE('', *, *, #8006, .F.);
#14300 = ORIENTED_EDGE('', *, *, #8001, .F.);
#14301 = ORIENTED_EDGE('', *, *, #8010, .T.);
#14302 = ORIENTED_EDGE('', *, *, #8003, .T.);
#14303 = ORIENTED_EDGE('', *, *, #8008, .T.);
#14304 = ORIENTED_EDGE('', *, *, #8009, .F.);
#14305 = EDGE_LOOP('', (#14299, #14300, #14301, #14302, #14303, #14304));
#14306 = FACE_BOUND('', #14305, .T.);
#14307 = ADVANCED_FACE('', (#14306), #10634, .F.);
#14308 = ORIENTED_EDGE('', *, *, #8007, .F.);
#14309 = ORIENTED_EDGE('', *, *, #8004, .F.);
#14310 = ORIENTED_EDGE('', *, *, #8010, .F.);
#14311 = ORIENTED_EDGE('', *, *, #8002, .T.);
#14312 = ORIENTED_EDGE('', *, *, #8005, .T.);
#14313 = ORIENTED_EDGE('', *, *, #8009, .T.);
#14314 = EDGE_LOOP('', (#14308, #14309, #14310, #14311, #14312, #14313));
#14315 = FACE_BOUND('', #14314, .T.);
#14316 = ADVANCED_FACE('', (#14315), #10634, .F.);
#14317 = ORIENTED_EDGE('', *, *, #8016, .F.);
#14318 = ORIENTED_EDGE('', *, *, #8011, .F.);
#14319 = ORIENTED_EDGE('', *, *, #8020, .T.);
#14320 = ORIENTED_EDGE('', *, *, #8013, .T.);
#14321 = ORIENTED_EDGE('', *, *, #8018, .T.);
#14322 = ORIENTED_EDGE('', *, *, #8019, .F.);
#14323 = EDGE_LOOP('', (#14317, #14318, #14319, #14320, #14321, #14322));
#14324 = FACE_BOUND('', #14323, .T.);
#14325 = ADVANCED_FACE('', (#14324), #10639, .F.);
#14326 = ORIENTED_EDGE('', *, *, #8017, .F.);
#14327 = ORIENTED_EDGE('', *, *, #8014, .F.);
#14328 = ORIENTED_EDGE('', *, *, #8020, .F.);
#14329 = ORIENTED_EDGE('', *, *, #8012, .T.);
#14330 = ORIENTED_EDGE('', *, *, #8015, .T.);
#14331 = ORIENTED_EDGE('', *, *, #8019, .T.);
#14332 = EDGE_LOOP('', (#14326, #14327, #14328, #14329, #14330, #14331));
#14333 = FACE_BOUND('', #14332, .T.);
#14334 = ADVANCED_FACE('', (#14333), #10639, .F.);
#14335 = ORIENTED_EDGE('', *, *, #8021, .T.);
#14336 = ORIENTED_EDGE('', *, *, #8022, .T.);
#14337 = ORIENTED_EDGE('', *, *, #8023, .F.);
#14338 = ORIENTED_EDGE('', *, *, #8024, .F.);
#14339 = EDGE_LOOP('', (#14335, #14336, #14337, #14338));
#14340 = FACE_BOUND('', #14339, .T.);
#14341 = ADVANCED_FACE('', (#14340), #10643, .T.);
#14342 = ORIENTED_EDGE('', *, *, #8025, .T.);
#14343 = ORIENTED_EDGE('', *, *, #8026, .T.);
#14344 = ORIENTED_EDGE('', *, *, #8027, .F.);
#14345 = ORIENTED_EDGE('', *, *, #8022, .F.);
#14346 = EDGE_LOOP('', (#14342, #14343, #14344, #14345));
#14347 = FACE_BOUND('', #14346, .T.);
#14348 = ADVANCED_FACE('', (#14347), #10647, .T.);
#14349 = ORIENTED_EDGE('', *, *, #8028, .T.);
#14350 = ORIENTED_EDGE('', *, *, #8029, .T.);
#14351 = ORIENTED_EDGE('', *, *, #8030, .F.);
#14352 = ORIENTED_EDGE('', *, *, #8026, .F.);
#14353 = EDGE_LOOP('', (#14349, #14350, #14351, #14352));
#14354 = FACE_BOUND('', #14353, .T.);
#14355 = ADVANCED_FACE('', (#14354), #10651, .T.);
#14356 = ORIENTED_EDGE('', *, *, #8031, .T.);
#14357 = ORIENTED_EDGE('', *, *, #8024, .T.);
#14358 = ORIENTED_EDGE('', *, *, #8032, .F.);
#14359 = ORIENTED_EDGE('', *, *, #8029, .F.);
#14360 = EDGE_LOOP('', (#14356, #14357, #14358, #14359));
#14361 = FACE_BOUND('', #14360, .T.);
#14362 = ADVANCED_FACE('', (#14361), #10655, .T.);
#14363 = ORIENTED_EDGE('', *, *, #8031, .F.);
#14364 = ORIENTED_EDGE('', *, *, #8028, .F.);
#14365 = ORIENTED_EDGE('', *, *, #8025, .F.);
#14366 = ORIENTED_EDGE('', *, *, #8021, .F.);
#14367 = ORIENTED_EDGE('', *, *, #8038, .T.);
#14368 = ORIENTED_EDGE('', *, *, #8037, .F.);
#14369 = ORIENTED_EDGE('', *, *, #8034, .F.);
#14370 = ORIENTED_EDGE('', *, *, #8033, .T.);
#14371 = ORIENTED_EDGE('', *, *, #8048, .T.);
#14372 = ORIENTED_EDGE('', *, *, #8047, .F.);
#14373 = ORIENTED_EDGE('', *, *, #8044, .F.);
#14374 = ORIENTED_EDGE('', *, *, #8043, .T.);
#14375 = ORIENTED_EDGE('', *, *, #8058, .T.);
#14376 = ORIENTED_EDGE('', *, *, #8057, .F.);
#14377 = ORIENTED_EDGE('', *, *, #8054, .F.);
#14378 = ORIENTED_EDGE('', *, *, #8053, .T.);
#14379 = ORIENTED_EDGE('', *, *, #8068, .T.);
#14380 = ORIENTED_EDGE('', *, *, #8067, .F.);
#14381 = ORIENTED_EDGE('', *, *, #8064, .F.);
#14382 = ORIENTED_EDGE('', *, *, #8063, .T.);
#14383 = ORIENTED_EDGE('', *, *, #8078, .T.);
#14384 = ORIENTED_EDGE('', *, *, #8077, .F.);
#14385 = ORIENTED_EDGE('', *, *, #8074, .F.);
#14386 = ORIENTED_EDGE('', *, *, #8073, .T.);
#14387 = ORIENTED_EDGE('', *, *, #8088, .T.);
#14388 = ORIENTED_EDGE('', *, *, #8087, .F.);
#14389 = ORIENTED_EDGE('', *, *, #8084, .F.);
#14390 = ORIENTED_EDGE('', *, *, #8083, .T.);
#14391 = ORIENTED_EDGE('', *, *, #8098, .T.);
#14392 = ORIENTED_EDGE('', *, *, #8097, .F.);
#14393 = ORIENTED_EDGE('', *, *, #8094, .F.);
#14394 = ORIENTED_EDGE('', *, *, #8093, .T.);
#14395 = ORIENTED_EDGE('', *, *, #8108, .T.);
#14396 = ORIENTED_EDGE('', *, *, #8107, .F.);
#14397 = ORIENTED_EDGE('', *, *, #8104, .F.);
#14398 = ORIENTED_EDGE('', *, *, #8103, .T.);
#14399 = ORIENTED_EDGE('', *, *, #8118, .T.);
#14400 = ORIENTED_EDGE('', *, *, #8117, .F.);
#14401 = ORIENTED_EDGE('', *, *, #8114, .F.);
#14402 = ORIENTED_EDGE('', *, *, #8113, .T.);
#14403 = EDGE_LOOP('', (#14363, #14364, #14365, #14366));
#14404 = FACE_BOUND('', #14403, .T.);
#14405 = EDGE_LOOP('', (#14367, #14368, #14369, #14370));
#14406 = FACE_BOUND('', #14405, .T.);
#14407 = EDGE_LOOP('', (#14371, #14372, #14373, #14374));
#14408 = FACE_BOUND('', #14407, .T.);
#14409 = EDGE_LOOP('', (#14375, #14376, #14377, #14378));
#14410 = FACE_BOUND('', #14409, .T.);
#14411 = EDGE_LOOP('', (#14379, #14380, #14381, #14382));
#14412 = FACE_BOUND('', #14411, .T.);
#14413 = EDGE_LOOP('', (#14383, #14384, #14385, #14386));
#14414 = FACE_BOUND('', #14413, .T.);
#14415 = EDGE_LOOP('', (#14387, #14388, #14389, #14390));
#14416 = FACE_BOUND('', #14415, .T.);
#14417 = EDGE_LOOP('', (#14391, #14392, #14393, #14394));
#14418 = FACE_BOUND('', #14417, .T.);
#14419 = EDGE_LOOP('', (#14395, #14396, #14397, #14398));
#14420 = FACE_BOUND('', #14419, .T.);
#14421 = EDGE_LOOP('', (#14399, #14400, #14401, #14402));
#14422 = FACE_BOUND('', #14421, .T.);
#14423 = ADVANCED_FACE('', (#14404, #14406, #14408, #14410, #14412, #14414, #14416, #14418, #14420, #14422), #10659, .F.);
#14424 = ORIENTED_EDGE('', *, *, #8023, .T.);
#14425 = ORIENTED_EDGE('', *, *, #8027, .T.);
#14426 = ORIENTED_EDGE('', *, *, #8030, .T.);
#14427 = ORIENTED_EDGE('', *, *, #8032, .T.);
#14428 = ORIENTED_EDGE('', *, *, #8035, .F.);
#14429 = ORIENTED_EDGE('', *, *, #8036, .T.);
#14430 = ORIENTED_EDGE('', *, *, #8039, .T.);
#14431 = ORIENTED_EDGE('', *, *, #8040, .F.);
#14432 = ORIENTED_EDGE('', *, *, #8045, .F.);
#14433 = ORIENTED_EDGE('', *, *, #8046, .T.);
#14434 = ORIENTED_EDGE('', *, *, #8049, .T.);
#14435 = ORIENTED_EDGE('', *, *, #8050, .F.);
#14436 = ORIENTED_EDGE('', *, *, #8055, .F.);
#14437 = ORIENTED_EDGE('', *, *, #8056, .T.);
#14438 = ORIENTED_EDGE('', *, *, #8059, .T.);
#14439 = ORIENTED_EDGE('', *, *, #8060, .F.);
#14440 = ORIENTED_EDGE('', *, *, #8065, .F.);
#14441 = ORIENTED_EDGE('', *, *, #8066, .T.);
#14442 = ORIENTED_EDGE('', *, *, #8069, .T.);
#14443 = ORIENTED_EDGE('', *, *, #8070, .F.);
#14444 = ORIENTED_EDGE('', *, *, #8075, .F.);
#14445 = ORIENTED_EDGE('', *, *, #8076, .T.);
#14446 = ORIENTED_EDGE('', *, *, #8079, .T.);
#14447 = ORIENTED_EDGE('', *, *, #8080, .F.);
#14448 = ORIENTED_EDGE('', *, *, #8085, .F.);
#14449 = ORIENTED_EDGE('', *, *, #8086, .T.);
#14450 = ORIENTED_EDGE('', *, *, #8089, .T.);
#14451 = ORIENTED_EDGE('', *, *, #8090, .F.);
#14452 = ORIENTED_EDGE('', *, *, #8095, .F.);
#14453 = ORIENTED_EDGE('', *, *, #8096, .T.);
#14454 = ORIENTED_EDGE('', *, *, #8099, .T.);
#14455 = ORIENTED_EDGE('', *, *, #8100, .F.);
#14456 = ORIENTED_EDGE('', *, *, #8105, .F.);
#14457 = ORIENTED_EDGE('', *, *, #8106, .T.);
#14458 = ORIENTED_EDGE('', *, *, #8109, .T.);
#14459 = ORIENTED_EDGE('', *, *, #8110, .F.);
#14460 = ORIENTED_EDGE('', *, *, #8115, .F.);
#14461 = ORIENTED_EDGE('', *, *, #8116, .T.);
#14462 = ORIENTED_EDGE('', *, *, #8119, .T.);
#14463 = ORIENTED_EDGE('', *, *, #8120, .F.);
#14464 = EDGE_LOOP('', (#14424, #14425, #14426, #14427));
#14465 = FACE_BOUND('', #14464, .T.);
#14466 = EDGE_LOOP('', (#14428, #14429, #14430, #14431));
#14467 = FACE_BOUND('', #14466, .T.);
#14468 = EDGE_LOOP('', (#14432, #14433, #14434, #14435));
#14469 = FACE_BOUND('', #14468, .T.);
#14470 = EDGE_LOOP('', (#14436, #14437, #14438, #14439));
#14471 = FACE_BOUND('', #14470, .T.);
#14472 = EDGE_LOOP('', (#14440, #14441, #14442, #14443));
#14473 = FACE_BOUND('', #14472, .T.);
#14474 = EDGE_LOOP('', (#14444, #14445, #14446, #14447));
#14475 = FACE_BOUND('', #14474, .T.);
#14476 = EDGE_LOOP('', (#14448, #14449, #14450, #14451));
#14477 = FACE_BOUND('', #14476, .T.);
#14478 = EDGE_LOOP('', (#14452, #14453, #14454, #14455));
#14479 = FACE_BOUND('', #14478, .T.);
#14480 = EDGE_LOOP('', (#14456, #14457, #14458, #14459));
#14481 = FACE_BOUND('', #14480, .T.);
#14482 = EDGE_LOOP('', (#14460, #14461, #14462, #14463));
#14483 = FACE_BOUND('', #14482, .T.);
#14484 = ADVANCED_FACE('', (#14465, #14467, #14469, #14471, #14473, #14475, #14477, #14479, #14481, #14483), #10663, .T.);
#14485 = ORIENTED_EDGE('', *, *, #8038, .F.);
#14486 = ORIENTED_EDGE('', *, *, #8033, .F.);
#14487 = ORIENTED_EDGE('', *, *, #8042, .T.);
#14488 = ORIENTED_EDGE('', *, *, #8035, .T.);
#14489 = ORIENTED_EDGE('', *, *, #8040, .T.);
#14490 = ORIENTED_EDGE('', *, *, #8041, .F.);
#14491 = EDGE_LOOP('', (#14485, #14486, #14487, #14488, #14489, #14490));
#14492 = FACE_BOUND('', #14491, .T.);
#14493 = ADVANCED_FACE('', (#14492), #10668, .F.);
#14494 = ORIENTED_EDGE('', *, *, #8039, .F.);
#14495 = ORIENTED_EDGE('', *, *, #8036, .F.);
#14496 = ORIENTED_EDGE('', *, *, #8042, .F.);
#14497 = ORIENTED_EDGE('', *, *, #8034, .T.);
#14498 = ORIENTED_EDGE('', *, *, #8037, .T.);
#14499 = ORIENTED_EDGE('', *, *, #8041, .T.);
#14500 = EDGE_LOOP('', (#14494, #14495, #14496, #14497, #14498, #14499));
#14501 = FACE_BOUND('', #14500, .T.);
#14502 = ADVANCED_FACE('', (#14501), #10668, .F.);
#14503 = ORIENTED_EDGE('', *, *, #8048, .F.);
#14504 = ORIENTED_EDGE('', *, *, #8043, .F.);
#14505 = ORIENTED_EDGE('', *, *, #8052, .T.);
#14506 = ORIENTED_EDGE('', *, *, #8045, .T.);
#14507 = ORIENTED_EDGE('', *, *, #8050, .T.);
#14508 = ORIENTED_EDGE('', *, *, #8051, .F.);
#14509 = EDGE_LOOP('', (#14503, #14504, #14505, #14506, #14507, #14508));
#14510 = FACE_BOUND('', #14509, .T.);
#14511 = ADVANCED_FACE('', (#14510), #10673, .F.);
#14512 = ORIENTED_EDGE('', *, *, #8049, .F.);
#14513 = ORIENTED_EDGE('', *, *, #8046, .F.);
#14514 = ORIENTED_EDGE('', *, *, #8052, .F.);
#14515 = ORIENTED_EDGE('', *, *, #8044, .T.);
#14516 = ORIENTED_EDGE('', *, *, #8047, .T.);
#14517 = ORIENTED_EDGE('', *, *, #8051, .T.);
#14518 = EDGE_LOOP('', (#14512, #14513, #14514, #14515, #14516, #14517));
#14519 = FACE_BOUND('', #14518, .T.);
#14520 = ADVANCED_FACE('', (#14519), #10673, .F.);
#14521 = ORIENTED_EDGE('', *, *, #8058, .F.);
#14522 = ORIENTED_EDGE('', *, *, #8053, .F.);
#14523 = ORIENTED_EDGE('', *, *, #8062, .T.);
#14524 = ORIENTED_EDGE('', *, *, #8055, .T.);
#14525 = ORIENTED_EDGE('', *, *, #8060, .T.);
#14526 = ORIENTED_EDGE('', *, *, #8061, .F.);
#14527 = EDGE_LOOP('', (#14521, #14522, #14523, #14524, #14525, #14526));
#14528 = FACE_BOUND('', #14527, .T.);
#14529 = ADVANCED_FACE('', (#14528), #10678, .F.);
#14530 = ORIENTED_EDGE('', *, *, #8059, .F.);
#14531 = ORIENTED_EDGE('', *, *, #8056, .F.);
#14532 = ORIENTED_EDGE('', *, *, #8062, .F.);
#14533 = ORIENTED_EDGE('', *, *, #8054, .T.);
#14534 = ORIENTED_EDGE('', *, *, #8057, .T.);
#14535 = ORIENTED_EDGE('', *, *, #8061, .T.);
#14536 = EDGE_LOOP('', (#14530, #14531, #14532, #14533, #14534, #14535));
#14537 = FACE_BOUND('', #14536, .T.);
#14538 = ADVANCED_FACE('', (#14537), #10678, .F.);
#14539 = ORIENTED_EDGE('', *, *, #8068, .F.);
#14540 = ORIENTED_EDGE('', *, *, #8063, .F.);
#14541 = ORIENTED_EDGE('', *, *, #8072, .T.);
#14542 = ORIENTED_EDGE('', *, *, #8065, .T.);
#14543 = ORIENTED_EDGE('', *, *, #8070, .T.);
#14544 = ORIENTED_EDGE('', *, *, #8071, .F.);
#14545 = EDGE_LOOP('', (#14539, #14540, #14541, #14542, #14543, #14544));
#14546 = FACE_BOUND('', #14545, .T.);
#14547 = ADVANCED_FACE('', (#14546), #10683, .F.);
#14548 = ORIENTED_EDGE('', *, *, #8069, .F.);
#14549 = ORIENTED_EDGE('', *, *, #8066, .F.);
#14550 = ORIENTED_EDGE('', *, *, #8072, .F.);
#14551 = ORIENTED_EDGE('', *, *, #8064, .T.);
#14552 = ORIENTED_EDGE('', *, *, #8067, .T.);
#14553 = ORIENTED_EDGE('', *, *, #8071, .T.);
#14554 = EDGE_LOOP('', (#14548, #14549, #14550, #14551, #14552, #14553));
#14555 = FACE_BOUND('', #14554, .T.);
#14556 = ADVANCED_FACE('', (#14555), #10683, .F.);
#14557 = ORIENTED_EDGE('', *, *, #8078, .F.);
#14558 = ORIENTED_EDGE('', *, *, #8073, .F.);
#14559 = ORIENTED_EDGE('', *, *, #8082, .T.);
#14560 = ORIENTED_EDGE('', *, *, #8075, .T.);
#14561 = ORIENTED_EDGE('', *, *, #8080, .T.);
#14562 = ORIENTED_EDGE('', *, *, #8081, .F.);
#14563 = EDGE_LOOP('', (#14557, #14558, #14559, #14560, #14561, #14562));
#14564 = FACE_BOUND('', #14563, .T.);
#14565 = ADVANCED_FACE('', (#14564), #10688, .F.);
#14566 = ORIENTED_EDGE('', *, *, #8079, .F.);
#14567 = ORIENTED_EDGE('', *, *, #8076, .F.);
#14568 = ORIENTED_EDGE('', *, *, #8082, .F.);
#14569 = ORIENTED_EDGE('', *, *, #8074, .T.);
#14570 = ORIENTED_EDGE('', *, *, #8077, .T.);
#14571 = ORIENTED_EDGE('', *, *, #8081, .T.);
#14572 = EDGE_LOOP('', (#14566, #14567, #14568, #14569, #14570, #14571));
#14573 = FACE_BOUND('', #14572, .T.);
#14574 = ADVANCED_FACE('', (#14573), #10688, .F.);
#14575 = ORIENTED_EDGE('', *, *, #8088, .F.);
#14576 = ORIENTED_EDGE('', *, *, #8083, .F.);
#14577 = ORIENTED_EDGE('', *, *, #8092, .T.);
#14578 = ORIENTED_EDGE('', *, *, #8085, .T.);
#14579 = ORIENTED_EDGE('', *, *, #8090, .T.);
#14580 = ORIENTED_EDGE('', *, *, #8091, .F.);
#14581 = EDGE_LOOP('', (#14575, #14576, #14577, #14578, #14579, #14580));
#14582 = FACE_BOUND('', #14581, .T.);
#14583 = ADVANCED_FACE('', (#14582), #10693, .F.);
#14584 = ORIENTED_EDGE('', *, *, #8089, .F.);
#14585 = ORIENTED_EDGE('', *, *, #8086, .F.);
#14586 = ORIENTED_EDGE('', *, *, #8092, .F.);
#14587 = ORIENTED_EDGE('', *, *, #8084, .T.);
#14588 = ORIENTED_EDGE('', *, *, #8087, .T.);
#14589 = ORIENTED_EDGE('', *, *, #8091, .T.);
#14590 = EDGE_LOOP('', (#14584, #14585, #14586, #14587, #14588, #14589));
#14591 = FACE_BOUND('', #14590, .T.);
#14592 = ADVANCED_FACE('', (#14591), #10693, .F.);
#14593 = ORIENTED_EDGE('', *, *, #8098, .F.);
#14594 = ORIENTED_EDGE('', *, *, #8093, .F.);
#14595 = ORIENTED_EDGE('', *, *, #8102, .T.);
#14596 = ORIENTED_EDGE('', *, *, #8095, .T.);
#14597 = ORIENTED_EDGE('', *, *, #8100, .T.);
#14598 = ORIENTED_EDGE('', *, *, #8101, .F.);
#14599 = EDGE_LOOP('', (#14593, #14594, #14595, #14596, #14597, #14598));
#14600 = FACE_BOUND('', #14599, .T.);
#14601 = ADVANCED_FACE('', (#14600), #10698, .F.);
#14602 = ORIENTED_EDGE('', *, *, #8099, .F.);
#14603 = ORIENTED_EDGE('', *, *, #8096, .F.);
#14604 = ORIENTED_EDGE('', *, *, #8102, .F.);
#14605 = ORIENTED_EDGE('', *, *, #8094, .T.);
#14606 = ORIENTED_EDGE('', *, *, #8097, .T.);
#14607 = ORIENTED_EDGE('', *, *, #8101, .T.);
#14608 = EDGE_LOOP('', (#14602, #14603, #14604, #14605, #14606, #14607));
#14609 = FACE_BOUND('', #14608, .T.);
#14610 = ADVANCED_FACE('', (#14609), #10698, .F.);
#14611 = ORIENTED_EDGE('', *, *, #8108, .F.);
#14612 = ORIENTED_EDGE('', *, *, #8103, .F.);
#14613 = ORIENTED_EDGE('', *, *, #8112, .T.);
#14614 = ORIENTED_EDGE('', *, *, #8105, .T.);
#14615 = ORIENTED_EDGE('', *, *, #8110, .T.);
#14616 = ORIENTED_EDGE('', *, *, #8111, .F.);
#14617 = EDGE_LOOP('', (#14611, #14612, #14613, #14614, #14615, #14616));
#14618 = FACE_BOUND('', #14617, .T.);
#14619 = ADVANCED_FACE('', (#14618), #10703, .F.);
#14620 = ORIENTED_EDGE('', *, *, #8109, .F.);
#14621 = ORIENTED_EDGE('', *, *, #8106, .F.);
#14622 = ORIENTED_EDGE('', *, *, #8112, .F.);
#14623 = ORIENTED_EDGE('', *, *, #8104, .T.);
#14624 = ORIENTED_EDGE('', *, *, #8107, .T.);
#14625 = ORIENTED_EDGE('', *, *, #8111, .T.);
#14626 = EDGE_LOOP('', (#14620, #14621, #14622, #14623, #14624, #14625));
#14627 = FACE_BOUND('', #14626, .T.);
#14628 = ADVANCED_FACE('', (#14627), #10703, .F.);
#14629 = ORIENTED_EDGE('', *, *, #8118, .F.);
#14630 = ORIENTED_EDGE('', *, *, #8113, .F.);
#14631 = ORIENTED_EDGE('', *, *, #8122, .T.);
#14632 = ORIENTED_EDGE('', *, *, #8115, .T.);
#14633 = ORIENTED_EDGE('', *, *, #8120, .T.);
#14634 = ORIENTED_EDGE('', *, *, #8121, .F.);
#14635 = EDGE_LOOP('', (#14629, #14630, #14631, #14632, #14633, #14634));
#14636 = FACE_BOUND('', #14635, .T.);
#14637 = ADVANCED_FACE('', (#14636), #10708, .F.);
#14638 = ORIENTED_EDGE('', *, *, #8119, .F.);
#14639 = ORIENTED_EDGE('', *, *, #8116, .F.);
#14640 = ORIENTED_EDGE('', *, *, #8122, .F.);
#14641 = ORIENTED_EDGE('', *, *, #8114, .T.);
#14642 = ORIENTED_EDGE('', *, *, #8117, .T.);
#14643 = ORIENTED_EDGE('', *, *, #8121, .T.);
#14644 = EDGE_LOOP('', (#14638, #14639, #14640, #14641, #14642, #14643));
#14645 = FACE_BOUND('', #14644, .T.);
#14646 = ADVANCED_FACE('', (#14645), #10708, .F.);
#14647 = ORIENTED_EDGE('', *, *, #8123, .T.);
#14648 = ORIENTED_EDGE('', *, *, #8124, .T.);
#14649 = ORIENTED_EDGE('', *, *, #8125, .F.);
#14650 = ORIENTED_EDGE('', *, *, #8126, .F.);
#14651 = EDGE_LOOP('', (#14647, #14648, #14649, #14650));
#14652 = FACE_BOUND('', #14651, .T.);
#14653 = ADVANCED_FACE('', (#14652), #10712, .T.);
#14654 = ORIENTED_EDGE('', *, *, #8127, .T.);
#14655 = ORIENTED_EDGE('', *, *, #8128, .T.);
#14656 = ORIENTED_EDGE('', *, *, #8129, .F.);
#14657 = ORIENTED_EDGE('', *, *, #8124, .F.);
#14658 = EDGE_LOOP('', (#14654, #14655, #14656, #14657));
#14659 = FACE_BOUND('', #14658, .T.);
#14660 = ADVANCED_FACE('', (#14659), #10716, .T.);
#14661 = ORIENTED_EDGE('', *, *, #8130, .T.);
#14662 = ORIENTED_EDGE('', *, *, #8131, .T.);
#14663 = ORIENTED_EDGE('', *, *, #8132, .F.);
#14664 = ORIENTED_EDGE('', *, *, #8128, .F.);
#14665 = EDGE_LOOP('', (#14661, #14662, #14663, #14664));
#14666 = FACE_BOUND('', #14665, .T.);
#14667 = ADVANCED_FACE('', (#14666), #10720, .T.);
#14668 = ORIENTED_EDGE('', *, *, #8133, .T.);
#14669 = ORIENTED_EDGE('', *, *, #8126, .T.);
#14670 = ORIENTED_EDGE('', *, *, #8134, .F.);
#14671 = ORIENTED_EDGE('', *, *, #8131, .F.);
#14672 = EDGE_LOOP('', (#14668, #14669, #14670, #14671));
#14673 = FACE_BOUND('', #14672, .T.);
#14674 = ADVANCED_FACE('', (#14673), #10724, .T.);
#14675 = ORIENTED_EDGE('', *, *, #8133, .F.);
#14676 = ORIENTED_EDGE('', *, *, #8130, .F.);
#14677 = ORIENTED_EDGE('', *, *, #8127, .F.);
#14678 = ORIENTED_EDGE('', *, *, #8123, .F.);
#14679 = ORIENTED_EDGE('', *, *, #8140, .T.);
#14680 = ORIENTED_EDGE('', *, *, #8139, .F.);
#14681 = ORIENTED_EDGE('', *, *, #8136, .F.);
#14682 = ORIENTED_EDGE('', *, *, #8135, .T.);
#14683 = ORIENTED_EDGE('', *, *, #8150, .T.);
#14684 = ORIENTED_EDGE('', *, *, #8149, .F.);
#14685 = ORIENTED_EDGE('', *, *, #8146, .F.);
#14686 = ORIENTED_EDGE('', *, *, #8145, .T.);
#14687 = ORIENTED_EDGE('', *, *, #8160, .T.);
#14688 = ORIENTED_EDGE('', *, *, #8159, .F.);
#14689 = ORIENTED_EDGE('', *, *, #8156, .F.);
#14690 = ORIENTED_EDGE('', *, *, #8155, .T.);
#14691 = ORIENTED_EDGE('', *, *, #8170, .T.);
#14692 = ORIENTED_EDGE('', *, *, #8169, .F.);
#14693 = ORIENTED_EDGE('', *, *, #8166, .F.);
#14694 = ORIENTED_EDGE('', *, *, #8165, .T.);
#14695 = ORIENTED_EDGE('', *, *, #8180, .T.);
#14696 = ORIENTED_EDGE('', *, *, #8179, .F.);
#14697 = ORIENTED_EDGE('', *, *, #8176, .F.);
#14698 = ORIENTED_EDGE('', *, *, #8175, .T.);
#14699 = ORIENTED_EDGE('', *, *, #8190, .T.);
#14700 = ORIENTED_EDGE('', *, *, #8189, .F.);
#14701 = ORIENTED_EDGE('', *, *, #8186, .F.);
#14702 = ORIENTED_EDGE('', *, *, #8185, .T.);
#14703 = ORIENTED_EDGE('', *, *, #8200, .T.);
#14704 = ORIENTED_EDGE('', *, *, #8199, .F.);
#14705 = ORIENTED_EDGE('', *, *, #8196, .F.);
#14706 = ORIENTED_EDGE('', *, *, #8195, .T.);
#14707 = ORIENTED_EDGE('', *, *, #8210, .T.);
#14708 = ORIENTED_EDGE('', *, *, #8209, .F.);
#14709 = ORIENTED_EDGE('', *, *, #8206, .F.);
#14710 = ORIENTED_EDGE('', *, *, #8205, .T.);
#14711 = ORIENTED_EDGE('', *, *, #8220, .T.);
#14712 = ORIENTED_EDGE('', *, *, #8219, .F.);
#14713 = ORIENTED_EDGE('', *, *, #8216, .F.);
#14714 = ORIENTED_EDGE('', *, *, #8215, .T.);
#14715 = EDGE_LOOP('', (#14675, #14676, #14677, #14678));
#14716 = FACE_BOUND('', #14715, .T.);
#14717 = EDGE_LOOP('', (#14679, #14680, #14681, #14682));
#14718 = FACE_BOUND('', #14717, .T.);
#14719 = EDGE_LOOP('', (#14683, #14684, #14685, #14686));
#14720 = FACE_BOUND('', #14719, .T.);
#14721 = EDGE_LOOP('', (#14687, #14688, #14689, #14690));
#14722 = FACE_BOUND('', #14721, .T.);
#14723 = EDGE_LOOP('', (#14691, #14692, #14693, #14694));
#14724 = FACE_BOUND('', #14723, .T.);
#14725 = EDGE_LOOP('', (#14695, #14696, #14697, #14698));
#14726 = FACE_BOUND('', #14725, .T.);
#14727 = EDGE_LOOP('', (#14699, #14700, #14701, #14702));
#14728 = FACE_BOUND('', #14727, .T.);
#14729 = EDGE_LOOP('', (#14703, #14704, #14705, #14706));
#14730 = FACE_BOUND('', #14729, .T.);
#14731 = EDGE_LOOP('', (#14707, #14708, #14709, #14710));
#14732 = FACE_BOUND('', #14731, .T.);
#14733 = EDGE_LOOP('', (#14711, #14712, #14713, #14714));
#14734 = FACE_BOUND('', #14733, .T.);
#14735 = ADVANCED_FACE('', (#14716, #14718, #14720, #14722, #14724, #14726, #14728, #14730, #14732, #14734), #10728, .F.);
#14736 = ORIENTED_EDGE('', *, *, #8125, .T.);
#14737 = ORIENTED_EDGE('', *, *, #8129, .T.);
#14738 = ORIENTED_EDGE('', *, *, #8132, .T.);
#14739 = ORIENTED_EDGE('', *, *, #8134, .T.);
#14740 = ORIENTED_EDGE('', *, *, #8137, .F.);
#14741 = ORIENTED_EDGE('', *, *, #8138, .T.);
#14742 = ORIENTED_EDGE('', *, *, #8141, .T.);
#14743 = ORIENTED_EDGE('', *, *, #8142, .F.);
#14744 = ORIENTED_EDGE('', *, *, #8147, .F.);
#14745 = ORIENTED_EDGE('', *, *, #8148, .T.);
#14746 = ORIENTED_EDGE('', *, *, #8151, .T.);
#14747 = ORIENTED_EDGE('', *, *, #8152, .F.);
#14748 = ORIENTED_EDGE('', *, *, #8157, .F.);
#14749 = ORIENTED_EDGE('', *, *, #8158, .T.);
#14750 = ORIENTED_EDGE('', *, *, #8161, .T.);
#14751 = ORIENTED_EDGE('', *, *, #8162, .F.);
#14752 = ORIENTED_EDGE('', *, *, #8167, .F.);
#14753 = ORIENTED_EDGE('', *, *, #8168, .T.);
#14754 = ORIENTED_EDGE('', *, *, #8171, .T.);
#14755 = ORIENTED_EDGE('', *, *, #8172, .F.);
#14756 = ORIENTED_EDGE('', *, *, #8177, .F.);
#14757 = ORIENTED_EDGE('', *, *, #8178, .T.);
#14758 = ORIENTED_EDGE('', *, *, #8181, .T.);
#14759 = ORIENTED_EDGE('', *, *, #8182, .F.);
#14760 = ORIENTED_EDGE('', *, *, #8187, .F.);
#14761 = ORIENTED_EDGE('', *, *, #8188, .T.);
#14762 = ORIENTED_EDGE('', *, *, #8191, .T.);
#14763 = ORIENTED_EDGE('', *, *, #8192, .F.);
#14764 = ORIENTED_EDGE('', *, *, #8197, .F.);
#14765 = ORIENTED_EDGE('', *, *, #8198, .T.);
#14766 = ORIENTED_EDGE('', *, *, #8201, .T.);
#14767 = ORIENTED_EDGE('', *, *, #8202, .F.);
#14768 = ORIENTED_EDGE('', *, *, #8207, .F.);
#14769 = ORIENTED_EDGE('', *, *, #8208, .T.);
#14770 = ORIENTED_EDGE('', *, *, #8211, .T.);
#14771 = ORIENTED_EDGE('', *, *, #8212, .F.);
#14772 = ORIENTED_EDGE('', *, *, #8217, .F.);
#14773 = ORIENTED_EDGE('', *, *, #8218, .T.);
#14774 = ORIENTED_EDGE('', *, *, #8221, .T.);
#14775 = ORIENTED_EDGE('', *, *, #8222, .F.);
#14776 = EDGE_LOOP('', (#14736, #14737, #14738, #14739));
#14777 = FACE_BOUND('', #14776, .T.);
#14778 = EDGE_LOOP('', (#14740, #14741, #14742, #14743));
#14779 = FACE_BOUND('', #14778, .T.);
#14780 = EDGE_LOOP('', (#14744, #14745, #14746, #14747));
#14781 = FACE_BOUND('', #14780, .T.);
#14782 = EDGE_LOOP('', (#14748, #14749, #14750, #14751));
#14783 = FACE_BOUND('', #14782, .T.);
#14784 = EDGE_LOOP('', (#14752, #14753, #14754, #14755));
#14785 = FACE_BOUND('', #14784, .T.);
#14786 = EDGE_LOOP('', (#14756, #14757, #14758, #14759));
#14787 = FACE_BOUND('', #14786, .T.);
#14788 = EDGE_LOOP('', (#14760, #14761, #14762, #14763));
#14789 = FACE_BOUND('', #14788, .T.);
#14790 = EDGE_LOOP('', (#14764, #14765, #14766, #14767));
#14791 = FACE_BOUND('', #14790, .T.);
#14792 = EDGE_LOOP('', (#14768, #14769, #14770, #14771));
#14793 = FACE_BOUND('', #14792, .T.);
#14794 = EDGE_LOOP('', (#14772, #14773, #14774, #14775));
#14795 = FACE_BOUND('', #14794, .T.);
#14796 = ADVANCED_FACE('', (#14777, #14779, #14781, #14783, #14785, #14787, #14789, #14791, #14793, #14795), #10732, .T.);
#14797 = ORIENTED_EDGE('', *, *, #8140, .F.);
#14798 = ORIENTED_EDGE('', *, *, #8135, .F.);
#14799 = ORIENTED_EDGE('', *, *, #8144, .T.);
#14800 = ORIENTED_EDGE('', *, *, #8137, .T.);
#14801 = ORIENTED_EDGE('', *, *, #8142, .T.);
#14802 = ORIENTED_EDGE('', *, *, #8143, .F.);
#14803 = EDGE_LOOP('', (#14797, #14798, #14799, #14800, #14801, #14802));
#14804 = FACE_BOUND('', #14803, .T.);
#14805 = ADVANCED_FACE('', (#14804), #10737, .F.);
#14806 = ORIENTED_EDGE('', *, *, #8141, .F.);
#14807 = ORIENTED_EDGE('', *, *, #8138, .F.);
#14808 = ORIENTED_EDGE('', *, *, #8144, .F.);
#14809 = ORIENTED_EDGE('', *, *, #8136, .T.);
#14810 = ORIENTED_EDGE('', *, *, #8139, .T.);
#14811 = ORIENTED_EDGE('', *, *, #8143, .T.);
#14812 = EDGE_LOOP('', (#14806, #14807, #14808, #14809, #14810, #14811));
#14813 = FACE_BOUND('', #14812, .T.);
#14814 = ADVANCED_FACE('', (#14813), #10737, .F.);
#14815 = ORIENTED_EDGE('', *, *, #8150, .F.);
#14816 = ORIENTED_EDGE('', *, *, #8145, .F.);
#14817 = ORIENTED_EDGE('', *, *, #8154, .T.);
#14818 = ORIENTED_EDGE('', *, *, #8147, .T.);
#14819 = ORIENTED_EDGE('', *, *, #8152, .T.);
#14820 = ORIENTED_EDGE('', *, *, #8153, .F.);
#14821 = EDGE_LOOP('', (#14815, #14816, #14817, #14818, #14819, #14820));
#14822 = FACE_BOUND('', #14821, .T.);
#14823 = ADVANCED_FACE('', (#14822), #10742, .F.);
#14824 = ORIENTED_EDGE('', *, *, #8151, .F.);
#14825 = ORIENTED_EDGE('', *, *, #8148, .F.);
#14826 = ORIENTED_EDGE('', *, *, #8154, .F.);
#14827 = ORIENTED_EDGE('', *, *, #8146, .T.);
#14828 = ORIENTED_EDGE('', *, *, #8149, .T.);
#14829 = ORIENTED_EDGE('', *, *, #8153, .T.);
#14830 = EDGE_LOOP('', (#14824, #14825, #14826, #14827, #14828, #14829));
#14831 = FACE_BOUND('', #14830, .T.);
#14832 = ADVANCED_FACE('', (#14831), #10742, .F.);
#14833 = ORIENTED_EDGE('', *, *, #8160, .F.);
#14834 = ORIENTED_EDGE('', *, *, #8155, .F.);
#14835 = ORIENTED_EDGE('', *, *, #8164, .T.);
#14836 = ORIENTED_EDGE('', *, *, #8157, .T.);
#14837 = ORIENTED_EDGE('', *, *, #8162, .T.);
#14838 = ORIENTED_EDGE('', *, *, #8163, .F.);
#14839 = EDGE_LOOP('', (#14833, #14834, #14835, #14836, #14837, #14838));
#14840 = FACE_BOUND('', #14839, .T.);
#14841 = ADVANCED_FACE('', (#14840), #10747, .F.);
#14842 = ORIENTED_EDGE('', *, *, #8161, .F.);
#14843 = ORIENTED_EDGE('', *, *, #8158, .F.);
#14844 = ORIENTED_EDGE('', *, *, #8164, .F.);
#14845 = ORIENTED_EDGE('', *, *, #8156, .T.);
#14846 = ORIENTED_EDGE('', *, *, #8159, .T.);
#14847 = ORIENTED_EDGE('', *, *, #8163, .T.);
#14848 = EDGE_LOOP('', (#14842, #14843, #14844, #14845, #14846, #14847));
#14849 = FACE_BOUND('', #14848, .T.);
#14850 = ADVANCED_FACE('', (#14849), #10747, .F.);
#14851 = ORIENTED_EDGE('', *, *, #8170, .F.);
#14852 = ORIENTED_EDGE('', *, *, #8165, .F.);
#14853 = ORIENTED_EDGE('', *, *, #8174, .T.);
#14854 = ORIENTED_EDGE('', *, *, #8167, .T.);
#14855 = ORIENTED_EDGE('', *, *, #8172, .T.);
#14856 = ORIENTED_EDGE('', *, *, #8173, .F.);
#14857 = EDGE_LOOP('', (#14851, #14852, #14853, #14854, #14855, #14856));
#14858 = FACE_BOUND('', #14857, .T.);
#14859 = ADVANCED_FACE('', (#14858), #10752, .F.);
#14860 = ORIENTED_EDGE('', *, *, #8171, .F.);
#14861 = ORIENTED_EDGE('', *, *, #8168, .F.);
#14862 = ORIENTED_EDGE('', *, *, #8174, .F.);
#14863 = ORIENTED_EDGE('', *, *, #8166, .T.);
#14864 = ORIENTED_EDGE('', *, *, #8169, .T.);
#14865 = ORIENTED_EDGE('', *, *, #8173, .T.);
#14866 = EDGE_LOOP('', (#14860, #14861, #14862, #14863, #14864, #14865));
#14867 = FACE_BOUND('', #14866, .T.);
#14868 = ADVANCED_FACE('', (#14867), #10752, .F.);
#14869 = ORIENTED_EDGE('', *, *, #8180, .F.);
#14870 = ORIENTED_EDGE('', *, *, #8175, .F.);
#14871 = ORIENTED_EDGE('', *, *, #8184, .T.);
#14872 = ORIENTED_EDGE('', *, *, #8177, .T.);
#14873 = ORIENTED_EDGE('', *, *, #8182, .T.);
#14874 = ORIENTED_EDGE('', *, *, #8183, .F.);
#14875 = EDGE_LOOP('', (#14869, #14870, #14871, #14872, #14873, #14874));
#14876 = FACE_BOUND('', #14875, .T.);
#14877 = ADVANCED_FACE('', (#14876), #10757, .F.);
#14878 = ORIENTED_EDGE('', *, *, #8181, .F.);
#14879 = ORIENTED_EDGE('', *, *, #8178, .F.);
#14880 = ORIENTED_EDGE('', *, *, #8184, .F.);
#14881 = ORIENTED_EDGE('', *, *, #8176, .T.);
#14882 = ORIENTED_EDGE('', *, *, #8179, .T.);
#14883 = ORIENTED_EDGE('', *, *, #8183, .T.);
#14884 = EDGE_LOOP('', (#14878, #14879, #14880, #14881, #14882, #14883));
#14885 = FACE_BOUND('', #14884, .T.);
#14886 = ADVANCED_FACE('', (#14885), #10757, .F.);
#14887 = ORIENTED_EDGE('', *, *, #8190, .F.);
#14888 = ORIENTED_EDGE('', *, *, #8185, .F.);
#14889 = ORIENTED_EDGE('', *, *, #8194, .T.);
#14890 = ORIENTED_EDGE('', *, *, #8187, .T.);
#14891 = ORIENTED_EDGE('', *, *, #8192, .T.);
#14892 = ORIENTED_EDGE('', *, *, #8193, .F.);
#14893 = EDGE_LOOP('', (#14887, #14888, #14889, #14890, #14891, #14892));
#14894 = FACE_BOUND('', #14893, .T.);
#14895 = ADVANCED_FACE('', (#14894), #10762, .F.);
#14896 = ORIENTED_EDGE('', *, *, #8191, .F.);
#14897 = ORIENTED_EDGE('', *, *, #8188, .F.);
#14898 = ORIENTED_EDGE('', *, *, #8194, .F.);
#14899 = ORIENTED_EDGE('', *, *, #8186, .T.);
#14900 = ORIENTED_EDGE('', *, *, #8189, .T.);
#14901 = ORIENTED_EDGE('', *, *, #8193, .T.);
#14902 = EDGE_LOOP('', (#14896, #14897, #14898, #14899, #14900, #14901));
#14903 = FACE_BOUND('', #14902, .T.);
#14904 = ADVANCED_FACE('', (#14903), #10762, .F.);
#14905 = ORIENTED_EDGE('', *, *, #8200, .F.);
#14906 = ORIENTED_EDGE('', *, *, #8195, .F.);
#14907 = ORIENTED_EDGE('', *, *, #8204, .T.);
#14908 = ORIENTED_EDGE('', *, *, #8197, .T.);
#14909 = ORIENTED_EDGE('', *, *, #8202, .T.);
#14910 = ORIENTED_EDGE('', *, *, #8203, .F.);
#14911 = EDGE_LOOP('', (#14905, #14906, #14907, #14908, #14909, #14910));
#14912 = FACE_BOUND('', #14911, .T.);
#14913 = ADVANCED_FACE('', (#14912), #10767, .F.);
#14914 = ORIENTED_EDGE('', *, *, #8201, .F.);
#14915 = ORIENTED_EDGE('', *, *, #8198, .F.);
#14916 = ORIENTED_EDGE('', *, *, #8204, .F.);
#14917 = ORIENTED_EDGE('', *, *, #8196, .T.);
#14918 = ORIENTED_EDGE('', *, *, #8199, .T.);
#14919 = ORIENTED_EDGE('', *, *, #8203, .T.);
#14920 = EDGE_LOOP('', (#14914, #14915, #14916, #14917, #14918, #14919));
#14921 = FACE_BOUND('', #14920, .T.);
#14922 = ADVANCED_FACE('', (#14921), #10767, .F.);
#14923 = ORIENTED_EDGE('', *, *, #8210, .F.);
#14924 = ORIENTED_EDGE('', *, *, #8205, .F.);
#14925 = ORIENTED_EDGE('', *, *, #8214, .T.);
#14926 = ORIENTED_EDGE('', *, *, #8207, .T.);
#14927 = ORIENTED_EDGE('', *, *, #8212, .T.);
#14928 = ORIENTED_EDGE('', *, *, #8213, .F.);
#14929 = EDGE_LOOP('', (#14923, #14924, #14925, #14926, #14927, #14928));
#14930 = FACE_BOUND('', #14929, .T.);
#14931 = ADVANCED_FACE('', (#14930), #10772, .F.);
#14932 = ORIENTED_EDGE('', *, *, #8211, .F.);
#14933 = ORIENTED_EDGE('', *, *, #8208, .F.);
#14934 = ORIENTED_EDGE('', *, *, #8214, .F.);
#14935 = ORIENTED_EDGE('', *, *, #8206, .T.);
#14936 = ORIENTED_EDGE('', *, *, #8209, .T.);
#14937 = ORIENTED_EDGE('', *, *, #8213, .T.);
#14938 = EDGE_LOOP('', (#14932, #14933, #14934, #14935, #14936, #14937));
#14939 = FACE_BOUND('', #14938, .T.);
#14940 = ADVANCED_FACE('', (#14939), #10772, .F.);
#14941 = ORIENTED_EDGE('', *, *, #8220, .F.);
#14942 = ORIENTED_EDGE('', *, *, #8215, .F.);
#14943 = ORIENTED_EDGE('', *, *, #8224, .T.);
#14944 = ORIENTED_EDGE('', *, *, #8217, .T.);
#14945 = ORIENTED_EDGE('', *, *, #8222, .T.);
#14946 = ORIENTED_EDGE('', *, *, #8223, .F.);
#14947 = EDGE_LOOP('', (#14941, #14942, #14943, #14944, #14945, #14946));
#14948 = FACE_BOUND('', #14947, .T.);
#14949 = ADVANCED_FACE('', (#14948), #10777, .F.);
#14950 = ORIENTED_EDGE('', *, *, #8221, .F.);
#14951 = ORIENTED_EDGE('', *, *, #8218, .F.);
#14952 = ORIENTED_EDGE('', *, *, #8224, .F.);
#14953 = ORIENTED_EDGE('', *, *, #8216, .T.);
#14954 = ORIENTED_EDGE('', *, *, #8219, .T.);
#14955 = ORIENTED_EDGE('', *, *, #8223, .T.);
#14956 = EDGE_LOOP('', (#14950, #14951, #14952, #14953, #14954, #14955));
#14957 = FACE_BOUND('', #14956, .T.);
#14958 = ADVANCED_FACE('', (#14957), #10777, .F.);
#14959 = CLOSED_SHELL('', (#10784, #10791, #10798, #10805, #10818, #10831, #10840, #10849));
#14960 = CLOSED_SHELL('', (#10856, #10863, #10870, #10877, #10884, #10891));
#14961 = CLOSED_SHELL('', (#10898, #10902, #10906));
#14962 = CLOSED_SHELL('', (#10913, #10917, #10921));
#14963 = CLOSED_SHELL('', (#10928, #10932, #10936));
#14964 = CLOSED_SHELL('', (#10943, #10947, #10951));
#14965 = CLOSED_SHELL('', (#10958, #10962, #10966));
#14966 = CLOSED_SHELL('', (#10973, #10977, #10981));
#14967 = CLOSED_SHELL('', (#10988, #10992, #10996));
#14968 = CLOSED_SHELL('', (#11003, #11007, #11011));
#14969 = CLOSED_SHELL('', (#11018, #11022, #11026));
#14970 = CLOSED_SHELL('', (#11033, #11037, #11041));
#14971 = CLOSED_SHELL('', (#11048, #11052, #11056));
#14972 = CLOSED_SHELL('', (#11063, #11067, #11071));
#14973 = CLOSED_SHELL('', (#11078, #11082, #11086));
#14974 = CLOSED_SHELL('', (#11093, #11097, #11101));
#14975 = CLOSED_SHELL('', (#11108, #11112, #11116));
#14976 = CLOSED_SHELL('', (#11123, #11127, #11131));
#14977 = CLOSED_SHELL('', (#11138, #11142, #11146));
#14978 = CLOSED_SHELL('', (#11153, #11157, #11161));
#14979 = CLOSED_SHELL('', (#11168, #11172, #11176));
#14980 = CLOSED_SHELL('', (#11183, #11187, #11191));
#14981 = CLOSED_SHELL('', (#11198, #11202, #11206));
#14982 = CLOSED_SHELL('', (#11213, #11217, #11221));
#14983 = CLOSED_SHELL('', (#11228, #11232, #11236));
#14984 = CLOSED_SHELL('', (#11243, #11247, #11251));
#14985 = CLOSED_SHELL('', (#11258, #11262, #11266));
#14986 = CLOSED_SHELL('', (#11273, #11277, #11281));
#14987 = CLOSED_SHELL('', (#11288, #11292, #11296));
#14988 = CLOSED_SHELL('', (#11303, #11307, #11311));
#14989 = CLOSED_SHELL('', (#11318, #11322, #11326));
#14990 = CLOSED_SHELL('', (#11333, #11337, #11341));
#14991 = CLOSED_SHELL('', (#11348, #11352, #11356));
#14992 = CLOSED_SHELL('', (#11363, #11367, #11371));
#14993 = CLOSED_SHELL('', (#11378, #11382, #11386));
#14994 = CLOSED_SHELL('', (#11393, #11397, #11401));
#14995 = CLOSED_SHELL('', (#11408, #11412, #11416));
#14996 = CLOSED_SHELL('', (#11423, #11430, #11437, #11444, #11451, #11458));
#14997 = CLOSED_SHELL('', (#11465, #11469, #11473));
#14998 = CLOSED_SHELL('', (#11480, #11487, #11494, #11501, #11508, #11515));
#14999 = CLOSED_SHELL('', (#11522, #11526, #11530));
#15000 = CLOSED_SHELL('', (#11537, #11544, #11551, #11558, #11565, #11572));
#15001 = CLOSED_SHELL('', (#11579, #11586, #11593, #11600, #11607, #11614));
#15002 = CLOSED_SHELL('', (#11621, #11625, #11629));
#15003 = CLOSED_SHELL('', (#11636, #11640, #11644));
#15004 = CLOSED_SHELL('', (#11651, #11655, #11659));
#15005 = CLOSED_SHELL('', (#11666, #11670, #11674));
#15006 = CLOSED_SHELL('', (#11681, #11688, #11695, #11702, #11709, #11716));
#15007 = CLOSED_SHELL('', (#11723, #11727, #11731));
#15008 = CLOSED_SHELL('', (#11738, #11745, #11752, #11759, #11766, #11773));
#15009 = CLOSED_SHELL('', (#11780, #11787, #11794, #11801, #11808, #11815));
#15010 = CLOSED_SHELL('', (#11822, #11829, #11836, #11843, #11850, #11857));
#15011 = CLOSED_SHELL('', (#11864, #11871, #11878, #11885, #11892, #11899));
#15012 = CLOSED_SHELL('', (#11906, #11910, #11914));
#15013 = CLOSED_SHELL('', (#11921, #11925, #11929));
#15014 = CLOSED_SHELL('', (#11936, #11940, #11944));
#15015 = CLOSED_SHELL('', (#11951, #11955, #11959));
#15016 = CLOSED_SHELL('', (#11964));
#15017 = CLOSED_SHELL('', (#11971, #11975, #11979));
#15018 = CLOSED_SHELL('', (#11986, #11990, #11994));
#15019 = CLOSED_SHELL('', (#12001, #12005, #12009));
#15020 = CLOSED_SHELL('', (#12016, #12020, #12024));
#15021 = CLOSED_SHELL('', (#12031, #12035, #12039));
#15022 = CLOSED_SHELL('', (#12046, #12050, #12054));
#15023 = CLOSED_SHELL('', (#12061, #12065, #12069));
#15024 = CLOSED_SHELL('', (#12076, #12080, #12084));
#15025 = CLOSED_SHELL('', (#12091, #12095, #12099));
#15026 = CLOSED_SHELL('', (#12106, #12110, #12114));
#15027 = CLOSED_SHELL('', (#12121, #12125, #12129));
#15028 = CLOSED_SHELL('', (#12136, #12140, #12144));
#15029 = CLOSED_SHELL('', (#12151, #12155, #12159));
#15030 = CLOSED_SHELL('', (#12164));
#15031 = CLOSED_SHELL('', (#12169));
#15032 = CLOSED_SHELL('', (#12176, #12183, #12190, #12197, #12204, #12211));
#15033 = CLOSED_SHELL('', (#12218, #12225, #12232, #12239, #12246, #12253));
#15034 = CLOSED_SHELL('', (#12260, #12267, #12274, #12281, #12288, #12295));
#15035 = CLOSED_SHELL('', (#12302, #12309, #12316, #12323, #12330, #12337));
#15036 = CLOSED_SHELL('', (#12344, #12351, #12358, #12365, #12372, #12379, #12386, #12393, #12404, #12415));
#15037 = CLOSED_SHELL('', (#12422, #12426, #12430));
#15038 = CLOSED_SHELL('', (#12437, #12444, #12451, #12458, #12465, #12472));
#15039 = CLOSED_SHELL('', (#12479, #12486, #12493, #12500, #12507, #12514));
#15040 = CLOSED_SHELL('', (#12521, #12528, #12535, #12542, #12549, #12556));
#15041 = CLOSED_SHELL('', (#12563, #12570, #12577, #12584, #12591, #12598));
#15042 = CLOSED_SHELL('', (#12605, #12612, #12619, #12626, #12633, #12640));
#15043 = CLOSED_SHELL('', (#12647, #12654, #12661, #12668, #12681, #12694, #12703, #12712));
#15044 = CLOSED_SHELL('', (#12719, #12724, #12735, #12742, #12750, #12755, #12763));
#15045 = CLOSED_SHELL('', (#12770, #12775, #12786, #12793, #12798, #12806, #12814));
#15046 = CLOSED_SHELL('', (#12821, #12826, #12837, #12844, #12849, #12857, #12865));
#15047 = CLOSED_SHELL('', (#12872, #12877, #12888, #12895, #12900, #12908, #12916));
#15048 = CLOSED_SHELL('', (#12923, #12928, #12939, #12946, #12951, #12959, #12967));
#15049 = CLOSED_SHELL('', (#12974, #12985, #12990, #12997, #13005, #13010, #13018));
#15050 = CLOSED_SHELL('', (#13025, #13036, #13041, #13048, #13056, #13061, #13069));
#15051 = CLOSED_SHELL('', (#13076, #13083, #13090, #13097, #13104, #13117, #13125, #13130, #13138));
#15052 = CLOSED_SHELL('', (#13145, #13152, #13159, #13166, #13173, #13180, #13187, #13194, #13201, #13208, #13215, #13222, #13229, #13236, #13243, #13252, #13261, #13268, #13275, #13282));
#15053 = CLOSED_SHELL('', (#13289, #13296, #13303, #13310, #13317, #13330, #13337, #13344, #13351, #13358, #13371, #13379, #13384, #13392));
#15054 = CLOSED_SHELL('', (#13399, #13406, #13413, #13420, #13427, #13446, #13454, #13459, #13467, #13475, #13480, #13488));
#15055 = CLOSED_SHELL('', (#13495, #13502, #13509, #13516, #13559, #13602, #13611, #13620, #13629, #13638, #13647, #13656, #13665, #13674, #13683, #13692, #13701, #13710));
#15056 = CLOSED_SHELL('', (#13717, #13724, #13731, #13738, #13799, #13860, #13869, #13878, #13887, #13896, #13905, #13914, #13923, #13932, #13941, #13950, #13959, #13968, #13977, #13986, #13995, #14004, #14013, #14022));
#15057 = CLOSED_SHELL('', (#14029, #14036, #14043, #14050, #14111, #14172, #14181, #14190, #14199, #14208, #14217, #14226, #14235, #14244, #14253, #14262, #14271, #14280, #14289, #14298, #14307, #14316, #14325, #14334));
#15058 = CLOSED_SHELL('', (#14341, #14348, #14355, #14362, #14423, #14484, #14493, #14502, #14511, #14520, #14529, #14538, #14547, #14556, #14565, #14574, #14583, #14592, #14601, #14610, #14619, #14628, #14637, #14646));
#15059 = CLOSED_SHELL('', (#14653, #14660, #14667, #14674, #14735, #14796, #14805, #14814, #14823, #14832, #14841, #14850, #14859, #14868, #14877, #14886, #14895, #14904, #14913, #14922, #14931, #14940, #14949, #14958));
#15060 = MANIFOLD_SOLID_BREP('', #14959);
#15061 = MANIFOLD_SOLID_BREP('', #14960);
#15062 = MANIFOLD_SOLID_BREP('', #14961);
#15063 = MANIFOLD_SOLID_BREP('', #14962);
#15064 = MANIFOLD_SOLID_BREP('', #14963);
#15065 = MANIFOLD_SOLID_BREP('', #14964);
#15066 = MANIFOLD_SOLID_BREP('', #14965);
#15067 = MANIFOLD_SOLID_BREP('', #14966);
#15068 = MANIFOLD_SOLID_BREP('', #14967);
#15069 = MANIFOLD_SOLID_BREP('', #14968);
#15070 = MANIFOLD_SOLID_BREP('', #14969);
#15071 = MANIFOLD_SOLID_BREP('', #14970);
#15072 = MANIFOLD_SOLID_BREP('', #14971);
#15073 = MANIFOLD_SOLID_BREP('', #14972);
#15074 = MANIFOLD_SOLID_BREP('', #14973);
#15075 = MANIFOLD_SOLID_BREP('', #14974);
#15076 = MANIFOLD_SOLID_BREP('', #14975);
#15077 = MANIFOLD_SOLID_BREP('', #14976);
#15078 = MANIFOLD_SOLID_BREP('', #14977);
#15079 = MANIFOLD_SOLID_BREP('', #14978);
#15080 = MANIFOLD_SOLID_BREP('', #14979);
#15081 = MANIFOLD_SOLID_BREP('', #14980);
#15082 = MANIFOLD_SOLID_BREP('', #14981);
#15083 = MANIFOLD_SOLID_BREP('', #14982);
#15084 = MANIFOLD_SOLID_BREP('', #14983);
#15085 = MANIFOLD_SOLID_BREP('', #14984);
#15086 = MANIFOLD_SOLID_BREP('', #14985);
#15087 = MANIFOLD_SOLID_BREP('', #14986);
#15088 = MANIFOLD_SOLID_BREP('', #14987);
#15089 = MANIFOLD_SOLID_BREP('', #14988);
#15090 = MANIFOLD_SOLID_BREP('', #14989);
#15091 = MANIFOLD_SOLID_BREP('', #14990);
#15092 = MANIFOLD_SOLID_BREP('', #14991);
#15093 = MANIFOLD_SOLID_BREP('', #14992);
#15094 = MANIFOLD_SOLID_BREP('', #14993);
#15095 = MANIFOLD_SOLID_BREP('', #14994);
#15096 = MANIFOLD_SOLID_BREP('', #14995);
#15097 = MANIFOLD_SOLID_BREP('', #14996);
#15098 = MANIFOLD_SOLID_BREP('', #14997);
#15099 = MANIFOLD_SOLID_BREP('', #14998);
#15100 = MANIFOLD_SOLID_BREP('', #14999);
#15101 = MANIFOLD_SOLID_BREP('', #15000);
#15102 = MANIFOLD_SOLID_BREP('', #15001);
#15103 = MANIFOLD_SOLID_BREP('', #15002);
#15104 = MANIFOLD_SOLID_BREP('', #15003);
#15105 = MANIFOLD_SOLID_BREP('', #15004);
#15106 = MANIFOLD_SOLID_BREP('', #15005);
#15107 = MANIFOLD_SOLID_BREP('', #15006);
#15108 = MANIFOLD_SOLID_BREP('', #15007);
#15109 = MANIFOLD_SOLID_BREP('', #15008);
#15110 = MANIFOLD_SOLID_BREP('', #15009);
#15111 = MANIFOLD_SOLID_BREP('', #15010);
#15112 = MANIFOLD_SOLID_BREP('', #15011);
#15113 = MANIFOLD_SOLID_BREP('', #15012);
#15114 = MANIFOLD_SOLID_BREP('', #15013);
#15115 = MANIFOLD_SOLID_BREP('', #15014);
#15116 = MANIFOLD_SOLID_BREP('', #15015);
#15117 = MANIFOLD_SOLID_BREP('', #15016);
#15118 = MANIFOLD_SOLID_BREP('', #15017);
#15119 = MANIFOLD_SOLID_BREP('', #15018);
#15120 = MANIFOLD_SOLID_BREP('', #15019);
#15121 = MANIFOLD_SOLID_BREP('', #15020);
#15122 = MANIFOLD_SOLID_BREP('', #15021);
#15123 = MANIFOLD_SOLID_BREP('', #15022);
#15124 = MANIFOLD_SOLID_BREP('', #15023);
#15125 = MANIFOLD_SOLID_BREP('', #15024);
#15126 = MANIFOLD_SOLID_BREP('', #15025);
#15127 = MANIFOLD_SOLID_BREP('', #15026);
#15128 = MANIFOLD_SOLID_BREP('', #15027);
#15129 = MANIFOLD_SOLID_BREP('', #15028);
#15130 = MANIFOLD_SOLID_BREP('', #15029);
#15131 = MANIFOLD_SOLID_BREP('', #15030);
#15132 = MANIFOLD_SOLID_BREP('', #15031);
#15133 = MANIFOLD_SOLID_BREP('', #15032);
#15134 = MANIFOLD_SOLID_BREP('', #15033);
#15135 = MANIFOLD_SOLID_BREP('', #15034);
#15136 = MANIFOLD_SOLID_BREP('', #15035);
#15137 = MANIFOLD_SOLID_BREP('', #15036);
#15138 = MANIFOLD_SOLID_BREP('', #15037);
#15139 = MANIFOLD_SOLID_BREP('', #15038);
#15140 = MANIFOLD_SOLID_BREP('', #15039);
#15141 = MANIFOLD_SOLID_BREP('', #15040);
#15142 = MANIFOLD_SOLID_BREP('', #15041);
#15143 = MANIFOLD_SOLID_BREP('', #15042);
#15144 = MANIFOLD_SOLID_BREP('', #15043);
#15145 = MANIFOLD_SOLID_BREP('', #15044);
#15146 = MANIFOLD_SOLID_BREP('', #15045);
#15147 = MANIFOLD_SOLID_BREP('', #15046);
#15148 = MANIFOLD_SOLID_BREP('', #15047);
#15149 = MANIFOLD_SOLID_BREP('', #15048);
#15150 = MANIFOLD_SOLID_BREP('', #15049);
#15151 = MANIFOLD_SOLID_BREP('', #15050);
#15152 = MANIFOLD_SOLID_BREP('', #15051);
#15153 = MANIFOLD_SOLID_BREP('', #15052);
#15154 = MANIFOLD_SOLID_BREP('', #15053);
#15155 = MANIFOLD_SOLID_BREP('', #15054);
#15156 = MANIFOLD_SOLID_BREP('', #15055);
#15157 = MANIFOLD_SOLID_BREP('', #15056);
#15158 = MANIFOLD_SOLID_BREP('', #15057);
#15159 = MANIFOLD_SOLID_BREP('', #15058);
#15160 = MANIFOLD_SOLID_BREP('', #15059);
#15161 = APPLICATION_CONTEXT('configuration controlled 3D design of mechanical parts and assemblies');
#15162 = PRODUCT_DEFINITION_CONTEXT('part definition', #15161, 'design');
#15163 = PRODUCT_CONTEXT('', #15161, 'mechanical');
#15164 = PRODUCT('UNIDENTIFIED_PRODUCT', '', $, (#15163));
#15165 = PRODUCT_DEFINITION_FORMATION('', $, #15164);
#15166 = PRODUCT_DEFINITION('design', $, #15165, #15162);
#15167 = PRODUCT_DEFINITION_SHAPE('', '', #15166);
#15168 = ADVANCED_BREP_SHAPE_REPRESENTATION('', (#15160), #4);
#15169 = SHAPE_DEFINITION_REPRESENTATION(#15167, #15168);
#15170 = COLOUR_RGB('', 0.1254902, 0.14509805, 0.16470589);
#15171 = FILL_AREA_STYLE_COLOUR('', #15170);
#15172 = FILL_AREA_STYLE('', (#15171));
#15173 = SURFACE_STYLE_FILL_AREA(#15172);
#15174 = SURFACE_SIDE_STYLE('', (#15173));
#15175 = SURFACE_STYLE_USAGE(.BOTH., #15174);
#15176 = PRESENTATION_STYLE_ASSIGNMENT((#15175));
#15177 = STYLED_ITEM('', (#15176), #15160);
#15178 = MECHANICAL_DESIGN_GEOMETRIC_PRESENTATION_REPRESENTATION('', (#15177), #4);
#15179 = PRODUCT_CONTEXT('', #15161, 'mechanical');
#15180 = PRODUCT('UNIDENTIFIED_PRODUCT', '', $, (#15179));
#15181 = PRODUCT_DEFINITION_FORMATION('', $, #15180);
#15182 = PRODUCT_DEFINITION('design', $, #15181, #15162);
#15183 = PRODUCT_DEFINITION_SHAPE('', '', #15182);
#15184 = ADVANCED_BREP_SHAPE_REPRESENTATION('', (#15159), #4);
#15185 = SHAPE_DEFINITION_REPRESENTATION(#15183, #15184);
#15186 = COLOUR_RGB('', 0.1254902, 0.14509805, 0.16470589);
#15187 = FILL_AREA_STYLE_COLOUR('', #15186);
#15188 = FILL_AREA_STYLE('', (#15187));
#15189 = SURFACE_STYLE_FILL_AREA(#15188);
#15190 = SURFACE_SIDE_STYLE('', (#15189));
#15191 = SURFACE_STYLE_USAGE(.BOTH., #15190);
#15192 = PRESENTATION_STYLE_ASSIGNMENT((#15191));
#15193 = STYLED_ITEM('', (#15192), #15159);
#15194 = MECHANICAL_DESIGN_GEOMETRIC_PRESENTATION_REPRESENTATION('', (#15193), #4);
#15195 = PRODUCT_CONTEXT('', #15161, 'mechanical');
#15196 = PRODUCT('UNIDENTIFIED_PRODUCT', '', $, (#15195));
#15197 = PRODUCT_DEFINITION_FORMATION('', $, #15196);
#15198 = PRODUCT_DEFINITION('design', $, #15197, #15162);
#15199 = PRODUCT_DEFINITION_SHAPE('', '', #15198);
#15200 = ADVANCED_BREP_SHAPE_REPRESENTATION('', (#15158), #4);
#15201 = SHAPE_DEFINITION_REPRESENTATION(#15199, #15200);
#15202 = COLOUR_RGB('', 0.1254902, 0.14509805, 0.16470589);
#15203 = FILL_AREA_STYLE_COLOUR('', #15202);
#15204 = FILL_AREA_STYLE('', (#15203));
#15205 = SURFACE_STYLE_FILL_AREA(#15204);
#15206 = SURFACE_SIDE_STYLE('', (#15205));
#15207 = SURFACE_STYLE_USAGE(.BOTH., #15206);
#15208 = PRESENTATION_STYLE_ASSIGNMENT((#15207));
#15209 = STYLED_ITEM('', (#15208), #15158);
#15210 = MECHANICAL_DESIGN_GEOMETRIC_PRESENTATION_REPRESENTATION('', (#15209), #4);
#15211 = PRODUCT_CONTEXT('', #15161, 'mechanical');
#15212 = PRODUCT('UNIDENTIFIED_PRODUCT', '', $, (#15211));
#15213 = PRODUCT_DEFINITION_FORMATION('', $, #15212);
#15214 = PRODUCT_DEFINITION('design', $, #15213, #15162);
#15215 = PRODUCT_DEFINITION_SHAPE('', '', #15214);
#15216 = ADVANCED_BREP_SHAPE_REPRESENTATION('', (#15157), #4);
#15217 = SHAPE_DEFINITION_REPRESENTATION(#15215, #15216);
#15218 = COLOUR_RGB('', 0.1254902, 0.14509805, 0.16470589);
#15219 = FILL_AREA_STYLE_COLOUR('', #15218);
#15220 = FILL_AREA_STYLE('', (#15219));
#15221 = SURFACE_STYLE_FILL_AREA(#15220);
#15222 = SURFACE_SIDE_STYLE('', (#15221));
#15223 = SURFACE_STYLE_USAGE(.BOTH., #15222);
#15224 = PRESENTATION_STYLE_ASSIGNMENT((#15223));
#15225 = STYLED_ITEM('', (#15224), #15157);
#15226 = MECHANICAL_DESIGN_GEOMETRIC_PRESENTATION_REPRESENTATION('', (#15225), #4);
#15227 = PRODUCT_CONTEXT('', #15161, 'mechanical');
#15228 = PRODUCT('UNIDENTIFIED_PRODUCT', '', $, (#15227));
#15229 = PRODUCT_DEFINITION_FORMATION('', $, #15228);
#15230 = PRODUCT_DEFINITION('design', $, #15229, #15162);
#15231 = PRODUCT_DEFINITION_SHAPE('', '', #15230);
#15232 = ADVANCED_BREP_SHAPE_REPRESENTATION('', (#15156), #4);
#15233 = SHAPE_DEFINITION_REPRESENTATION(#15231, #15232);
#15234 = COLOUR_RGB('', 0.1254902, 0.14509805, 0.16470589);
#15235 = FILL_AREA_STYLE_COLOUR('', #15234);
#15236 = FILL_AREA_STYLE('', (#15235));
#15237 = SURFACE_STYLE_FILL_AREA(#15236);
#15238 = SURFACE_SIDE_STYLE('', (#15237));
#15239 = SURFACE_STYLE_USAGE(.BOTH., #15238);
#15240 = PRESENTATION_STYLE_ASSIGNMENT((#15239));
#15241 = STYLED_ITEM('', (#15240), #15156);
#15242 = MECHANICAL_DESIGN_GEOMETRIC_PRESENTATION_REPRESENTATION('', (#15241), #4);
#15243 = PRODUCT_CONTEXT('', #15161, 'mechanical');
#15244 = PRODUCT('UNIDENTIFIED_PRODUCT', '', $, (#15243));
#15245 = PRODUCT_DEFINITION_FORMATION('', $, #15244);
#15246 = PRODUCT_DEFINITION('design', $, #15245, #15162);
#15247 = PRODUCT_DEFINITION_SHAPE('', '', #15246);
#15248 = ADVANCED_BREP_SHAPE_REPRESENTATION('', (#15155), #4);
#15249 = SHAPE_DEFINITION_REPRESENTATION(#15247, #15248);
#15250 = COLOUR_RGB('', 0.08235294, 0.09803922, 0.11372549);
#15251 = FILL_AREA_STYLE_COLOUR('', #15250);
#15252 = FILL_AREA_STYLE('', (#15251));
#15253 = SURFACE_STYLE_FILL_AREA(#15252);
#15254 = SURFACE_SIDE_STYLE('', (#15253));
#15255 = SURFACE_STYLE_USAGE(.BOTH., #15254);
#15256 = PRESENTATION_STYLE_ASSIGNMENT((#15255));
#15257 = STYLED_ITEM('', (#15256), #15155);
#15258 = MECHANICAL_DESIGN_GEOMETRIC_PRESENTATION_REPRESENTATION('', (#15257), #4);
#15259 = PRODUCT_CONTEXT('', #15161, 'mechanical');
#15260 = PRODUCT('UNIDENTIFIED_PRODUCT', '', $, (#15259));
#15261 = PRODUCT_DEFINITION_FORMATION('', $, #15260);
#15262 = PRODUCT_DEFINITION('design', $, #15261, #15162);
#15263 = PRODUCT_DEFINITION_SHAPE('', '', #15262);
#15264 = ADVANCED_BREP_SHAPE_REPRESENTATION('', (#15154), #4);
#15265 = SHAPE_DEFINITION_REPRESENTATION(#15263, #15264);
#15266 = COLOUR_RGB('', 0.14117648, 0.35686275, 0.23137255);
#15267 = FILL_AREA_STYLE_COLOUR('', #15266);
#15268 = FILL_AREA_STYLE('', (#15267));
#15269 = SURFACE_STYLE_FILL_AREA(#15268);
#15270 = SURFACE_SIDE_STYLE('', (#15269));
#15271 = SURFACE_STYLE_USAGE(.BOTH., #15270);
#15272 = PRESENTATION_STYLE_ASSIGNMENT((#15271));
#15273 = STYLED_ITEM('', (#15272), #15154);
#15274 = MECHANICAL_DESIGN_GEOMETRIC_PRESENTATION_REPRESENTATION('', (#15273), #4);
#15275 = PRODUCT_CONTEXT('', #15161, 'mechanical');
#15276 = PRODUCT('UNIDENTIFIED_PRODUCT', '', $, (#15275));
#15277 = PRODUCT_DEFINITION_FORMATION('', $, #15276);
#15278 = PRODUCT_DEFINITION('design', $, #15277, #15162);
#15279 = PRODUCT_DEFINITION_SHAPE('', '', #15278);
#15280 = ADVANCED_BREP_SHAPE_REPRESENTATION('', (#15153), #4);
#15281 = SHAPE_DEFINITION_REPRESENTATION(#15279, #15280);
#15282 = COLOUR_RGB('', 0.50588238, 0.31764707, 0.14901961);
#15283 = FILL_AREA_STYLE_COLOUR('', #15282);
#15284 = FILL_AREA_STYLE('', (#15283));
#15285 = SURFACE_STYLE_FILL_AREA(#15284);
#15286 = SURFACE_SIDE_STYLE('', (#15285));
#15287 = SURFACE_STYLE_USAGE(.BOTH., #15286);
#15288 = PRESENTATION_STYLE_ASSIGNMENT((#15287));
#15289 = STYLED_ITEM('', (#15288), #15153);
#15290 = MECHANICAL_DESIGN_GEOMETRIC_PRESENTATION_REPRESENTATION('', (#15289), #4);
#15291 = PRODUCT_CONTEXT('', #15161, 'mechanical');
#15292 = PRODUCT('UNIDENTIFIED_PRODUCT', '', $, (#15291));
#15293 = PRODUCT_DEFINITION_FORMATION('', $, #15292);
#15294 = PRODUCT_DEFINITION('design', $, #15293, #15162);
#15295 = PRODUCT_DEFINITION_SHAPE('', '', #15294);
#15296 = ADVANCED_BREP_SHAPE_REPRESENTATION('', (#15152), #4);
#15297 = SHAPE_DEFINITION_REPRESENTATION(#15295, #15296);
#15298 = COLOUR_RGB('', 0.08235294, 0.09803922, 0.11372549);
#15299 = FILL_AREA_STYLE_COLOUR('', #15298);
#15300 = FILL_AREA_STYLE('', (#15299));
#15301 = SURFACE_STYLE_FILL_AREA(#15300);
#15302 = SURFACE_SIDE_STYLE('', (#15301));
#15303 = SURFACE_STYLE_USAGE(.BOTH., #15302);
#15304 = PRESENTATION_STYLE_ASSIGNMENT((#15303));
#15305 = STYLED_ITEM('', (#15304), #15152);
#15306 = MECHANICAL_DESIGN_GEOMETRIC_PRESENTATION_REPRESENTATION('', (#15305), #4);
#15307 = PRODUCT_CONTEXT('', #15161, 'mechanical');
#15308 = PRODUCT('UNIDENTIFIED_PRODUCT', '', $, (#15307));
#15309 = PRODUCT_DEFINITION_FORMATION('', $, #15308);
#15310 = PRODUCT_DEFINITION('design', $, #15309, #15162);
#15311 = PRODUCT_DEFINITION_SHAPE('', '', #15310);
#15312 = ADVANCED_BREP_SHAPE_REPRESENTATION('', (#15151), #4);
#15313 = SHAPE_DEFINITION_REPRESENTATION(#15311, #15312);
#15314 = COLOUR_RGB('', 0.08235294, 0.09803922, 0.11372549);
#15315 = FILL_AREA_STYLE_COLOUR('', #15314);
#15316 = FILL_AREA_STYLE('', (#15315));
#15317 = SURFACE_STYLE_FILL_AREA(#15316);
#15318 = SURFACE_SIDE_STYLE('', (#15317));
#15319 = SURFACE_STYLE_USAGE(.BOTH., #15318);
#15320 = PRESENTATION_STYLE_ASSIGNMENT((#15319));
#15321 = STYLED_ITEM('', (#15320), #15151);
#15322 = MECHANICAL_DESIGN_GEOMETRIC_PRESENTATION_REPRESENTATION('', (#15321), #4);
#15323 = PRODUCT_CONTEXT('', #15161, 'mechanical');
#15324 = PRODUCT('UNIDENTIFIED_PRODUCT', '', $, (#15323));
#15325 = PRODUCT_DEFINITION_FORMATION('', $, #15324);
#15326 = PRODUCT_DEFINITION('design', $, #15325, #15162);
#15327 = PRODUCT_DEFINITION_SHAPE('', '', #15326);
#15328 = ADVANCED_BREP_SHAPE_REPRESENTATION('', (#15150), #4);
#15329 = SHAPE_DEFINITION_REPRESENTATION(#15327, #15328);
#15330 = COLOUR_RGB('', 0.08235294, 0.09803922, 0.11372549);
#15331 = FILL_AREA_STYLE_COLOUR('', #15330);
#15332 = FILL_AREA_STYLE('', (#15331));
#15333 = SURFACE_STYLE_FILL_AREA(#15332);
#15334 = SURFACE_SIDE_STYLE('', (#15333));
#15335 = SURFACE_STYLE_USAGE(.BOTH., #15334);
#15336 = PRESENTATION_STYLE_ASSIGNMENT((#15335));
#15337 = STYLED_ITEM('', (#15336), #15150);
#15338 = MECHANICAL_DESIGN_GEOMETRIC_PRESENTATION_REPRESENTATION('', (#15337), #4);
#15339 = PRODUCT_CONTEXT('', #15161, 'mechanical');
#15340 = PRODUCT('UNIDENTIFIED_PRODUCT', '', $, (#15339));
#15341 = PRODUCT_DEFINITION_FORMATION('', $, #15340);
#15342 = PRODUCT_DEFINITION('design', $, #15341, #15162);
#15343 = PRODUCT_DEFINITION_SHAPE('', '', #15342);
#15344 = ADVANCED_BREP_SHAPE_REPRESENTATION('', (#15149), #4);
#15345 = SHAPE_DEFINITION_REPRESENTATION(#15343, #15344);
#15346 = COLOUR_RGB('', 0.68235296, 0.71764708, 0.74901962);
#15347 = FILL_AREA_STYLE_COLOUR('', #15346);
#15348 = FILL_AREA_STYLE('', (#15347));
#15349 = SURFACE_STYLE_FILL_AREA(#15348);
#15350 = SURFACE_SIDE_STYLE('', (#15349));
#15351 = SURFACE_STYLE_USAGE(.BOTH., #15350);
#15352 = PRESENTATION_STYLE_ASSIGNMENT((#15351));
#15353 = STYLED_ITEM('', (#15352), #15149);
#15354 = MECHANICAL_DESIGN_GEOMETRIC_PRESENTATION_REPRESENTATION('', (#15353), #4);
#15355 = PRODUCT_CONTEXT('', #15161, 'mechanical');
#15356 = PRODUCT('UNIDENTIFIED_PRODUCT', '', $, (#15355));
#15357 = PRODUCT_DEFINITION_FORMATION('', $, #15356);
#15358 = PRODUCT_DEFINITION('design', $, #15357, #15162);
#15359 = PRODUCT_DEFINITION_SHAPE('', '', #15358);
#15360 = ADVANCED_BREP_SHAPE_REPRESENTATION('', (#15148), #4);
#15361 = SHAPE_DEFINITION_REPRESENTATION(#15359, #15360);
#15362 = COLOUR_RGB('', 0.68235296, 0.71764708, 0.74901962);
#15363 = FILL_AREA_STYLE_COLOUR('', #15362);
#15364 = FILL_AREA_STYLE('', (#15363));
#15365 = SURFACE_STYLE_FILL_AREA(#15364);
#15366 = SURFACE_SIDE_STYLE('', (#15365));
#15367 = SURFACE_STYLE_USAGE(.BOTH., #15366);
#15368 = PRESENTATION_STYLE_ASSIGNMENT((#15367));
#15369 = STYLED_ITEM('', (#15368), #15148);
#15370 = MECHANICAL_DESIGN_GEOMETRIC_PRESENTATION_REPRESENTATION('', (#15369), #4);
#15371 = PRODUCT_CONTEXT('', #15161, 'mechanical');
#15372 = PRODUCT('UNIDENTIFIED_PRODUCT', '', $, (#15371));
#15373 = PRODUCT_DEFINITION_FORMATION('', $, #15372);
#15374 = PRODUCT_DEFINITION('design', $, #15373, #15162);
#15375 = PRODUCT_DEFINITION_SHAPE('', '', #15374);
#15376 = ADVANCED_BREP_SHAPE_REPRESENTATION('', (#15147), #4);
#15377 = SHAPE_DEFINITION_REPRESENTATION(#15375, #15376);
#15378 = COLOUR_RGB('', 0.68235296, 0.71764708, 0.74901962);
#15379 = FILL_AREA_STYLE_COLOUR('', #15378);
#15380 = FILL_AREA_STYLE('', (#15379));
#15381 = SURFACE_STYLE_FILL_AREA(#15380);
#15382 = SURFACE_SIDE_STYLE('', (#15381));
#15383 = SURFACE_STYLE_USAGE(.BOTH., #15382);
#15384 = PRESENTATION_STYLE_ASSIGNMENT((#15383));
#15385 = STYLED_ITEM('', (#15384), #15147);
#15386 = MECHANICAL_DESIGN_GEOMETRIC_PRESENTATION_REPRESENTATION('', (#15385), #4);
#15387 = PRODUCT_CONTEXT('', #15161, 'mechanical');
#15388 = PRODUCT('UNIDENTIFIED_PRODUCT', '', $, (#15387));
#15389 = PRODUCT_DEFINITION_FORMATION('', $, #15388);
#15390 = PRODUCT_DEFINITION('design', $, #15389, #15162);
#15391 = PRODUCT_DEFINITION_SHAPE('', '', #15390);
#15392 = ADVANCED_BREP_SHAPE_REPRESENTATION('', (#15146), #4);
#15393 = SHAPE_DEFINITION_REPRESENTATION(#15391, #15392);
#15394 = COLOUR_RGB('', 0.68235296, 0.71764708, 0.74901962);
#15395 = FILL_AREA_STYLE_COLOUR('', #15394);
#15396 = FILL_AREA_STYLE('', (#15395));
#15397 = SURFACE_STYLE_FILL_AREA(#15396);
#15398 = SURFACE_SIDE_STYLE('', (#15397));
#15399 = SURFACE_STYLE_USAGE(.BOTH., #15398);
#15400 = PRESENTATION_STYLE_ASSIGNMENT((#15399));
#15401 = STYLED_ITEM('', (#15400), #15146);
#15402 = MECHANICAL_DESIGN_GEOMETRIC_PRESENTATION_REPRESENTATION('', (#15401), #4);
#15403 = PRODUCT_CONTEXT('', #15161, 'mechanical');
#15404 = PRODUCT('UNIDENTIFIED_PRODUCT', '', $, (#15403));
#15405 = PRODUCT_DEFINITION_FORMATION('', $, #15404);
#15406 = PRODUCT_DEFINITION('design', $, #15405, #15162);
#15407 = PRODUCT_DEFINITION_SHAPE('', '', #15406);
#15408 = ADVANCED_BREP_SHAPE_REPRESENTATION('', (#15145), #4);
#15409 = SHAPE_DEFINITION_REPRESENTATION(#15407, #15408);
#15410 = COLOUR_RGB('', 0.08235294, 0.09803922, 0.11372549);
#15411 = FILL_AREA_STYLE_COLOUR('', #15410);
#15412 = FILL_AREA_STYLE('', (#15411));
#15413 = SURFACE_STYLE_FILL_AREA(#15412);
#15414 = SURFACE_SIDE_STYLE('', (#15413));
#15415 = SURFACE_STYLE_USAGE(.BOTH., #15414);
#15416 = PRESENTATION_STYLE_ASSIGNMENT((#15415));
#15417 = STYLED_ITEM('', (#15416), #15145);
#15418 = MECHANICAL_DESIGN_GEOMETRIC_PRESENTATION_REPRESENTATION('', (#15417), #4);
#15419 = PRODUCT_CONTEXT('', #15161, 'mechanical');
#15420 = PRODUCT('UNIDENTIFIED_PRODUCT', '', $, (#15419));
#15421 = PRODUCT_DEFINITION_FORMATION('', $, #15420);
#15422 = PRODUCT_DEFINITION('design', $, #15421, #15162);
#15423 = PRODUCT_DEFINITION_SHAPE('', '', #15422);
#15424 = ADVANCED_BREP_SHAPE_REPRESENTATION('', (#15144), #4);
#15425 = SHAPE_DEFINITION_REPRESENTATION(#15423, #15424);
#15426 = COLOUR_RGB('', 0.8509804, 0.50980395, 0.16862746);
#15427 = FILL_AREA_STYLE_COLOUR('', #15426);
#15428 = FILL_AREA_STYLE('', (#15427));
#15429 = SURFACE_STYLE_FILL_AREA(#15428);
#15430 = SURFACE_SIDE_STYLE('', (#15429));
#15431 = SURFACE_STYLE_USAGE(.BOTH., #15430);
#15432 = PRESENTATION_STYLE_ASSIGNMENT((#15431));
#15433 = STYLED_ITEM('', (#15432), #15144);
#15434 = MECHANICAL_DESIGN_GEOMETRIC_PRESENTATION_REPRESENTATION('', (#15433), #4);
#15435 = PRODUCT_CONTEXT('', #15161, 'mechanical');
#15436 = PRODUCT('UNIDENTIFIED_PRODUCT', '', $, (#15435));
#15437 = PRODUCT_DEFINITION_FORMATION('', $, #15436);
#15438 = PRODUCT_DEFINITION('design', $, #15437, #15162);
#15439 = PRODUCT_DEFINITION_SHAPE('', '', #15438);
#15440 = ADVANCED_BREP_SHAPE_REPRESENTATION('', (#15143), #4);
#15441 = SHAPE_DEFINITION_REPRESENTATION(#15439, #15440);
#15442 = COLOUR_RGB('', 0.19215687, 0.22745098, 0.25882354);
#15443 = FILL_AREA_STYLE_COLOUR('', #15442);
#15444 = FILL_AREA_STYLE('', (#15443));
#15445 = SURFACE_STYLE_FILL_AREA(#15444);
#15446 = SURFACE_SIDE_STYLE('', (#15445));
#15447 = SURFACE_STYLE_USAGE(.BOTH., #15446);
#15448 = PRESENTATION_STYLE_ASSIGNMENT((#15447));
#15449 = STYLED_ITEM('', (#15448), #15143);
#15450 = MECHANICAL_DESIGN_GEOMETRIC_PRESENTATION_REPRESENTATION('', (#15449), #4);
#15451 = PRODUCT_CONTEXT('', #15161, 'mechanical');
#15452 = PRODUCT('UNIDENTIFIED_PRODUCT', '', $, (#15451));
#15453 = PRODUCT_DEFINITION_FORMATION('', $, #15452);
#15454 = PRODUCT_DEFINITION('design', $, #15453, #15162);
#15455 = PRODUCT_DEFINITION_SHAPE('', '', #15454);
#15456 = ADVANCED_BREP_SHAPE_REPRESENTATION('', (#15142), #4);
#15457 = SHAPE_DEFINITION_REPRESENTATION(#15455, #15456);
#15458 = COLOUR_RGB('', 0.19215687, 0.22745098, 0.25882354);
#15459 = FILL_AREA_STYLE_COLOUR('', #15458);
#15460 = FILL_AREA_STYLE('', (#15459));
#15461 = SURFACE_STYLE_FILL_AREA(#15460);
#15462 = SURFACE_SIDE_STYLE('', (#15461));
#15463 = SURFACE_STYLE_USAGE(.BOTH., #15462);
#15464 = PRESENTATION_STYLE_ASSIGNMENT((#15463));
#15465 = STYLED_ITEM('', (#15464), #15142);
#15466 = MECHANICAL_DESIGN_GEOMETRIC_PRESENTATION_REPRESENTATION('', (#15465), #4);
#15467 = PRODUCT_CONTEXT('', #15161, 'mechanical');
#15468 = PRODUCT('UNIDENTIFIED_PRODUCT', '', $, (#15467));
#15469 = PRODUCT_DEFINITION_FORMATION('', $, #15468);
#15470 = PRODUCT_DEFINITION('design', $, #15469, #15162);
#15471 = PRODUCT_DEFINITION_SHAPE('', '', #15470);
#15472 = ADVANCED_BREP_SHAPE_REPRESENTATION('', (#15141), #4);
#15473 = SHAPE_DEFINITION_REPRESENTATION(#15471, #15472);
#15474 = COLOUR_RGB('', 0.19215687, 0.22745098, 0.25882354);
#15475 = FILL_AREA_STYLE_COLOUR('', #15474);
#15476 = FILL_AREA_STYLE('', (#15475));
#15477 = SURFACE_STYLE_FILL_AREA(#15476);
#15478 = SURFACE_SIDE_STYLE('', (#15477));
#15479 = SURFACE_STYLE_USAGE(.BOTH., #15478);
#15480 = PRESENTATION_STYLE_ASSIGNMENT((#15479));
#15481 = STYLED_ITEM('', (#15480), #15141);
#15482 = MECHANICAL_DESIGN_GEOMETRIC_PRESENTATION_REPRESENTATION('', (#15481), #4);
#15483 = PRODUCT_CONTEXT('', #15161, 'mechanical');
#15484 = PRODUCT('UNIDENTIFIED_PRODUCT', '', $, (#15483));
#15485 = PRODUCT_DEFINITION_FORMATION('', $, #15484);
#15486 = PRODUCT_DEFINITION('design', $, #15485, #15162);
#15487 = PRODUCT_DEFINITION_SHAPE('', '', #15486);
#15488 = ADVANCED_BREP_SHAPE_REPRESENTATION('', (#15140), #4);
#15489 = SHAPE_DEFINITION_REPRESENTATION(#15487, #15488);
#15490 = COLOUR_RGB('', 0.19215687, 0.22745098, 0.25882354);
#15491 = FILL_AREA_STYLE_COLOUR('', #15490);
#15492 = FILL_AREA_STYLE('', (#15491));
#15493 = SURFACE_STYLE_FILL_AREA(#15492);
#15494 = SURFACE_SIDE_STYLE('', (#15493));
#15495 = SURFACE_STYLE_USAGE(.BOTH., #15494);
#15496 = PRESENTATION_STYLE_ASSIGNMENT((#15495));
#15497 = STYLED_ITEM('', (#15496), #15140);
#15498 = MECHANICAL_DESIGN_GEOMETRIC_PRESENTATION_REPRESENTATION('', (#15497), #4);
#15499 = PRODUCT_CONTEXT('', #15161, 'mechanical');
#15500 = PRODUCT('UNIDENTIFIED_PRODUCT', '', $, (#15499));
#15501 = PRODUCT_DEFINITION_FORMATION('', $, #15500);
#15502 = PRODUCT_DEFINITION('design', $, #15501, #15162);
#15503 = PRODUCT_DEFINITION_SHAPE('', '', #15502);
#15504 = ADVANCED_BREP_SHAPE_REPRESENTATION('', (#15139), #4);
#15505 = SHAPE_DEFINITION_REPRESENTATION(#15503, #15504);
#15506 = COLOUR_RGB('', 0.1882353, 0.20392157, 0.22745098);
#15507 = FILL_AREA_STYLE_COLOUR('', #15506);
#15508 = FILL_AREA_STYLE('', (#15507));
#15509 = SURFACE_STYLE_FILL_AREA(#15508);
#15510 = SURFACE_SIDE_STYLE('', (#15509));
#15511 = SURFACE_STYLE_USAGE(.BOTH., #15510);
#15512 = PRESENTATION_STYLE_ASSIGNMENT((#15511));
#15513 = STYLED_ITEM('', (#15512), #15139);
#15514 = MECHANICAL_DESIGN_GEOMETRIC_PRESENTATION_REPRESENTATION('', (#15513), #4);
#15515 = PRODUCT_CONTEXT('', #15161, 'mechanical');
#15516 = PRODUCT('UNIDENTIFIED_PRODUCT', '', $, (#15515));
#15517 = PRODUCT_DEFINITION_FORMATION('', $, #15516);
#15518 = PRODUCT_DEFINITION('design', $, #15517, #15162);
#15519 = PRODUCT_DEFINITION_SHAPE('', '', #15518);
#15520 = ADVANCED_BREP_SHAPE_REPRESENTATION('', (#15138), #4);
#15521 = SHAPE_DEFINITION_REPRESENTATION(#15519, #15520);
#15522 = COLOUR_RGB('', 0.50588238, 0.31764707, 0.14901961);
#15523 = FILL_AREA_STYLE_COLOUR('', #15522);
#15524 = FILL_AREA_STYLE('', (#15523));
#15525 = SURFACE_STYLE_FILL_AREA(#15524);
#15526 = SURFACE_SIDE_STYLE('', (#15525));
#15527 = SURFACE_STYLE_USAGE(.BOTH., #15526);
#15528 = PRESENTATION_STYLE_ASSIGNMENT((#15527));
#15529 = STYLED_ITEM('', (#15528), #15138);
#15530 = MECHANICAL_DESIGN_GEOMETRIC_PRESENTATION_REPRESENTATION('', (#15529), #4);
#15531 = PRODUCT_CONTEXT('', #15161, 'mechanical');
#15532 = PRODUCT('UNIDENTIFIED_PRODUCT', '', $, (#15531));
#15533 = PRODUCT_DEFINITION_FORMATION('', $, #15532);
#15534 = PRODUCT_DEFINITION('design', $, #15533, #15162);
#15535 = PRODUCT_DEFINITION_SHAPE('', '', #15534);
#15536 = ADVANCED_BREP_SHAPE_REPRESENTATION('', (#15137), #4);
#15537 = SHAPE_DEFINITION_REPRESENTATION(#15535, #15536);
#15538 = COLOUR_RGB('', 0.1254902, 0.14509805, 0.16470589);
#15539 = FILL_AREA_STYLE_COLOUR('', #15538);
#15540 = FILL_AREA_STYLE('', (#15539));
#15541 = SURFACE_STYLE_FILL_AREA(#15540);
#15542 = SURFACE_SIDE_STYLE('', (#15541));
#15543 = SURFACE_STYLE_USAGE(.BOTH., #15542);
#15544 = PRESENTATION_STYLE_ASSIGNMENT((#15543));
#15545 = STYLED_ITEM('', (#15544), #15137);
#15546 = MECHANICAL_DESIGN_GEOMETRIC_PRESENTATION_REPRESENTATION('', (#15545), #4);
#15547 = PRODUCT_CONTEXT('', #15161, 'mechanical');
#15548 = PRODUCT('UNIDENTIFIED_PRODUCT', '', $, (#15547));
#15549 = PRODUCT_DEFINITION_FORMATION('', $, #15548);
#15550 = PRODUCT_DEFINITION('design', $, #15549, #15162);
#15551 = PRODUCT_DEFINITION_SHAPE('', '', #15550);
#15552 = ADVANCED_BREP_SHAPE_REPRESENTATION('', (#15136), #4);
#15553 = SHAPE_DEFINITION_REPRESENTATION(#15551, #15552);
#15554 = COLOUR_RGB('', 0.50588238, 0.31764707, 0.14901961);
#15555 = FILL_AREA_STYLE_COLOUR('', #15554);
#15556 = FILL_AREA_STYLE('', (#15555));
#15557 = SURFACE_STYLE_FILL_AREA(#15556);
#15558 = SURFACE_SIDE_STYLE('', (#15557));
#15559 = SURFACE_STYLE_USAGE(.BOTH., #15558);
#15560 = PRESENTATION_STYLE_ASSIGNMENT((#15559));
#15561 = STYLED_ITEM('', (#15560), #15136);
#15562 = MECHANICAL_DESIGN_GEOMETRIC_PRESENTATION_REPRESENTATION('', (#15561), #4);
#15563 = PRODUCT_CONTEXT('', #15161, 'mechanical');
#15564 = PRODUCT('UNIDENTIFIED_PRODUCT', '', $, (#15563));
#15565 = PRODUCT_DEFINITION_FORMATION('', $, #15564);
#15566 = PRODUCT_DEFINITION('design', $, #15565, #15162);
#15567 = PRODUCT_DEFINITION_SHAPE('', '', #15566);
#15568 = ADVANCED_BREP_SHAPE_REPRESENTATION('', (#15135), #4);
#15569 = SHAPE_DEFINITION_REPRESENTATION(#15567, #15568);
#15570 = COLOUR_RGB('', 0.50588238, 0.31764707, 0.14901961);
#15571 = FILL_AREA_STYLE_COLOUR('', #15570);
#15572 = FILL_AREA_STYLE('', (#15571));
#15573 = SURFACE_STYLE_FILL_AREA(#15572);
#15574 = SURFACE_SIDE_STYLE('', (#15573));
#15575 = SURFACE_STYLE_USAGE(.BOTH., #15574);
#15576 = PRESENTATION_STYLE_ASSIGNMENT((#15575));
#15577 = STYLED_ITEM('', (#15576), #15135);
#15578 = MECHANICAL_DESIGN_GEOMETRIC_PRESENTATION_REPRESENTATION('', (#15577), #4);
#15579 = PRODUCT_CONTEXT('', #15161, 'mechanical');
#15580 = PRODUCT('UNIDENTIFIED_PRODUCT', '', $, (#15579));
#15581 = PRODUCT_DEFINITION_FORMATION('', $, #15580);
#15582 = PRODUCT_DEFINITION('design', $, #15581, #15162);
#15583 = PRODUCT_DEFINITION_SHAPE('', '', #15582);
#15584 = ADVANCED_BREP_SHAPE_REPRESENTATION('', (#15134), #4);
#15585 = SHAPE_DEFINITION_REPRESENTATION(#15583, #15584);
#15586 = COLOUR_RGB('', 0.50588238, 0.31764707, 0.14901961);
#15587 = FILL_AREA_STYLE_COLOUR('', #15586);
#15588 = FILL_AREA_STYLE('', (#15587));
#15589 = SURFACE_STYLE_FILL_AREA(#15588);
#15590 = SURFACE_SIDE_STYLE('', (#15589));
#15591 = SURFACE_STYLE_USAGE(.BOTH., #15590);
#15592 = PRESENTATION_STYLE_ASSIGNMENT((#15591));
#15593 = STYLED_ITEM('', (#15592), #15134);
#15594 = MECHANICAL_DESIGN_GEOMETRIC_PRESENTATION_REPRESENTATION('', (#15593), #4);
#15595 = PRODUCT_CONTEXT('', #15161, 'mechanical');
#15596 = PRODUCT('UNIDENTIFIED_PRODUCT', '', $, (#15595));
#15597 = PRODUCT_DEFINITION_FORMATION('', $, #15596);
#15598 = PRODUCT_DEFINITION('design', $, #15597, #15162);
#15599 = PRODUCT_DEFINITION_SHAPE('', '', #15598);
#15600 = ADVANCED_BREP_SHAPE_REPRESENTATION('', (#15133), #4);
#15601 = SHAPE_DEFINITION_REPRESENTATION(#15599, #15600);
#15602 = COLOUR_RGB('', 0.50588238, 0.31764707, 0.14901961);
#15603 = FILL_AREA_STYLE_COLOUR('', #15602);
#15604 = FILL_AREA_STYLE('', (#15603));
#15605 = SURFACE_STYLE_FILL_AREA(#15604);
#15606 = SURFACE_SIDE_STYLE('', (#15605));
#15607 = SURFACE_STYLE_USAGE(.BOTH., #15606);
#15608 = PRESENTATION_STYLE_ASSIGNMENT((#15607));
#15609 = STYLED_ITEM('', (#15608), #15133);
#15610 = MECHANICAL_DESIGN_GEOMETRIC_PRESENTATION_REPRESENTATION('', (#15609), #4);
#15611 = PRODUCT_CONTEXT('', #15161, 'mechanical');
#15612 = PRODUCT('UNIDENTIFIED_PRODUCT', '', $, (#15611));
#15613 = PRODUCT_DEFINITION_FORMATION('', $, #15612);
#15614 = PRODUCT_DEFINITION('design', $, #15613, #15162);
#15615 = PRODUCT_DEFINITION_SHAPE('', '', #15614);
#15616 = ADVANCED_BREP_SHAPE_REPRESENTATION('', (#15132), #4);
#15617 = SHAPE_DEFINITION_REPRESENTATION(#15615, #15616);
#15618 = COLOUR_RGB('', 0.1254902, 0.14509805, 0.16470589);
#15619 = FILL_AREA_STYLE_COLOUR('', #15618);
#15620 = FILL_AREA_STYLE('', (#15619));
#15621 = SURFACE_STYLE_FILL_AREA(#15620);
#15622 = SURFACE_SIDE_STYLE('', (#15621));
#15623 = SURFACE_STYLE_USAGE(.BOTH., #15622);
#15624 = PRESENTATION_STYLE_ASSIGNMENT((#15623));
#15625 = STYLED_ITEM('', (#15624), #15132);
#15626 = MECHANICAL_DESIGN_GEOMETRIC_PRESENTATION_REPRESENTATION('', (#15625), #4);
#15627 = PRODUCT_CONTEXT('', #15161, 'mechanical');
#15628 = PRODUCT('UNIDENTIFIED_PRODUCT', '', $, (#15627));
#15629 = PRODUCT_DEFINITION_FORMATION('', $, #15628);
#15630 = PRODUCT_DEFINITION('design', $, #15629, #15162);
#15631 = PRODUCT_DEFINITION_SHAPE('', '', #15630);
#15632 = ADVANCED_BREP_SHAPE_REPRESENTATION('', (#15131), #4);
#15633 = SHAPE_DEFINITION_REPRESENTATION(#15631, #15632);
#15634 = COLOUR_RGB('', 0.1254902, 0.14509805, 0.16470589);
#15635 = FILL_AREA_STYLE_COLOUR('', #15634);
#15636 = FILL_AREA_STYLE('', (#15635));
#15637 = SURFACE_STYLE_FILL_AREA(#15636);
#15638 = SURFACE_SIDE_STYLE('', (#15637));
#15639 = SURFACE_STYLE_USAGE(.BOTH., #15638);
#15640 = PRESENTATION_STYLE_ASSIGNMENT((#15639));
#15641 = STYLED_ITEM('', (#15640), #15131);
#15642 = MECHANICAL_DESIGN_GEOMETRIC_PRESENTATION_REPRESENTATION('', (#15641), #4);
#15643 = PRODUCT_CONTEXT('', #15161, 'mechanical');
#15644 = PRODUCT('UNIDENTIFIED_PRODUCT', '', $, (#15643));
#15645 = PRODUCT_DEFINITION_FORMATION('', $, #15644);
#15646 = PRODUCT_DEFINITION('design', $, #15645, #15162);
#15647 = PRODUCT_DEFINITION_SHAPE('', '', #15646);
#15648 = ADVANCED_BREP_SHAPE_REPRESENTATION('', (#15130), #4);
#15649 = SHAPE_DEFINITION_REPRESENTATION(#15647, #15648);
#15650 = COLOUR_RGB('', 0.19215687, 0.22745098, 0.25882354);
#15651 = FILL_AREA_STYLE_COLOUR('', #15650);
#15652 = FILL_AREA_STYLE('', (#15651));
#15653 = SURFACE_STYLE_FILL_AREA(#15652);
#15654 = SURFACE_SIDE_STYLE('', (#15653));
#15655 = SURFACE_STYLE_USAGE(.BOTH., #15654);
#15656 = PRESENTATION_STYLE_ASSIGNMENT((#15655));
#15657 = STYLED_ITEM('', (#15656), #15130);
#15658 = MECHANICAL_DESIGN_GEOMETRIC_PRESENTATION_REPRESENTATION('', (#15657), #4);
#15659 = PRODUCT_CONTEXT('', #15161, 'mechanical');
#15660 = PRODUCT('UNIDENTIFIED_PRODUCT', '', $, (#15659));
#15661 = PRODUCT_DEFINITION_FORMATION('', $, #15660);
#15662 = PRODUCT_DEFINITION('design', $, #15661, #15162);
#15663 = PRODUCT_DEFINITION_SHAPE('', '', #15662);
#15664 = ADVANCED_BREP_SHAPE_REPRESENTATION('', (#15129), #4);
#15665 = SHAPE_DEFINITION_REPRESENTATION(#15663, #15664);
#15666 = COLOUR_RGB('', 0.19215687, 0.22745098, 0.25882354);
#15667 = FILL_AREA_STYLE_COLOUR('', #15666);
#15668 = FILL_AREA_STYLE('', (#15667));
#15669 = SURFACE_STYLE_FILL_AREA(#15668);
#15670 = SURFACE_SIDE_STYLE('', (#15669));
#15671 = SURFACE_STYLE_USAGE(.BOTH., #15670);
#15672 = PRESENTATION_STYLE_ASSIGNMENT((#15671));
#15673 = STYLED_ITEM('', (#15672), #15129);
#15674 = MECHANICAL_DESIGN_GEOMETRIC_PRESENTATION_REPRESENTATION('', (#15673), #4);
#15675 = PRODUCT_CONTEXT('', #15161, 'mechanical');
#15676 = PRODUCT('UNIDENTIFIED_PRODUCT', '', $, (#15675));
#15677 = PRODUCT_DEFINITION_FORMATION('', $, #15676);
#15678 = PRODUCT_DEFINITION('design', $, #15677, #15162);
#15679 = PRODUCT_DEFINITION_SHAPE('', '', #15678);
#15680 = ADVANCED_BREP_SHAPE_REPRESENTATION('', (#15128), #4);
#15681 = SHAPE_DEFINITION_REPRESENTATION(#15679, #15680);
#15682 = COLOUR_RGB('', 0.19215687, 0.22745098, 0.25882354);
#15683 = FILL_AREA_STYLE_COLOUR('', #15682);
#15684 = FILL_AREA_STYLE('', (#15683));
#15685 = SURFACE_STYLE_FILL_AREA(#15684);
#15686 = SURFACE_SIDE_STYLE('', (#15685));
#15687 = SURFACE_STYLE_USAGE(.BOTH., #15686);
#15688 = PRESENTATION_STYLE_ASSIGNMENT((#15687));
#15689 = STYLED_ITEM('', (#15688), #15128);
#15690 = MECHANICAL_DESIGN_GEOMETRIC_PRESENTATION_REPRESENTATION('', (#15689), #4);
#15691 = PRODUCT_CONTEXT('', #15161, 'mechanical');
#15692 = PRODUCT('UNIDENTIFIED_PRODUCT', '', $, (#15691));
#15693 = PRODUCT_DEFINITION_FORMATION('', $, #15692);
#15694 = PRODUCT_DEFINITION('design', $, #15693, #15162);
#15695 = PRODUCT_DEFINITION_SHAPE('', '', #15694);
#15696 = ADVANCED_BREP_SHAPE_REPRESENTATION('', (#15127), #4);
#15697 = SHAPE_DEFINITION_REPRESENTATION(#15695, #15696);
#15698 = COLOUR_RGB('', 0.19215687, 0.22745098, 0.25882354);
#15699 = FILL_AREA_STYLE_COLOUR('', #15698);
#15700 = FILL_AREA_STYLE('', (#15699));
#15701 = SURFACE_STYLE_FILL_AREA(#15700);
#15702 = SURFACE_SIDE_STYLE('', (#15701));
#15703 = SURFACE_STYLE_USAGE(.BOTH., #15702);
#15704 = PRESENTATION_STYLE_ASSIGNMENT((#15703));
#15705 = STYLED_ITEM('', (#15704), #15127);
#15706 = MECHANICAL_DESIGN_GEOMETRIC_PRESENTATION_REPRESENTATION('', (#15705), #4);
#15707 = PRODUCT_CONTEXT('', #15161, 'mechanical');
#15708 = PRODUCT('UNIDENTIFIED_PRODUCT', '', $, (#15707));
#15709 = PRODUCT_DEFINITION_FORMATION('', $, #15708);
#15710 = PRODUCT_DEFINITION('design', $, #15709, #15162);
#15711 = PRODUCT_DEFINITION_SHAPE('', '', #15710);
#15712 = ADVANCED_BREP_SHAPE_REPRESENTATION('', (#15126), #4);
#15713 = SHAPE_DEFINITION_REPRESENTATION(#15711, #15712);
#15714 = COLOUR_RGB('', 0.19215687, 0.22745098, 0.25882354);
#15715 = FILL_AREA_STYLE_COLOUR('', #15714);
#15716 = FILL_AREA_STYLE('', (#15715));
#15717 = SURFACE_STYLE_FILL_AREA(#15716);
#15718 = SURFACE_SIDE_STYLE('', (#15717));
#15719 = SURFACE_STYLE_USAGE(.BOTH., #15718);
#15720 = PRESENTATION_STYLE_ASSIGNMENT((#15719));
#15721 = STYLED_ITEM('', (#15720), #15126);
#15722 = MECHANICAL_DESIGN_GEOMETRIC_PRESENTATION_REPRESENTATION('', (#15721), #4);
#15723 = PRODUCT_CONTEXT('', #15161, 'mechanical');
#15724 = PRODUCT('UNIDENTIFIED_PRODUCT', '', $, (#15723));
#15725 = PRODUCT_DEFINITION_FORMATION('', $, #15724);
#15726 = PRODUCT_DEFINITION('design', $, #15725, #15162);
#15727 = PRODUCT_DEFINITION_SHAPE('', '', #15726);
#15728 = ADVANCED_BREP_SHAPE_REPRESENTATION('', (#15125), #4);
#15729 = SHAPE_DEFINITION_REPRESENTATION(#15727, #15728);
#15730 = COLOUR_RGB('', 0.19215687, 0.22745098, 0.25882354);
#15731 = FILL_AREA_STYLE_COLOUR('', #15730);
#15732 = FILL_AREA_STYLE('', (#15731));
#15733 = SURFACE_STYLE_FILL_AREA(#15732);
#15734 = SURFACE_SIDE_STYLE('', (#15733));
#15735 = SURFACE_STYLE_USAGE(.BOTH., #15734);
#15736 = PRESENTATION_STYLE_ASSIGNMENT((#15735));
#15737 = STYLED_ITEM('', (#15736), #15125);
#15738 = MECHANICAL_DESIGN_GEOMETRIC_PRESENTATION_REPRESENTATION('', (#15737), #4);
#15739 = PRODUCT_CONTEXT('', #15161, 'mechanical');
#15740 = PRODUCT('UNIDENTIFIED_PRODUCT', '', $, (#15739));
#15741 = PRODUCT_DEFINITION_FORMATION('', $, #15740);
#15742 = PRODUCT_DEFINITION('design', $, #15741, #15162);
#15743 = PRODUCT_DEFINITION_SHAPE('', '', #15742);
#15744 = ADVANCED_BREP_SHAPE_REPRESENTATION('', (#15124), #4);
#15745 = SHAPE_DEFINITION_REPRESENTATION(#15743, #15744);
#15746 = COLOUR_RGB('', 0.19215687, 0.22745098, 0.25882354);
#15747 = FILL_AREA_STYLE_COLOUR('', #15746);
#15748 = FILL_AREA_STYLE('', (#15747));
#15749 = SURFACE_STYLE_FILL_AREA(#15748);
#15750 = SURFACE_SIDE_STYLE('', (#15749));
#15751 = SURFACE_STYLE_USAGE(.BOTH., #15750);
#15752 = PRESENTATION_STYLE_ASSIGNMENT((#15751));
#15753 = STYLED_ITEM('', (#15752), #15124);
#15754 = MECHANICAL_DESIGN_GEOMETRIC_PRESENTATION_REPRESENTATION('', (#15753), #4);
#15755 = PRODUCT_CONTEXT('', #15161, 'mechanical');
#15756 = PRODUCT('UNIDENTIFIED_PRODUCT', '', $, (#15755));
#15757 = PRODUCT_DEFINITION_FORMATION('', $, #15756);
#15758 = PRODUCT_DEFINITION('design', $, #15757, #15162);
#15759 = PRODUCT_DEFINITION_SHAPE('', '', #15758);
#15760 = ADVANCED_BREP_SHAPE_REPRESENTATION('', (#15123), #4);
#15761 = SHAPE_DEFINITION_REPRESENTATION(#15759, #15760);
#15762 = COLOUR_RGB('', 0.19215687, 0.22745098, 0.25882354);
#15763 = FILL_AREA_STYLE_COLOUR('', #15762);
#15764 = FILL_AREA_STYLE('', (#15763));
#15765 = SURFACE_STYLE_FILL_AREA(#15764);
#15766 = SURFACE_SIDE_STYLE('', (#15765));
#15767 = SURFACE_STYLE_USAGE(.BOTH., #15766);
#15768 = PRESENTATION_STYLE_ASSIGNMENT((#15767));
#15769 = STYLED_ITEM('', (#15768), #15123);
#15770 = MECHANICAL_DESIGN_GEOMETRIC_PRESENTATION_REPRESENTATION('', (#15769), #4);
#15771 = PRODUCT_CONTEXT('', #15161, 'mechanical');
#15772 = PRODUCT('UNIDENTIFIED_PRODUCT', '', $, (#15771));
#15773 = PRODUCT_DEFINITION_FORMATION('', $, #15772);
#15774 = PRODUCT_DEFINITION('design', $, #15773, #15162);
#15775 = PRODUCT_DEFINITION_SHAPE('', '', #15774);
#15776 = ADVANCED_BREP_SHAPE_REPRESENTATION('', (#15122), #4);
#15777 = SHAPE_DEFINITION_REPRESENTATION(#15775, #15776);
#15778 = COLOUR_RGB('', 0.8509804, 0.50980395, 0.16862746);
#15779 = FILL_AREA_STYLE_COLOUR('', #15778);
#15780 = FILL_AREA_STYLE('', (#15779));
#15781 = SURFACE_STYLE_FILL_AREA(#15780);
#15782 = SURFACE_SIDE_STYLE('', (#15781));
#15783 = SURFACE_STYLE_USAGE(.BOTH., #15782);
#15784 = PRESENTATION_STYLE_ASSIGNMENT((#15783));
#15785 = STYLED_ITEM('', (#15784), #15122);
#15786 = MECHANICAL_DESIGN_GEOMETRIC_PRESENTATION_REPRESENTATION('', (#15785), #4);
#15787 = PRODUCT_CONTEXT('', #15161, 'mechanical');
#15788 = PRODUCT('UNIDENTIFIED_PRODUCT', '', $, (#15787));
#15789 = PRODUCT_DEFINITION_FORMATION('', $, #15788);
#15790 = PRODUCT_DEFINITION('design', $, #15789, #15162);
#15791 = PRODUCT_DEFINITION_SHAPE('', '', #15790);
#15792 = ADVANCED_BREP_SHAPE_REPRESENTATION('', (#15121), #4);
#15793 = SHAPE_DEFINITION_REPRESENTATION(#15791, #15792);
#15794 = COLOUR_RGB('', 0.19215687, 0.22745098, 0.25882354);
#15795 = FILL_AREA_STYLE_COLOUR('', #15794);
#15796 = FILL_AREA_STYLE('', (#15795));
#15797 = SURFACE_STYLE_FILL_AREA(#15796);
#15798 = SURFACE_SIDE_STYLE('', (#15797));
#15799 = SURFACE_STYLE_USAGE(.BOTH., #15798);
#15800 = PRESENTATION_STYLE_ASSIGNMENT((#15799));
#15801 = STYLED_ITEM('', (#15800), #15121);
#15802 = MECHANICAL_DESIGN_GEOMETRIC_PRESENTATION_REPRESENTATION('', (#15801), #4);
#15803 = PRODUCT_CONTEXT('', #15161, 'mechanical');
#15804 = PRODUCT('UNIDENTIFIED_PRODUCT', '', $, (#15803));
#15805 = PRODUCT_DEFINITION_FORMATION('', $, #15804);
#15806 = PRODUCT_DEFINITION('design', $, #15805, #15162);
#15807 = PRODUCT_DEFINITION_SHAPE('', '', #15806);
#15808 = ADVANCED_BREP_SHAPE_REPRESENTATION('', (#15120), #4);
#15809 = SHAPE_DEFINITION_REPRESENTATION(#15807, #15808);
#15810 = COLOUR_RGB('', 0.19215687, 0.22745098, 0.25882354);
#15811 = FILL_AREA_STYLE_COLOUR('', #15810);
#15812 = FILL_AREA_STYLE('', (#15811));
#15813 = SURFACE_STYLE_FILL_AREA(#15812);
#15814 = SURFACE_SIDE_STYLE('', (#15813));
#15815 = SURFACE_STYLE_USAGE(.BOTH., #15814);
#15816 = PRESENTATION_STYLE_ASSIGNMENT((#15815));
#15817 = STYLED_ITEM('', (#15816), #15120);
#15818 = MECHANICAL_DESIGN_GEOMETRIC_PRESENTATION_REPRESENTATION('', (#15817), #4);
#15819 = PRODUCT_CONTEXT('', #15161, 'mechanical');
#15820 = PRODUCT('UNIDENTIFIED_PRODUCT', '', $, (#15819));
#15821 = PRODUCT_DEFINITION_FORMATION('', $, #15820);
#15822 = PRODUCT_DEFINITION('design', $, #15821, #15162);
#15823 = PRODUCT_DEFINITION_SHAPE('', '', #15822);
#15824 = ADVANCED_BREP_SHAPE_REPRESENTATION('', (#15119), #4);
#15825 = SHAPE_DEFINITION_REPRESENTATION(#15823, #15824);
#15826 = COLOUR_RGB('', 0.19215687, 0.22745098, 0.25882354);
#15827 = FILL_AREA_STYLE_COLOUR('', #15826);
#15828 = FILL_AREA_STYLE('', (#15827));
#15829 = SURFACE_STYLE_FILL_AREA(#15828);
#15830 = SURFACE_SIDE_STYLE('', (#15829));
#15831 = SURFACE_STYLE_USAGE(.BOTH., #15830);
#15832 = PRESENTATION_STYLE_ASSIGNMENT((#15831));
#15833 = STYLED_ITEM('', (#15832), #15119);
#15834 = MECHANICAL_DESIGN_GEOMETRIC_PRESENTATION_REPRESENTATION('', (#15833), #4);
#15835 = PRODUCT_CONTEXT('', #15161, 'mechanical');
#15836 = PRODUCT('UNIDENTIFIED_PRODUCT', '', $, (#15835));
#15837 = PRODUCT_DEFINITION_FORMATION('', $, #15836);
#15838 = PRODUCT_DEFINITION('design', $, #15837, #15162);
#15839 = PRODUCT_DEFINITION_SHAPE('', '', #15838);
#15840 = ADVANCED_BREP_SHAPE_REPRESENTATION('', (#15118), #4);
#15841 = SHAPE_DEFINITION_REPRESENTATION(#15839, #15840);
#15842 = COLOUR_RGB('', 0.19215687, 0.22745098, 0.25882354);
#15843 = FILL_AREA_STYLE_COLOUR('', #15842);
#15844 = FILL_AREA_STYLE('', (#15843));
#15845 = SURFACE_STYLE_FILL_AREA(#15844);
#15846 = SURFACE_SIDE_STYLE('', (#15845));
#15847 = SURFACE_STYLE_USAGE(.BOTH., #15846);
#15848 = PRESENTATION_STYLE_ASSIGNMENT((#15847));
#15849 = STYLED_ITEM('', (#15848), #15118);
#15850 = MECHANICAL_DESIGN_GEOMETRIC_PRESENTATION_REPRESENTATION('', (#15849), #4);
#15851 = PRODUCT_CONTEXT('', #15161, 'mechanical');
#15852 = PRODUCT('UNIDENTIFIED_PRODUCT', '', $, (#15851));
#15853 = PRODUCT_DEFINITION_FORMATION('', $, #15852);
#15854 = PRODUCT_DEFINITION('design', $, #15853, #15162);
#15855 = PRODUCT_DEFINITION_SHAPE('', '', #15854);
#15856 = ADVANCED_BREP_SHAPE_REPRESENTATION('', (#15117), #4);
#15857 = SHAPE_DEFINITION_REPRESENTATION(#15855, #15856);
#15858 = COLOUR_RGB('', 0.1254902, 0.14509805, 0.16470589);
#15859 = FILL_AREA_STYLE_COLOUR('', #15858);
#15860 = FILL_AREA_STYLE('', (#15859));
#15861 = SURFACE_STYLE_FILL_AREA(#15860);
#15862 = SURFACE_SIDE_STYLE('', (#15861));
#15863 = SURFACE_STYLE_USAGE(.BOTH., #15862);
#15864 = PRESENTATION_STYLE_ASSIGNMENT((#15863));
#15865 = STYLED_ITEM('', (#15864), #15117);
#15866 = MECHANICAL_DESIGN_GEOMETRIC_PRESENTATION_REPRESENTATION('', (#15865), #4);
#15867 = PRODUCT_CONTEXT('', #15161, 'mechanical');
#15868 = PRODUCT('UNIDENTIFIED_PRODUCT', '', $, (#15867));
#15869 = PRODUCT_DEFINITION_FORMATION('', $, #15868);
#15870 = PRODUCT_DEFINITION('design', $, #15869, #15162);
#15871 = PRODUCT_DEFINITION_SHAPE('', '', #15870);
#15872 = ADVANCED_BREP_SHAPE_REPRESENTATION('', (#15116), #4);
#15873 = SHAPE_DEFINITION_REPRESENTATION(#15871, #15872);
#15874 = COLOUR_RGB('', 0.20392157, 0.21960784, 0.23921569);
#15875 = FILL_AREA_STYLE_COLOUR('', #15874);
#15876 = FILL_AREA_STYLE('', (#15875));
#15877 = SURFACE_STYLE_FILL_AREA(#15876);
#15878 = SURFACE_SIDE_STYLE('', (#15877));
#15879 = SURFACE_STYLE_USAGE(.BOTH., #15878);
#15880 = PRESENTATION_STYLE_ASSIGNMENT((#15879));
#15881 = STYLED_ITEM('', (#15880), #15116);
#15882 = MECHANICAL_DESIGN_GEOMETRIC_PRESENTATION_REPRESENTATION('', (#15881), #4);
#15883 = PRODUCT_CONTEXT('', #15161, 'mechanical');
#15884 = PRODUCT('UNIDENTIFIED_PRODUCT', '', $, (#15883));
#15885 = PRODUCT_DEFINITION_FORMATION('', $, #15884);
#15886 = PRODUCT_DEFINITION('design', $, #15885, #15162);
#15887 = PRODUCT_DEFINITION_SHAPE('', '', #15886);
#15888 = ADVANCED_BREP_SHAPE_REPRESENTATION('', (#15115), #4);
#15889 = SHAPE_DEFINITION_REPRESENTATION(#15887, #15888);
#15890 = COLOUR_RGB('', 0.20392157, 0.21960784, 0.23921569);
#15891 = FILL_AREA_STYLE_COLOUR('', #15890);
#15892 = FILL_AREA_STYLE('', (#15891));
#15893 = SURFACE_STYLE_FILL_AREA(#15892);
#15894 = SURFACE_SIDE_STYLE('', (#15893));
#15895 = SURFACE_STYLE_USAGE(.BOTH., #15894);
#15896 = PRESENTATION_STYLE_ASSIGNMENT((#15895));
#15897 = STYLED_ITEM('', (#15896), #15115);
#15898 = MECHANICAL_DESIGN_GEOMETRIC_PRESENTATION_REPRESENTATION('', (#15897), #4);
#15899 = PRODUCT_CONTEXT('', #15161, 'mechanical');
#15900 = PRODUCT('UNIDENTIFIED_PRODUCT', '', $, (#15899));
#15901 = PRODUCT_DEFINITION_FORMATION('', $, #15900);
#15902 = PRODUCT_DEFINITION('design', $, #15901, #15162);
#15903 = PRODUCT_DEFINITION_SHAPE('', '', #15902);
#15904 = ADVANCED_BREP_SHAPE_REPRESENTATION('', (#15114), #4);
#15905 = SHAPE_DEFINITION_REPRESENTATION(#15903, #15904);
#15906 = COLOUR_RGB('', 0.20392157, 0.21960784, 0.23921569);
#15907 = FILL_AREA_STYLE_COLOUR('', #15906);
#15908 = FILL_AREA_STYLE('', (#15907));
#15909 = SURFACE_STYLE_FILL_AREA(#15908);
#15910 = SURFACE_SIDE_STYLE('', (#15909));
#15911 = SURFACE_STYLE_USAGE(.BOTH., #15910);
#15912 = PRESENTATION_STYLE_ASSIGNMENT((#15911));
#15913 = STYLED_ITEM('', (#15912), #15114);
#15914 = MECHANICAL_DESIGN_GEOMETRIC_PRESENTATION_REPRESENTATION('', (#15913), #4);
#15915 = PRODUCT_CONTEXT('', #15161, 'mechanical');
#15916 = PRODUCT('UNIDENTIFIED_PRODUCT', '', $, (#15915));
#15917 = PRODUCT_DEFINITION_FORMATION('', $, #15916);
#15918 = PRODUCT_DEFINITION('design', $, #15917, #15162);
#15919 = PRODUCT_DEFINITION_SHAPE('', '', #15918);
#15920 = ADVANCED_BREP_SHAPE_REPRESENTATION('', (#15113), #4);
#15921 = SHAPE_DEFINITION_REPRESENTATION(#15919, #15920);
#15922 = COLOUR_RGB('', 0.20392157, 0.21960784, 0.23921569);
#15923 = FILL_AREA_STYLE_COLOUR('', #15922);
#15924 = FILL_AREA_STYLE('', (#15923));
#15925 = SURFACE_STYLE_FILL_AREA(#15924);
#15926 = SURFACE_SIDE_STYLE('', (#15925));
#15927 = SURFACE_STYLE_USAGE(.BOTH., #15926);
#15928 = PRESENTATION_STYLE_ASSIGNMENT((#15927));
#15929 = STYLED_ITEM('', (#15928), #15113);
#15930 = MECHANICAL_DESIGN_GEOMETRIC_PRESENTATION_REPRESENTATION('', (#15929), #4);
#15931 = PRODUCT_CONTEXT('', #15161, 'mechanical');
#15932 = PRODUCT('UNIDENTIFIED_PRODUCT', '', $, (#15931));
#15933 = PRODUCT_DEFINITION_FORMATION('', $, #15932);
#15934 = PRODUCT_DEFINITION('design', $, #15933, #15162);
#15935 = PRODUCT_DEFINITION_SHAPE('', '', #15934);
#15936 = ADVANCED_BREP_SHAPE_REPRESENTATION('', (#15112), #4);
#15937 = SHAPE_DEFINITION_REPRESENTATION(#15935, #15936);
#15938 = COLOUR_RGB('', 0.8509804, 0.50980395, 0.16862746);
#15939 = FILL_AREA_STYLE_COLOUR('', #15938);
#15940 = FILL_AREA_STYLE('', (#15939));
#15941 = SURFACE_STYLE_FILL_AREA(#15940);
#15942 = SURFACE_SIDE_STYLE('', (#15941));
#15943 = SURFACE_STYLE_USAGE(.BOTH., #15942);
#15944 = PRESENTATION_STYLE_ASSIGNMENT((#15943));
#15945 = STYLED_ITEM('', (#15944), #15112);
#15946 = MECHANICAL_DESIGN_GEOMETRIC_PRESENTATION_REPRESENTATION('', (#15945), #4);
#15947 = PRODUCT_CONTEXT('', #15161, 'mechanical');
#15948 = PRODUCT('UNIDENTIFIED_PRODUCT', '', $, (#15947));
#15949 = PRODUCT_DEFINITION_FORMATION('', $, #15948);
#15950 = PRODUCT_DEFINITION('design', $, #15949, #15162);
#15951 = PRODUCT_DEFINITION_SHAPE('', '', #15950);
#15952 = ADVANCED_BREP_SHAPE_REPRESENTATION('', (#15111), #4);
#15953 = SHAPE_DEFINITION_REPRESENTATION(#15951, #15952);
#15954 = COLOUR_RGB('', 0.8509804, 0.50980395, 0.16862746);
#15955 = FILL_AREA_STYLE_COLOUR('', #15954);
#15956 = FILL_AREA_STYLE('', (#15955));
#15957 = SURFACE_STYLE_FILL_AREA(#15956);
#15958 = SURFACE_SIDE_STYLE('', (#15957));
#15959 = SURFACE_STYLE_USAGE(.BOTH., #15958);
#15960 = PRESENTATION_STYLE_ASSIGNMENT((#15959));
#15961 = STYLED_ITEM('', (#15960), #15111);
#15962 = MECHANICAL_DESIGN_GEOMETRIC_PRESENTATION_REPRESENTATION('', (#15961), #4);
#15963 = PRODUCT_CONTEXT('', #15161, 'mechanical');
#15964 = PRODUCT('UNIDENTIFIED_PRODUCT', '', $, (#15963));
#15965 = PRODUCT_DEFINITION_FORMATION('', $, #15964);
#15966 = PRODUCT_DEFINITION('design', $, #15965, #15162);
#15967 = PRODUCT_DEFINITION_SHAPE('', '', #15966);
#15968 = ADVANCED_BREP_SHAPE_REPRESENTATION('', (#15110), #4);
#15969 = SHAPE_DEFINITION_REPRESENTATION(#15967, #15968);
#15970 = COLOUR_RGB('', 0.8509804, 0.50980395, 0.16862746);
#15971 = FILL_AREA_STYLE_COLOUR('', #15970);
#15972 = FILL_AREA_STYLE('', (#15971));
#15973 = SURFACE_STYLE_FILL_AREA(#15972);
#15974 = SURFACE_SIDE_STYLE('', (#15973));
#15975 = SURFACE_STYLE_USAGE(.BOTH., #15974);
#15976 = PRESENTATION_STYLE_ASSIGNMENT((#15975));
#15977 = STYLED_ITEM('', (#15976), #15110);
#15978 = MECHANICAL_DESIGN_GEOMETRIC_PRESENTATION_REPRESENTATION('', (#15977), #4);
#15979 = PRODUCT_CONTEXT('', #15161, 'mechanical');
#15980 = PRODUCT('UNIDENTIFIED_PRODUCT', '', $, (#15979));
#15981 = PRODUCT_DEFINITION_FORMATION('', $, #15980);
#15982 = PRODUCT_DEFINITION('design', $, #15981, #15162);
#15983 = PRODUCT_DEFINITION_SHAPE('', '', #15982);
#15984 = ADVANCED_BREP_SHAPE_REPRESENTATION('', (#15109), #4);
#15985 = SHAPE_DEFINITION_REPRESENTATION(#15983, #15984);
#15986 = COLOUR_RGB('', 0.8509804, 0.50980395, 0.16862746);
#15987 = FILL_AREA_STYLE_COLOUR('', #15986);
#15988 = FILL_AREA_STYLE('', (#15987));
#15989 = SURFACE_STYLE_FILL_AREA(#15988);
#15990 = SURFACE_SIDE_STYLE('', (#15989));
#15991 = SURFACE_STYLE_USAGE(.BOTH., #15990);
#15992 = PRESENTATION_STYLE_ASSIGNMENT((#15991));
#15993 = STYLED_ITEM('', (#15992), #15109);
#15994 = MECHANICAL_DESIGN_GEOMETRIC_PRESENTATION_REPRESENTATION('', (#15993), #4);
#15995 = PRODUCT_CONTEXT('', #15161, 'mechanical');
#15996 = PRODUCT('UNIDENTIFIED_PRODUCT', '', $, (#15995));
#15997 = PRODUCT_DEFINITION_FORMATION('', $, #15996);
#15998 = PRODUCT_DEFINITION('design', $, #15997, #15162);
#15999 = PRODUCT_DEFINITION_SHAPE('', '', #15998);
#16000 = ADVANCED_BREP_SHAPE_REPRESENTATION('', (#15108), #4);
#16001 = SHAPE_DEFINITION_REPRESENTATION(#15999, #16000);
#16002 = COLOUR_RGB('', 0.19215687, 0.22745098, 0.25882354);
#16003 = FILL_AREA_STYLE_COLOUR('', #16002);
#16004 = FILL_AREA_STYLE('', (#16003));
#16005 = SURFACE_STYLE_FILL_AREA(#16004);
#16006 = SURFACE_SIDE_STYLE('', (#16005));
#16007 = SURFACE_STYLE_USAGE(.BOTH., #16006);
#16008 = PRESENTATION_STYLE_ASSIGNMENT((#16007));
#16009 = STYLED_ITEM('', (#16008), #15108);
#16010 = MECHANICAL_DESIGN_GEOMETRIC_PRESENTATION_REPRESENTATION('', (#16009), #4);
#16011 = PRODUCT_CONTEXT('', #15161, 'mechanical');
#16012 = PRODUCT('UNIDENTIFIED_PRODUCT', '', $, (#16011));
#16013 = PRODUCT_DEFINITION_FORMATION('', $, #16012);
#16014 = PRODUCT_DEFINITION('design', $, #16013, #15162);
#16015 = PRODUCT_DEFINITION_SHAPE('', '', #16014);
#16016 = ADVANCED_BREP_SHAPE_REPRESENTATION('', (#15107), #4);
#16017 = SHAPE_DEFINITION_REPRESENTATION(#16015, #16016);
#16018 = COLOUR_RGB('', 0.1254902, 0.37254903, 0.53333336);
#16019 = FILL_AREA_STYLE_COLOUR('', #16018);
#16020 = FILL_AREA_STYLE('', (#16019));
#16021 = SURFACE_STYLE_FILL_AREA(#16020);
#16022 = SURFACE_SIDE_STYLE('', (#16021));
#16023 = SURFACE_STYLE_USAGE(.BOTH., #16022);
#16024 = PRESENTATION_STYLE_ASSIGNMENT((#16023));
#16025 = STYLED_ITEM('', (#16024), #15107);
#16026 = MECHANICAL_DESIGN_GEOMETRIC_PRESENTATION_REPRESENTATION('', (#16025), #4);
#16027 = PRODUCT_CONTEXT('', #15161, 'mechanical');
#16028 = PRODUCT('UNIDENTIFIED_PRODUCT', '', $, (#16027));
#16029 = PRODUCT_DEFINITION_FORMATION('', $, #16028);
#16030 = PRODUCT_DEFINITION('design', $, #16029, #15162);
#16031 = PRODUCT_DEFINITION_SHAPE('', '', #16030);
#16032 = ADVANCED_BREP_SHAPE_REPRESENTATION('', (#15106), #4);
#16033 = SHAPE_DEFINITION_REPRESENTATION(#16031, #16032);
#16034 = COLOUR_RGB('', 0.88627452, 0.32941177, 0.23921569);
#16035 = FILL_AREA_STYLE_COLOUR('', #16034);
#16036 = FILL_AREA_STYLE('', (#16035));
#16037 = SURFACE_STYLE_FILL_AREA(#16036);
#16038 = SURFACE_SIDE_STYLE('', (#16037));
#16039 = SURFACE_STYLE_USAGE(.BOTH., #16038);
#16040 = PRESENTATION_STYLE_ASSIGNMENT((#16039));
#16041 = STYLED_ITEM('', (#16040), #15106);
#16042 = MECHANICAL_DESIGN_GEOMETRIC_PRESENTATION_REPRESENTATION('', (#16041), #4);
#16043 = PRODUCT_CONTEXT('', #15161, 'mechanical');
#16044 = PRODUCT('UNIDENTIFIED_PRODUCT', '', $, (#16043));
#16045 = PRODUCT_DEFINITION_FORMATION('', $, #16044);
#16046 = PRODUCT_DEFINITION('design', $, #16045, #15162);
#16047 = PRODUCT_DEFINITION_SHAPE('', '', #16046);
#16048 = ADVANCED_BREP_SHAPE_REPRESENTATION('', (#15105), #4);
#16049 = SHAPE_DEFINITION_REPRESENTATION(#16047, #16048);
#16050 = COLOUR_RGB('', 0.88627452, 0.32941177, 0.23921569);
#16051 = FILL_AREA_STYLE_COLOUR('', #16050);
#16052 = FILL_AREA_STYLE('', (#16051));
#16053 = SURFACE_STYLE_FILL_AREA(#16052);
#16054 = SURFACE_SIDE_STYLE('', (#16053));
#16055 = SURFACE_STYLE_USAGE(.BOTH., #16054);
#16056 = PRESENTATION_STYLE_ASSIGNMENT((#16055));
#16057 = STYLED_ITEM('', (#16056), #15105);
#16058 = MECHANICAL_DESIGN_GEOMETRIC_PRESENTATION_REPRESENTATION('', (#16057), #4);
#16059 = PRODUCT_CONTEXT('', #15161, 'mechanical');
#16060 = PRODUCT('UNIDENTIFIED_PRODUCT', '', $, (#16059));
#16061 = PRODUCT_DEFINITION_FORMATION('', $, #16060);
#16062 = PRODUCT_DEFINITION('design', $, #16061, #15162);
#16063 = PRODUCT_DEFINITION_SHAPE('', '', #16062);
#16064 = ADVANCED_BREP_SHAPE_REPRESENTATION('', (#15104), #4);
#16065 = SHAPE_DEFINITION_REPRESENTATION(#16063, #16064);
#16066 = COLOUR_RGB('', 0.88627452, 0.32941177, 0.23921569);
#16067 = FILL_AREA_STYLE_COLOUR('', #16066);
#16068 = FILL_AREA_STYLE('', (#16067));
#16069 = SURFACE_STYLE_FILL_AREA(#16068);
#16070 = SURFACE_SIDE_STYLE('', (#16069));
#16071 = SURFACE_STYLE_USAGE(.BOTH., #16070);
#16072 = PRESENTATION_STYLE_ASSIGNMENT((#16071));
#16073 = STYLED_ITEM('', (#16072), #15104);
#16074 = MECHANICAL_DESIGN_GEOMETRIC_PRESENTATION_REPRESENTATION('', (#16073), #4);
#16075 = PRODUCT_CONTEXT('', #15161, 'mechanical');
#16076 = PRODUCT('UNIDENTIFIED_PRODUCT', '', $, (#16075));
#16077 = PRODUCT_DEFINITION_FORMATION('', $, #16076);
#16078 = PRODUCT_DEFINITION('design', $, #16077, #15162);
#16079 = PRODUCT_DEFINITION_SHAPE('', '', #16078);
#16080 = ADVANCED_BREP_SHAPE_REPRESENTATION('', (#15103), #4);
#16081 = SHAPE_DEFINITION_REPRESENTATION(#16079, #16080);
#16082 = COLOUR_RGB('', 0.88627452, 0.32941177, 0.23921569);
#16083 = FILL_AREA_STYLE_COLOUR('', #16082);
#16084 = FILL_AREA_STYLE('', (#16083));
#16085 = SURFACE_STYLE_FILL_AREA(#16084);
#16086 = SURFACE_SIDE_STYLE('', (#16085));
#16087 = SURFACE_STYLE_USAGE(.BOTH., #16086);
#16088 = PRESENTATION_STYLE_ASSIGNMENT((#16087));
#16089 = STYLED_ITEM('', (#16088), #15103);
#16090 = MECHANICAL_DESIGN_GEOMETRIC_PRESENTATION_REPRESENTATION('', (#16089), #4);
#16091 = PRODUCT_CONTEXT('', #15161, 'mechanical');
#16092 = PRODUCT('UNIDENTIFIED_PRODUCT', '', $, (#16091));
#16093 = PRODUCT_DEFINITION_FORMATION('', $, #16092);
#16094 = PRODUCT_DEFINITION('design', $, #16093, #15162);
#16095 = PRODUCT_DEFINITION_SHAPE('', '', #16094);
#16096 = ADVANCED_BREP_SHAPE_REPRESENTATION('', (#15102), #4);
#16097 = SHAPE_DEFINITION_REPRESENTATION(#16095, #16096);
#16098 = COLOUR_RGB('', 0.19215687, 0.22745098, 0.25882354);
#16099 = FILL_AREA_STYLE_COLOUR('', #16098);
#16100 = FILL_AREA_STYLE('', (#16099));
#16101 = SURFACE_STYLE_FILL_AREA(#16100);
#16102 = SURFACE_SIDE_STYLE('', (#16101));
#16103 = SURFACE_STYLE_USAGE(.BOTH., #16102);
#16104 = PRESENTATION_STYLE_ASSIGNMENT((#16103));
#16105 = STYLED_ITEM('', (#16104), #15102);
#16106 = MECHANICAL_DESIGN_GEOMETRIC_PRESENTATION_REPRESENTATION('', (#16105), #4);
#16107 = PRODUCT_CONTEXT('', #15161, 'mechanical');
#16108 = PRODUCT('UNIDENTIFIED_PRODUCT', '', $, (#16107));
#16109 = PRODUCT_DEFINITION_FORMATION('', $, #16108);
#16110 = PRODUCT_DEFINITION('design', $, #16109, #15162);
#16111 = PRODUCT_DEFINITION_SHAPE('', '', #16110);
#16112 = ADVANCED_BREP_SHAPE_REPRESENTATION('', (#15101), #4);
#16113 = SHAPE_DEFINITION_REPRESENTATION(#16111, #16112);
#16114 = COLOUR_RGB('', 0.1254902, 0.14509805, 0.16470589);
#16115 = FILL_AREA_STYLE_COLOUR('', #16114);
#16116 = FILL_AREA_STYLE('', (#16115));
#16117 = SURFACE_STYLE_FILL_AREA(#16116);
#16118 = SURFACE_SIDE_STYLE('', (#16117));
#16119 = SURFACE_STYLE_USAGE(.BOTH., #16118);
#16120 = PRESENTATION_STYLE_ASSIGNMENT((#16119));
#16121 = STYLED_ITEM('', (#16120), #15101);
#16122 = MECHANICAL_DESIGN_GEOMETRIC_PRESENTATION_REPRESENTATION('', (#16121), #4);
#16123 = PRODUCT_CONTEXT('', #15161, 'mechanical');
#16124 = PRODUCT('UNIDENTIFIED_PRODUCT', '', $, (#16123));
#16125 = PRODUCT_DEFINITION_FORMATION('', $, #16124);
#16126 = PRODUCT_DEFINITION('design', $, #16125, #15162);
#16127 = PRODUCT_DEFINITION_SHAPE('', '', #16126);
#16128 = ADVANCED_BREP_SHAPE_REPRESENTATION('', (#15100), #4);
#16129 = SHAPE_DEFINITION_REPRESENTATION(#16127, #16128);
#16130 = COLOUR_RGB('', 0.50588238, 0.31764707, 0.14901961);
#16131 = FILL_AREA_STYLE_COLOUR('', #16130);
#16132 = FILL_AREA_STYLE('', (#16131));
#16133 = SURFACE_STYLE_FILL_AREA(#16132);
#16134 = SURFACE_SIDE_STYLE('', (#16133));
#16135 = SURFACE_STYLE_USAGE(.BOTH., #16134);
#16136 = PRESENTATION_STYLE_ASSIGNMENT((#16135));
#16137 = STYLED_ITEM('', (#16136), #15100);
#16138 = MECHANICAL_DESIGN_GEOMETRIC_PRESENTATION_REPRESENTATION('', (#16137), #4);
#16139 = PRODUCT_CONTEXT('', #15161, 'mechanical');
#16140 = PRODUCT('UNIDENTIFIED_PRODUCT', '', $, (#16139));
#16141 = PRODUCT_DEFINITION_FORMATION('', $, #16140);
#16142 = PRODUCT_DEFINITION('design', $, #16141, #15162);
#16143 = PRODUCT_DEFINITION_SHAPE('', '', #16142);
#16144 = ADVANCED_BREP_SHAPE_REPRESENTATION('', (#15099), #4);
#16145 = SHAPE_DEFINITION_REPRESENTATION(#16143, #16144);
#16146 = COLOUR_RGB('', 0.50588238, 0.31764707, 0.14901961);
#16147 = FILL_AREA_STYLE_COLOUR('', #16146);
#16148 = FILL_AREA_STYLE('', (#16147));
#16149 = SURFACE_STYLE_FILL_AREA(#16148);
#16150 = SURFACE_SIDE_STYLE('', (#16149));
#16151 = SURFACE_STYLE_USAGE(.BOTH., #16150);
#16152 = PRESENTATION_STYLE_ASSIGNMENT((#16151));
#16153 = STYLED_ITEM('', (#16152), #15099);
#16154 = MECHANICAL_DESIGN_GEOMETRIC_PRESENTATION_REPRESENTATION('', (#16153), #4);
#16155 = PRODUCT_CONTEXT('', #15161, 'mechanical');
#16156 = PRODUCT('UNIDENTIFIED_PRODUCT', '', $, (#16155));
#16157 = PRODUCT_DEFINITION_FORMATION('', $, #16156);
#16158 = PRODUCT_DEFINITION('design', $, #16157, #15162);
#16159 = PRODUCT_DEFINITION_SHAPE('', '', #16158);
#16160 = ADVANCED_BREP_SHAPE_REPRESENTATION('', (#15098), #4);
#16161 = SHAPE_DEFINITION_REPRESENTATION(#16159, #16160);
#16162 = COLOUR_RGB('', 0.19215687, 0.22745098, 0.25882354);
#16163 = FILL_AREA_STYLE_COLOUR('', #16162);
#16164 = FILL_AREA_STYLE('', (#16163));
#16165 = SURFACE_STYLE_FILL_AREA(#16164);
#16166 = SURFACE_SIDE_STYLE('', (#16165));
#16167 = SURFACE_STYLE_USAGE(.BOTH., #16166);
#16168 = PRESENTATION_STYLE_ASSIGNMENT((#16167));
#16169 = STYLED_ITEM('', (#16168), #15098);
#16170 = MECHANICAL_DESIGN_GEOMETRIC_PRESENTATION_REPRESENTATION('', (#16169), #4);
#16171 = PRODUCT_CONTEXT('', #15161, 'mechanical');
#16172 = PRODUCT('UNIDENTIFIED_PRODUCT', '', $, (#16171));
#16173 = PRODUCT_DEFINITION_FORMATION('', $, #16172);
#16174 = PRODUCT_DEFINITION('design', $, #16173, #15162);
#16175 = PRODUCT_DEFINITION_SHAPE('', '', #16174);
#16176 = ADVANCED_BREP_SHAPE_REPRESENTATION('', (#15097), #4);
#16177 = SHAPE_DEFINITION_REPRESENTATION(#16175, #16176);
#16178 = COLOUR_RGB('', 0.1254902, 0.14509805, 0.16470589);
#16179 = FILL_AREA_STYLE_COLOUR('', #16178);
#16180 = FILL_AREA_STYLE('', (#16179));
#16181 = SURFACE_STYLE_FILL_AREA(#16180);
#16182 = SURFACE_SIDE_STYLE('', (#16181));
#16183 = SURFACE_STYLE_USAGE(.BOTH., #16182);
#16184 = PRESENTATION_STYLE_ASSIGNMENT((#16183));
#16185 = STYLED_ITEM('', (#16184), #15097);
#16186 = MECHANICAL_DESIGN_GEOMETRIC_PRESENTATION_REPRESENTATION('', (#16185), #4);
#16187 = PRODUCT_CONTEXT('', #15161, 'mechanical');
#16188 = PRODUCT('UNIDENTIFIED_PRODUCT', '', $, (#16187));
#16189 = PRODUCT_DEFINITION_FORMATION('', $, #16188);
#16190 = PRODUCT_DEFINITION('design', $, #16189, #15162);
#16191 = PRODUCT_DEFINITION_SHAPE('', '', #16190);
#16192 = ADVANCED_BREP_SHAPE_REPRESENTATION('', (#15096), #4);
#16193 = SHAPE_DEFINITION_REPRESENTATION(#16191, #16192);
#16194 = COLOUR_RGB('', 0.20392157, 0.21960784, 0.23921569);
#16195 = FILL_AREA_STYLE_COLOUR('', #16194);
#16196 = FILL_AREA_STYLE('', (#16195));
#16197 = SURFACE_STYLE_FILL_AREA(#16196);
#16198 = SURFACE_SIDE_STYLE('', (#16197));
#16199 = SURFACE_STYLE_USAGE(.BOTH., #16198);
#16200 = PRESENTATION_STYLE_ASSIGNMENT((#16199));
#16201 = STYLED_ITEM('', (#16200), #15096);
#16202 = MECHANICAL_DESIGN_GEOMETRIC_PRESENTATION_REPRESENTATION('', (#16201), #4);
#16203 = PRODUCT_CONTEXT('', #15161, 'mechanical');
#16204 = PRODUCT('UNIDENTIFIED_PRODUCT', '', $, (#16203));
#16205 = PRODUCT_DEFINITION_FORMATION('', $, #16204);
#16206 = PRODUCT_DEFINITION('design', $, #16205, #15162);
#16207 = PRODUCT_DEFINITION_SHAPE('', '', #16206);
#16208 = ADVANCED_BREP_SHAPE_REPRESENTATION('', (#15095), #4);
#16209 = SHAPE_DEFINITION_REPRESENTATION(#16207, #16208);
#16210 = COLOUR_RGB('', 0.8509804, 0.50980395, 0.16862746);
#16211 = FILL_AREA_STYLE_COLOUR('', #16210);
#16212 = FILL_AREA_STYLE('', (#16211));
#16213 = SURFACE_STYLE_FILL_AREA(#16212);
#16214 = SURFACE_SIDE_STYLE('', (#16213));
#16215 = SURFACE_STYLE_USAGE(.BOTH., #16214);
#16216 = PRESENTATION_STYLE_ASSIGNMENT((#16215));
#16217 = STYLED_ITEM('', (#16216), #15095);
#16218 = MECHANICAL_DESIGN_GEOMETRIC_PRESENTATION_REPRESENTATION('', (#16217), #4);
#16219 = PRODUCT_CONTEXT('', #15161, 'mechanical');
#16220 = PRODUCT('UNIDENTIFIED_PRODUCT', '', $, (#16219));
#16221 = PRODUCT_DEFINITION_FORMATION('', $, #16220);
#16222 = PRODUCT_DEFINITION('design', $, #16221, #15162);
#16223 = PRODUCT_DEFINITION_SHAPE('', '', #16222);
#16224 = ADVANCED_BREP_SHAPE_REPRESENTATION('', (#15094), #4);
#16225 = SHAPE_DEFINITION_REPRESENTATION(#16223, #16224);
#16226 = COLOUR_RGB('', 0.8509804, 0.50980395, 0.16862746);
#16227 = FILL_AREA_STYLE_COLOUR('', #16226);
#16228 = FILL_AREA_STYLE('', (#16227));
#16229 = SURFACE_STYLE_FILL_AREA(#16228);
#16230 = SURFACE_SIDE_STYLE('', (#16229));
#16231 = SURFACE_STYLE_USAGE(.BOTH., #16230);
#16232 = PRESENTATION_STYLE_ASSIGNMENT((#16231));
#16233 = STYLED_ITEM('', (#16232), #15094);
#16234 = MECHANICAL_DESIGN_GEOMETRIC_PRESENTATION_REPRESENTATION('', (#16233), #4);
#16235 = PRODUCT_CONTEXT('', #15161, 'mechanical');
#16236 = PRODUCT('UNIDENTIFIED_PRODUCT', '', $, (#16235));
#16237 = PRODUCT_DEFINITION_FORMATION('', $, #16236);
#16238 = PRODUCT_DEFINITION('design', $, #16237, #15162);
#16239 = PRODUCT_DEFINITION_SHAPE('', '', #16238);
#16240 = ADVANCED_BREP_SHAPE_REPRESENTATION('', (#15093), #4);
#16241 = SHAPE_DEFINITION_REPRESENTATION(#16239, #16240);
#16242 = COLOUR_RGB('', 0.8509804, 0.50980395, 0.16862746);
#16243 = FILL_AREA_STYLE_COLOUR('', #16242);
#16244 = FILL_AREA_STYLE('', (#16243));
#16245 = SURFACE_STYLE_FILL_AREA(#16244);
#16246 = SURFACE_SIDE_STYLE('', (#16245));
#16247 = SURFACE_STYLE_USAGE(.BOTH., #16246);
#16248 = PRESENTATION_STYLE_ASSIGNMENT((#16247));
#16249 = STYLED_ITEM('', (#16248), #15093);
#16250 = MECHANICAL_DESIGN_GEOMETRIC_PRESENTATION_REPRESENTATION('', (#16249), #4);
#16251 = PRODUCT_CONTEXT('', #15161, 'mechanical');
#16252 = PRODUCT('UNIDENTIFIED_PRODUCT', '', $, (#16251));
#16253 = PRODUCT_DEFINITION_FORMATION('', $, #16252);
#16254 = PRODUCT_DEFINITION('design', $, #16253, #15162);
#16255 = PRODUCT_DEFINITION_SHAPE('', '', #16254);
#16256 = ADVANCED_BREP_SHAPE_REPRESENTATION('', (#15092), #4);
#16257 = SHAPE_DEFINITION_REPRESENTATION(#16255, #16256);
#16258 = COLOUR_RGB('', 0.8509804, 0.50980395, 0.16862746);
#16259 = FILL_AREA_STYLE_COLOUR('', #16258);
#16260 = FILL_AREA_STYLE('', (#16259));
#16261 = SURFACE_STYLE_FILL_AREA(#16260);
#16262 = SURFACE_SIDE_STYLE('', (#16261));
#16263 = SURFACE_STYLE_USAGE(.BOTH., #16262);
#16264 = PRESENTATION_STYLE_ASSIGNMENT((#16263));
#16265 = STYLED_ITEM('', (#16264), #15092);
#16266 = MECHANICAL_DESIGN_GEOMETRIC_PRESENTATION_REPRESENTATION('', (#16265), #4);
#16267 = PRODUCT_CONTEXT('', #15161, 'mechanical');
#16268 = PRODUCT('UNIDENTIFIED_PRODUCT', '', $, (#16267));
#16269 = PRODUCT_DEFINITION_FORMATION('', $, #16268);
#16270 = PRODUCT_DEFINITION('design', $, #16269, #15162);
#16271 = PRODUCT_DEFINITION_SHAPE('', '', #16270);
#16272 = ADVANCED_BREP_SHAPE_REPRESENTATION('', (#15091), #4);
#16273 = SHAPE_DEFINITION_REPRESENTATION(#16271, #16272);
#16274 = COLOUR_RGB('', 0.8509804, 0.50980395, 0.16862746);
#16275 = FILL_AREA_STYLE_COLOUR('', #16274);
#16276 = FILL_AREA_STYLE('', (#16275));
#16277 = SURFACE_STYLE_FILL_AREA(#16276);
#16278 = SURFACE_SIDE_STYLE('', (#16277));
#16279 = SURFACE_STYLE_USAGE(.BOTH., #16278);
#16280 = PRESENTATION_STYLE_ASSIGNMENT((#16279));
#16281 = STYLED_ITEM('', (#16280), #15091);
#16282 = MECHANICAL_DESIGN_GEOMETRIC_PRESENTATION_REPRESENTATION('', (#16281), #4);
#16283 = PRODUCT_CONTEXT('', #15161, 'mechanical');
#16284 = PRODUCT('UNIDENTIFIED_PRODUCT', '', $, (#16283));
#16285 = PRODUCT_DEFINITION_FORMATION('', $, #16284);
#16286 = PRODUCT_DEFINITION('design', $, #16285, #15162);
#16287 = PRODUCT_DEFINITION_SHAPE('', '', #16286);
#16288 = ADVANCED_BREP_SHAPE_REPRESENTATION('', (#15090), #4);
#16289 = SHAPE_DEFINITION_REPRESENTATION(#16287, #16288);
#16290 = COLOUR_RGB('', 0.8509804, 0.50980395, 0.16862746);
#16291 = FILL_AREA_STYLE_COLOUR('', #16290);
#16292 = FILL_AREA_STYLE('', (#16291));
#16293 = SURFACE_STYLE_FILL_AREA(#16292);
#16294 = SURFACE_SIDE_STYLE('', (#16293));
#16295 = SURFACE_STYLE_USAGE(.BOTH., #16294);
#16296 = PRESENTATION_STYLE_ASSIGNMENT((#16295));
#16297 = STYLED_ITEM('', (#16296), #15090);
#16298 = MECHANICAL_DESIGN_GEOMETRIC_PRESENTATION_REPRESENTATION('', (#16297), #4);
#16299 = PRODUCT_CONTEXT('', #15161, 'mechanical');
#16300 = PRODUCT('UNIDENTIFIED_PRODUCT', '', $, (#16299));
#16301 = PRODUCT_DEFINITION_FORMATION('', $, #16300);
#16302 = PRODUCT_DEFINITION('design', $, #16301, #15162);
#16303 = PRODUCT_DEFINITION_SHAPE('', '', #16302);
#16304 = ADVANCED_BREP_SHAPE_REPRESENTATION('', (#15089), #4);
#16305 = SHAPE_DEFINITION_REPRESENTATION(#16303, #16304);
#16306 = COLOUR_RGB('', 0.8509804, 0.50980395, 0.16862746);
#16307 = FILL_AREA_STYLE_COLOUR('', #16306);
#16308 = FILL_AREA_STYLE('', (#16307));
#16309 = SURFACE_STYLE_FILL_AREA(#16308);
#16310 = SURFACE_SIDE_STYLE('', (#16309));
#16311 = SURFACE_STYLE_USAGE(.BOTH., #16310);
#16312 = PRESENTATION_STYLE_ASSIGNMENT((#16311));
#16313 = STYLED_ITEM('', (#16312), #15089);
#16314 = MECHANICAL_DESIGN_GEOMETRIC_PRESENTATION_REPRESENTATION('', (#16313), #4);
#16315 = PRODUCT_CONTEXT('', #15161, 'mechanical');
#16316 = PRODUCT('UNIDENTIFIED_PRODUCT', '', $, (#16315));
#16317 = PRODUCT_DEFINITION_FORMATION('', $, #16316);
#16318 = PRODUCT_DEFINITION('design', $, #16317, #15162);
#16319 = PRODUCT_DEFINITION_SHAPE('', '', #16318);
#16320 = ADVANCED_BREP_SHAPE_REPRESENTATION('', (#15088), #4);
#16321 = SHAPE_DEFINITION_REPRESENTATION(#16319, #16320);
#16322 = COLOUR_RGB('', 0.8509804, 0.50980395, 0.16862746);
#16323 = FILL_AREA_STYLE_COLOUR('', #16322);
#16324 = FILL_AREA_STYLE('', (#16323));
#16325 = SURFACE_STYLE_FILL_AREA(#16324);
#16326 = SURFACE_SIDE_STYLE('', (#16325));
#16327 = SURFACE_STYLE_USAGE(.BOTH., #16326);
#16328 = PRESENTATION_STYLE_ASSIGNMENT((#16327));
#16329 = STYLED_ITEM('', (#16328), #15088);
#16330 = MECHANICAL_DESIGN_GEOMETRIC_PRESENTATION_REPRESENTATION('', (#16329), #4);
#16331 = PRODUCT_CONTEXT('', #15161, 'mechanical');
#16332 = PRODUCT('UNIDENTIFIED_PRODUCT', '', $, (#16331));
#16333 = PRODUCT_DEFINITION_FORMATION('', $, #16332);
#16334 = PRODUCT_DEFINITION('design', $, #16333, #15162);
#16335 = PRODUCT_DEFINITION_SHAPE('', '', #16334);
#16336 = ADVANCED_BREP_SHAPE_REPRESENTATION('', (#15087), #4);
#16337 = SHAPE_DEFINITION_REPRESENTATION(#16335, #16336);
#16338 = COLOUR_RGB('', 0.8509804, 0.50980395, 0.16862746);
#16339 = FILL_AREA_STYLE_COLOUR('', #16338);
#16340 = FILL_AREA_STYLE('', (#16339));
#16341 = SURFACE_STYLE_FILL_AREA(#16340);
#16342 = SURFACE_SIDE_STYLE('', (#16341));
#16343 = SURFACE_STYLE_USAGE(.BOTH., #16342);
#16344 = PRESENTATION_STYLE_ASSIGNMENT((#16343));
#16345 = STYLED_ITEM('', (#16344), #15087);
#16346 = MECHANICAL_DESIGN_GEOMETRIC_PRESENTATION_REPRESENTATION('', (#16345), #4);
#16347 = PRODUCT_CONTEXT('', #15161, 'mechanical');
#16348 = PRODUCT('UNIDENTIFIED_PRODUCT', '', $, (#16347));
#16349 = PRODUCT_DEFINITION_FORMATION('', $, #16348);
#16350 = PRODUCT_DEFINITION('design', $, #16349, #15162);
#16351 = PRODUCT_DEFINITION_SHAPE('', '', #16350);
#16352 = ADVANCED_BREP_SHAPE_REPRESENTATION('', (#15086), #4);
#16353 = SHAPE_DEFINITION_REPRESENTATION(#16351, #16352);
#16354 = COLOUR_RGB('', 0.8509804, 0.50980395, 0.16862746);
#16355 = FILL_AREA_STYLE_COLOUR('', #16354);
#16356 = FILL_AREA_STYLE('', (#16355));
#16357 = SURFACE_STYLE_FILL_AREA(#16356);
#16358 = SURFACE_SIDE_STYLE('', (#16357));
#16359 = SURFACE_STYLE_USAGE(.BOTH., #16358);
#16360 = PRESENTATION_STYLE_ASSIGNMENT((#16359));
#16361 = STYLED_ITEM('', (#16360), #15086);
#16362 = MECHANICAL_DESIGN_GEOMETRIC_PRESENTATION_REPRESENTATION('', (#16361), #4);
#16363 = PRODUCT_CONTEXT('', #15161, 'mechanical');
#16364 = PRODUCT('UNIDENTIFIED_PRODUCT', '', $, (#16363));
#16365 = PRODUCT_DEFINITION_FORMATION('', $, #16364);
#16366 = PRODUCT_DEFINITION('design', $, #16365, #15162);
#16367 = PRODUCT_DEFINITION_SHAPE('', '', #16366);
#16368 = ADVANCED_BREP_SHAPE_REPRESENTATION('', (#15085), #4);
#16369 = SHAPE_DEFINITION_REPRESENTATION(#16367, #16368);
#16370 = COLOUR_RGB('', 0.8509804, 0.50980395, 0.16862746);
#16371 = FILL_AREA_STYLE_COLOUR('', #16370);
#16372 = FILL_AREA_STYLE('', (#16371));
#16373 = SURFACE_STYLE_FILL_AREA(#16372);
#16374 = SURFACE_SIDE_STYLE('', (#16373));
#16375 = SURFACE_STYLE_USAGE(.BOTH., #16374);
#16376 = PRESENTATION_STYLE_ASSIGNMENT((#16375));
#16377 = STYLED_ITEM('', (#16376), #15085);
#16378 = MECHANICAL_DESIGN_GEOMETRIC_PRESENTATION_REPRESENTATION('', (#16377), #4);
#16379 = PRODUCT_CONTEXT('', #15161, 'mechanical');
#16380 = PRODUCT('UNIDENTIFIED_PRODUCT', '', $, (#16379));
#16381 = PRODUCT_DEFINITION_FORMATION('', $, #16380);
#16382 = PRODUCT_DEFINITION('design', $, #16381, #15162);
#16383 = PRODUCT_DEFINITION_SHAPE('', '', #16382);
#16384 = ADVANCED_BREP_SHAPE_REPRESENTATION('', (#15084), #4);
#16385 = SHAPE_DEFINITION_REPRESENTATION(#16383, #16384);
#16386 = COLOUR_RGB('', 0.8509804, 0.50980395, 0.16862746);
#16387 = FILL_AREA_STYLE_COLOUR('', #16386);
#16388 = FILL_AREA_STYLE('', (#16387));
#16389 = SURFACE_STYLE_FILL_AREA(#16388);
#16390 = SURFACE_SIDE_STYLE('', (#16389));
#16391 = SURFACE_STYLE_USAGE(.BOTH., #16390);
#16392 = PRESENTATION_STYLE_ASSIGNMENT((#16391));
#16393 = STYLED_ITEM('', (#16392), #15084);
#16394 = MECHANICAL_DESIGN_GEOMETRIC_PRESENTATION_REPRESENTATION('', (#16393), #4);
#16395 = PRODUCT_CONTEXT('', #15161, 'mechanical');
#16396 = PRODUCT('UNIDENTIFIED_PRODUCT', '', $, (#16395));
#16397 = PRODUCT_DEFINITION_FORMATION('', $, #16396);
#16398 = PRODUCT_DEFINITION('design', $, #16397, #15162);
#16399 = PRODUCT_DEFINITION_SHAPE('', '', #16398);
#16400 = ADVANCED_BREP_SHAPE_REPRESENTATION('', (#15083), #4);
#16401 = SHAPE_DEFINITION_REPRESENTATION(#16399, #16400);
#16402 = COLOUR_RGB('', 0.8509804, 0.50980395, 0.16862746);
#16403 = FILL_AREA_STYLE_COLOUR('', #16402);
#16404 = FILL_AREA_STYLE('', (#16403));
#16405 = SURFACE_STYLE_FILL_AREA(#16404);
#16406 = SURFACE_SIDE_STYLE('', (#16405));
#16407 = SURFACE_STYLE_USAGE(.BOTH., #16406);
#16408 = PRESENTATION_STYLE_ASSIGNMENT((#16407));
#16409 = STYLED_ITEM('', (#16408), #15083);
#16410 = MECHANICAL_DESIGN_GEOMETRIC_PRESENTATION_REPRESENTATION('', (#16409), #4);
#16411 = PRODUCT_CONTEXT('', #15161, 'mechanical');
#16412 = PRODUCT('UNIDENTIFIED_PRODUCT', '', $, (#16411));
#16413 = PRODUCT_DEFINITION_FORMATION('', $, #16412);
#16414 = PRODUCT_DEFINITION('design', $, #16413, #15162);
#16415 = PRODUCT_DEFINITION_SHAPE('', '', #16414);
#16416 = ADVANCED_BREP_SHAPE_REPRESENTATION('', (#15082), #4);
#16417 = SHAPE_DEFINITION_REPRESENTATION(#16415, #16416);
#16418 = COLOUR_RGB('', 0.8509804, 0.50980395, 0.16862746);
#16419 = FILL_AREA_STYLE_COLOUR('', #16418);
#16420 = FILL_AREA_STYLE('', (#16419));
#16421 = SURFACE_STYLE_FILL_AREA(#16420);
#16422 = SURFACE_SIDE_STYLE('', (#16421));
#16423 = SURFACE_STYLE_USAGE(.BOTH., #16422);
#16424 = PRESENTATION_STYLE_ASSIGNMENT((#16423));
#16425 = STYLED_ITEM('', (#16424), #15082);
#16426 = MECHANICAL_DESIGN_GEOMETRIC_PRESENTATION_REPRESENTATION('', (#16425), #4);
#16427 = PRODUCT_CONTEXT('', #15161, 'mechanical');
#16428 = PRODUCT('UNIDENTIFIED_PRODUCT', '', $, (#16427));
#16429 = PRODUCT_DEFINITION_FORMATION('', $, #16428);
#16430 = PRODUCT_DEFINITION('design', $, #16429, #15162);
#16431 = PRODUCT_DEFINITION_SHAPE('', '', #16430);
#16432 = ADVANCED_BREP_SHAPE_REPRESENTATION('', (#15081), #4);
#16433 = SHAPE_DEFINITION_REPRESENTATION(#16431, #16432);
#16434 = COLOUR_RGB('', 0.8509804, 0.50980395, 0.16862746);
#16435 = FILL_AREA_STYLE_COLOUR('', #16434);
#16436 = FILL_AREA_STYLE('', (#16435));
#16437 = SURFACE_STYLE_FILL_AREA(#16436);
#16438 = SURFACE_SIDE_STYLE('', (#16437));
#16439 = SURFACE_STYLE_USAGE(.BOTH., #16438);
#16440 = PRESENTATION_STYLE_ASSIGNMENT((#16439));
#16441 = STYLED_ITEM('', (#16440), #15081);
#16442 = MECHANICAL_DESIGN_GEOMETRIC_PRESENTATION_REPRESENTATION('', (#16441), #4);
#16443 = PRODUCT_CONTEXT('', #15161, 'mechanical');
#16444 = PRODUCT('UNIDENTIFIED_PRODUCT', '', $, (#16443));
#16445 = PRODUCT_DEFINITION_FORMATION('', $, #16444);
#16446 = PRODUCT_DEFINITION('design', $, #16445, #15162);
#16447 = PRODUCT_DEFINITION_SHAPE('', '', #16446);
#16448 = ADVANCED_BREP_SHAPE_REPRESENTATION('', (#15080), #4);
#16449 = SHAPE_DEFINITION_REPRESENTATION(#16447, #16448);
#16450 = COLOUR_RGB('', 0.8509804, 0.50980395, 0.16862746);
#16451 = FILL_AREA_STYLE_COLOUR('', #16450);
#16452 = FILL_AREA_STYLE('', (#16451));
#16453 = SURFACE_STYLE_FILL_AREA(#16452);
#16454 = SURFACE_SIDE_STYLE('', (#16453));
#16455 = SURFACE_STYLE_USAGE(.BOTH., #16454);
#16456 = PRESENTATION_STYLE_ASSIGNMENT((#16455));
#16457 = STYLED_ITEM('', (#16456), #15080);
#16458 = MECHANICAL_DESIGN_GEOMETRIC_PRESENTATION_REPRESENTATION('', (#16457), #4);
#16459 = PRODUCT_CONTEXT('', #15161, 'mechanical');
#16460 = PRODUCT('UNIDENTIFIED_PRODUCT', '', $, (#16459));
#16461 = PRODUCT_DEFINITION_FORMATION('', $, #16460);
#16462 = PRODUCT_DEFINITION('design', $, #16461, #15162);
#16463 = PRODUCT_DEFINITION_SHAPE('', '', #16462);
#16464 = ADVANCED_BREP_SHAPE_REPRESENTATION('', (#15079), #4);
#16465 = SHAPE_DEFINITION_REPRESENTATION(#16463, #16464);
#16466 = COLOUR_RGB('', 0.8509804, 0.50980395, 0.16862746);
#16467 = FILL_AREA_STYLE_COLOUR('', #16466);
#16468 = FILL_AREA_STYLE('', (#16467));
#16469 = SURFACE_STYLE_FILL_AREA(#16468);
#16470 = SURFACE_SIDE_STYLE('', (#16469));
#16471 = SURFACE_STYLE_USAGE(.BOTH., #16470);
#16472 = PRESENTATION_STYLE_ASSIGNMENT((#16471));
#16473 = STYLED_ITEM('', (#16472), #15079);
#16474 = MECHANICAL_DESIGN_GEOMETRIC_PRESENTATION_REPRESENTATION('', (#16473), #4);
#16475 = PRODUCT_CONTEXT('', #15161, 'mechanical');
#16476 = PRODUCT('UNIDENTIFIED_PRODUCT', '', $, (#16475));
#16477 = PRODUCT_DEFINITION_FORMATION('', $, #16476);
#16478 = PRODUCT_DEFINITION('design', $, #16477, #15162);
#16479 = PRODUCT_DEFINITION_SHAPE('', '', #16478);
#16480 = ADVANCED_BREP_SHAPE_REPRESENTATION('', (#15078), #4);
#16481 = SHAPE_DEFINITION_REPRESENTATION(#16479, #16480);
#16482 = COLOUR_RGB('', 0.8509804, 0.50980395, 0.16862746);
#16483 = FILL_AREA_STYLE_COLOUR('', #16482);
#16484 = FILL_AREA_STYLE('', (#16483));
#16485 = SURFACE_STYLE_FILL_AREA(#16484);
#16486 = SURFACE_SIDE_STYLE('', (#16485));
#16487 = SURFACE_STYLE_USAGE(.BOTH., #16486);
#16488 = PRESENTATION_STYLE_ASSIGNMENT((#16487));
#16489 = STYLED_ITEM('', (#16488), #15078);
#16490 = MECHANICAL_DESIGN_GEOMETRIC_PRESENTATION_REPRESENTATION('', (#16489), #4);
#16491 = PRODUCT_CONTEXT('', #15161, 'mechanical');
#16492 = PRODUCT('UNIDENTIFIED_PRODUCT', '', $, (#16491));
#16493 = PRODUCT_DEFINITION_FORMATION('', $, #16492);
#16494 = PRODUCT_DEFINITION('design', $, #16493, #15162);
#16495 = PRODUCT_DEFINITION_SHAPE('', '', #16494);
#16496 = ADVANCED_BREP_SHAPE_REPRESENTATION('', (#15077), #4);
#16497 = SHAPE_DEFINITION_REPRESENTATION(#16495, #16496);
#16498 = COLOUR_RGB('', 0.8509804, 0.50980395, 0.16862746);
#16499 = FILL_AREA_STYLE_COLOUR('', #16498);
#16500 = FILL_AREA_STYLE('', (#16499));
#16501 = SURFACE_STYLE_FILL_AREA(#16500);
#16502 = SURFACE_SIDE_STYLE('', (#16501));
#16503 = SURFACE_STYLE_USAGE(.BOTH., #16502);
#16504 = PRESENTATION_STYLE_ASSIGNMENT((#16503));
#16505 = STYLED_ITEM('', (#16504), #15077);
#16506 = MECHANICAL_DESIGN_GEOMETRIC_PRESENTATION_REPRESENTATION('', (#16505), #4);
#16507 = PRODUCT_CONTEXT('', #15161, 'mechanical');
#16508 = PRODUCT('UNIDENTIFIED_PRODUCT', '', $, (#16507));
#16509 = PRODUCT_DEFINITION_FORMATION('', $, #16508);
#16510 = PRODUCT_DEFINITION('design', $, #16509, #15162);
#16511 = PRODUCT_DEFINITION_SHAPE('', '', #16510);
#16512 = ADVANCED_BREP_SHAPE_REPRESENTATION('', (#15076), #4);
#16513 = SHAPE_DEFINITION_REPRESENTATION(#16511, #16512);
#16514 = COLOUR_RGB('', 0.8509804, 0.50980395, 0.16862746);
#16515 = FILL_AREA_STYLE_COLOUR('', #16514);
#16516 = FILL_AREA_STYLE('', (#16515));
#16517 = SURFACE_STYLE_FILL_AREA(#16516);
#16518 = SURFACE_SIDE_STYLE('', (#16517));
#16519 = SURFACE_STYLE_USAGE(.BOTH., #16518);
#16520 = PRESENTATION_STYLE_ASSIGNMENT((#16519));
#16521 = STYLED_ITEM('', (#16520), #15076);
#16522 = MECHANICAL_DESIGN_GEOMETRIC_PRESENTATION_REPRESENTATION('', (#16521), #4);
#16523 = PRODUCT_CONTEXT('', #15161, 'mechanical');
#16524 = PRODUCT('UNIDENTIFIED_PRODUCT', '', $, (#16523));
#16525 = PRODUCT_DEFINITION_FORMATION('', $, #16524);
#16526 = PRODUCT_DEFINITION('design', $, #16525, #15162);
#16527 = PRODUCT_DEFINITION_SHAPE('', '', #16526);
#16528 = ADVANCED_BREP_SHAPE_REPRESENTATION('', (#15075), #4);
#16529 = SHAPE_DEFINITION_REPRESENTATION(#16527, #16528);
#16530 = COLOUR_RGB('', 0.8509804, 0.50980395, 0.16862746);
#16531 = FILL_AREA_STYLE_COLOUR('', #16530);
#16532 = FILL_AREA_STYLE('', (#16531));
#16533 = SURFACE_STYLE_FILL_AREA(#16532);
#16534 = SURFACE_SIDE_STYLE('', (#16533));
#16535 = SURFACE_STYLE_USAGE(.BOTH., #16534);
#16536 = PRESENTATION_STYLE_ASSIGNMENT((#16535));
#16537 = STYLED_ITEM('', (#16536), #15075);
#16538 = MECHANICAL_DESIGN_GEOMETRIC_PRESENTATION_REPRESENTATION('', (#16537), #4);
#16539 = PRODUCT_CONTEXT('', #15161, 'mechanical');
#16540 = PRODUCT('UNIDENTIFIED_PRODUCT', '', $, (#16539));
#16541 = PRODUCT_DEFINITION_FORMATION('', $, #16540);
#16542 = PRODUCT_DEFINITION('design', $, #16541, #15162);
#16543 = PRODUCT_DEFINITION_SHAPE('', '', #16542);
#16544 = ADVANCED_BREP_SHAPE_REPRESENTATION('', (#15074), #4);
#16545 = SHAPE_DEFINITION_REPRESENTATION(#16543, #16544);
#16546 = COLOUR_RGB('', 0.8509804, 0.50980395, 0.16862746);
#16547 = FILL_AREA_STYLE_COLOUR('', #16546);
#16548 = FILL_AREA_STYLE('', (#16547));
#16549 = SURFACE_STYLE_FILL_AREA(#16548);
#16550 = SURFACE_SIDE_STYLE('', (#16549));
#16551 = SURFACE_STYLE_USAGE(.BOTH., #16550);
#16552 = PRESENTATION_STYLE_ASSIGNMENT((#16551));
#16553 = STYLED_ITEM('', (#16552), #15074);
#16554 = MECHANICAL_DESIGN_GEOMETRIC_PRESENTATION_REPRESENTATION('', (#16553), #4);
#16555 = PRODUCT_CONTEXT('', #15161, 'mechanical');
#16556 = PRODUCT('UNIDENTIFIED_PRODUCT', '', $, (#16555));
#16557 = PRODUCT_DEFINITION_FORMATION('', $, #16556);
#16558 = PRODUCT_DEFINITION('design', $, #16557, #15162);
#16559 = PRODUCT_DEFINITION_SHAPE('', '', #16558);
#16560 = ADVANCED_BREP_SHAPE_REPRESENTATION('', (#15073), #4);
#16561 = SHAPE_DEFINITION_REPRESENTATION(#16559, #16560);
#16562 = COLOUR_RGB('', 0.8509804, 0.50980395, 0.16862746);
#16563 = FILL_AREA_STYLE_COLOUR('', #16562);
#16564 = FILL_AREA_STYLE('', (#16563));
#16565 = SURFACE_STYLE_FILL_AREA(#16564);
#16566 = SURFACE_SIDE_STYLE('', (#16565));
#16567 = SURFACE_STYLE_USAGE(.BOTH., #16566);
#16568 = PRESENTATION_STYLE_ASSIGNMENT((#16567));
#16569 = STYLED_ITEM('', (#16568), #15073);
#16570 = MECHANICAL_DESIGN_GEOMETRIC_PRESENTATION_REPRESENTATION('', (#16569), #4);
#16571 = PRODUCT_CONTEXT('', #15161, 'mechanical');
#16572 = PRODUCT('UNIDENTIFIED_PRODUCT', '', $, (#16571));
#16573 = PRODUCT_DEFINITION_FORMATION('', $, #16572);
#16574 = PRODUCT_DEFINITION('design', $, #16573, #15162);
#16575 = PRODUCT_DEFINITION_SHAPE('', '', #16574);
#16576 = ADVANCED_BREP_SHAPE_REPRESENTATION('', (#15072), #4);
#16577 = SHAPE_DEFINITION_REPRESENTATION(#16575, #16576);
#16578 = COLOUR_RGB('', 0.8509804, 0.50980395, 0.16862746);
#16579 = FILL_AREA_STYLE_COLOUR('', #16578);
#16580 = FILL_AREA_STYLE('', (#16579));
#16581 = SURFACE_STYLE_FILL_AREA(#16580);
#16582 = SURFACE_SIDE_STYLE('', (#16581));
#16583 = SURFACE_STYLE_USAGE(.BOTH., #16582);
#16584 = PRESENTATION_STYLE_ASSIGNMENT((#16583));
#16585 = STYLED_ITEM('', (#16584), #15072);
#16586 = MECHANICAL_DESIGN_GEOMETRIC_PRESENTATION_REPRESENTATION('', (#16585), #4);
#16587 = PRODUCT_CONTEXT('', #15161, 'mechanical');
#16588 = PRODUCT('UNIDENTIFIED_PRODUCT', '', $, (#16587));
#16589 = PRODUCT_DEFINITION_FORMATION('', $, #16588);
#16590 = PRODUCT_DEFINITION('design', $, #16589, #15162);
#16591 = PRODUCT_DEFINITION_SHAPE('', '', #16590);
#16592 = ADVANCED_BREP_SHAPE_REPRESENTATION('', (#15071), #4);
#16593 = SHAPE_DEFINITION_REPRESENTATION(#16591, #16592);
#16594 = COLOUR_RGB('', 0.8509804, 0.50980395, 0.16862746);
#16595 = FILL_AREA_STYLE_COLOUR('', #16594);
#16596 = FILL_AREA_STYLE('', (#16595));
#16597 = SURFACE_STYLE_FILL_AREA(#16596);
#16598 = SURFACE_SIDE_STYLE('', (#16597));
#16599 = SURFACE_STYLE_USAGE(.BOTH., #16598);
#16600 = PRESENTATION_STYLE_ASSIGNMENT((#16599));
#16601 = STYLED_ITEM('', (#16600), #15071);
#16602 = MECHANICAL_DESIGN_GEOMETRIC_PRESENTATION_REPRESENTATION('', (#16601), #4);
#16603 = PRODUCT_CONTEXT('', #15161, 'mechanical');
#16604 = PRODUCT('UNIDENTIFIED_PRODUCT', '', $, (#16603));
#16605 = PRODUCT_DEFINITION_FORMATION('', $, #16604);
#16606 = PRODUCT_DEFINITION('design', $, #16605, #15162);
#16607 = PRODUCT_DEFINITION_SHAPE('', '', #16606);
#16608 = ADVANCED_BREP_SHAPE_REPRESENTATION('', (#15070), #4);
#16609 = SHAPE_DEFINITION_REPRESENTATION(#16607, #16608);
#16610 = COLOUR_RGB('', 0.50588238, 0.31764707, 0.14901961);
#16611 = FILL_AREA_STYLE_COLOUR('', #16610);
#16612 = FILL_AREA_STYLE('', (#16611));
#16613 = SURFACE_STYLE_FILL_AREA(#16612);
#16614 = SURFACE_SIDE_STYLE('', (#16613));
#16615 = SURFACE_STYLE_USAGE(.BOTH., #16614);
#16616 = PRESENTATION_STYLE_ASSIGNMENT((#16615));
#16617 = STYLED_ITEM('', (#16616), #15070);
#16618 = MECHANICAL_DESIGN_GEOMETRIC_PRESENTATION_REPRESENTATION('', (#16617), #4);
#16619 = PRODUCT_CONTEXT('', #15161, 'mechanical');
#16620 = PRODUCT('UNIDENTIFIED_PRODUCT', '', $, (#16619));
#16621 = PRODUCT_DEFINITION_FORMATION('', $, #16620);
#16622 = PRODUCT_DEFINITION('design', $, #16621, #15162);
#16623 = PRODUCT_DEFINITION_SHAPE('', '', #16622);
#16624 = ADVANCED_BREP_SHAPE_REPRESENTATION('', (#15069), #4);
#16625 = SHAPE_DEFINITION_REPRESENTATION(#16623, #16624);
#16626 = COLOUR_RGB('', 0.50588238, 0.31764707, 0.14901961);
#16627 = FILL_AREA_STYLE_COLOUR('', #16626);
#16628 = FILL_AREA_STYLE('', (#16627));
#16629 = SURFACE_STYLE_FILL_AREA(#16628);
#16630 = SURFACE_SIDE_STYLE('', (#16629));
#16631 = SURFACE_STYLE_USAGE(.BOTH., #16630);
#16632 = PRESENTATION_STYLE_ASSIGNMENT((#16631));
#16633 = STYLED_ITEM('', (#16632), #15069);
#16634 = MECHANICAL_DESIGN_GEOMETRIC_PRESENTATION_REPRESENTATION('', (#16633), #4);
#16635 = PRODUCT_CONTEXT('', #15161, 'mechanical');
#16636 = PRODUCT('UNIDENTIFIED_PRODUCT', '', $, (#16635));
#16637 = PRODUCT_DEFINITION_FORMATION('', $, #16636);
#16638 = PRODUCT_DEFINITION('design', $, #16637, #15162);
#16639 = PRODUCT_DEFINITION_SHAPE('', '', #16638);
#16640 = ADVANCED_BREP_SHAPE_REPRESENTATION('', (#15068), #4);
#16641 = SHAPE_DEFINITION_REPRESENTATION(#16639, #16640);
#16642 = COLOUR_RGB('', 0.50588238, 0.31764707, 0.14901961);
#16643 = FILL_AREA_STYLE_COLOUR('', #16642);
#16644 = FILL_AREA_STYLE('', (#16643));
#16645 = SURFACE_STYLE_FILL_AREA(#16644);
#16646 = SURFACE_SIDE_STYLE('', (#16645));
#16647 = SURFACE_STYLE_USAGE(.BOTH., #16646);
#16648 = PRESENTATION_STYLE_ASSIGNMENT((#16647));
#16649 = STYLED_ITEM('', (#16648), #15068);
#16650 = MECHANICAL_DESIGN_GEOMETRIC_PRESENTATION_REPRESENTATION('', (#16649), #4);
#16651 = PRODUCT_CONTEXT('', #15161, 'mechanical');
#16652 = PRODUCT('UNIDENTIFIED_PRODUCT', '', $, (#16651));
#16653 = PRODUCT_DEFINITION_FORMATION('', $, #16652);
#16654 = PRODUCT_DEFINITION('design', $, #16653, #15162);
#16655 = PRODUCT_DEFINITION_SHAPE('', '', #16654);
#16656 = ADVANCED_BREP_SHAPE_REPRESENTATION('', (#15067), #4);
#16657 = SHAPE_DEFINITION_REPRESENTATION(#16655, #16656);
#16658 = COLOUR_RGB('', 0.50588238, 0.31764707, 0.14901961);
#16659 = FILL_AREA_STYLE_COLOUR('', #16658);
#16660 = FILL_AREA_STYLE('', (#16659));
#16661 = SURFACE_STYLE_FILL_AREA(#16660);
#16662 = SURFACE_SIDE_STYLE('', (#16661));
#16663 = SURFACE_STYLE_USAGE(.BOTH., #16662);
#16664 = PRESENTATION_STYLE_ASSIGNMENT((#16663));
#16665 = STYLED_ITEM('', (#16664), #15067);
#16666 = MECHANICAL_DESIGN_GEOMETRIC_PRESENTATION_REPRESENTATION('', (#16665), #4);
#16667 = PRODUCT_CONTEXT('', #15161, 'mechanical');
#16668 = PRODUCT('UNIDENTIFIED_PRODUCT', '', $, (#16667));
#16669 = PRODUCT_DEFINITION_FORMATION('', $, #16668);
#16670 = PRODUCT_DEFINITION('design', $, #16669, #15162);
#16671 = PRODUCT_DEFINITION_SHAPE('', '', #16670);
#16672 = ADVANCED_BREP_SHAPE_REPRESENTATION('', (#15066), #4);
#16673 = SHAPE_DEFINITION_REPRESENTATION(#16671, #16672);
#16674 = COLOUR_RGB('', 0.50588238, 0.31764707, 0.14901961);
#16675 = FILL_AREA_STYLE_COLOUR('', #16674);
#16676 = FILL_AREA_STYLE('', (#16675));
#16677 = SURFACE_STYLE_FILL_AREA(#16676);
#16678 = SURFACE_SIDE_STYLE('', (#16677));
#16679 = SURFACE_STYLE_USAGE(.BOTH., #16678);
#16680 = PRESENTATION_STYLE_ASSIGNMENT((#16679));
#16681 = STYLED_ITEM('', (#16680), #15066);
#16682 = MECHANICAL_DESIGN_GEOMETRIC_PRESENTATION_REPRESENTATION('', (#16681), #4);
#16683 = PRODUCT_CONTEXT('', #15161, 'mechanical');
#16684 = PRODUCT('UNIDENTIFIED_PRODUCT', '', $, (#16683));
#16685 = PRODUCT_DEFINITION_FORMATION('', $, #16684);
#16686 = PRODUCT_DEFINITION('design', $, #16685, #15162);
#16687 = PRODUCT_DEFINITION_SHAPE('', '', #16686);
#16688 = ADVANCED_BREP_SHAPE_REPRESENTATION('', (#15065), #4);
#16689 = SHAPE_DEFINITION_REPRESENTATION(#16687, #16688);
#16690 = COLOUR_RGB('', 0.50588238, 0.31764707, 0.14901961);
#16691 = FILL_AREA_STYLE_COLOUR('', #16690);
#16692 = FILL_AREA_STYLE('', (#16691));
#16693 = SURFACE_STYLE_FILL_AREA(#16692);
#16694 = SURFACE_SIDE_STYLE('', (#16693));
#16695 = SURFACE_STYLE_USAGE(.BOTH., #16694);
#16696 = PRESENTATION_STYLE_ASSIGNMENT((#16695));
#16697 = STYLED_ITEM('', (#16696), #15065);
#16698 = MECHANICAL_DESIGN_GEOMETRIC_PRESENTATION_REPRESENTATION('', (#16697), #4);
#16699 = PRODUCT_CONTEXT('', #15161, 'mechanical');
#16700 = PRODUCT('UNIDENTIFIED_PRODUCT', '', $, (#16699));
#16701 = PRODUCT_DEFINITION_FORMATION('', $, #16700);
#16702 = PRODUCT_DEFINITION('design', $, #16701, #15162);
#16703 = PRODUCT_DEFINITION_SHAPE('', '', #16702);
#16704 = ADVANCED_BREP_SHAPE_REPRESENTATION('', (#15064), #4);
#16705 = SHAPE_DEFINITION_REPRESENTATION(#16703, #16704);
#16706 = COLOUR_RGB('', 0.20392157, 0.21960784, 0.23921569);
#16707 = FILL_AREA_STYLE_COLOUR('', #16706);
#16708 = FILL_AREA_STYLE('', (#16707));
#16709 = SURFACE_STYLE_FILL_AREA(#16708);
#16710 = SURFACE_SIDE_STYLE('', (#16709));
#16711 = SURFACE_STYLE_USAGE(.BOTH., #16710);
#16712 = PRESENTATION_STYLE_ASSIGNMENT((#16711));
#16713 = STYLED_ITEM('', (#16712), #15064);
#16714 = MECHANICAL_DESIGN_GEOMETRIC_PRESENTATION_REPRESENTATION('', (#16713), #4);
#16715 = PRODUCT_CONTEXT('', #15161, 'mechanical');
#16716 = PRODUCT('UNIDENTIFIED_PRODUCT', '', $, (#16715));
#16717 = PRODUCT_DEFINITION_FORMATION('', $, #16716);
#16718 = PRODUCT_DEFINITION('design', $, #16717, #15162);
#16719 = PRODUCT_DEFINITION_SHAPE('', '', #16718);
#16720 = ADVANCED_BREP_SHAPE_REPRESENTATION('', (#15063), #4);
#16721 = SHAPE_DEFINITION_REPRESENTATION(#16719, #16720);
#16722 = COLOUR_RGB('', 0.20392157, 0.21960784, 0.23921569);
#16723 = FILL_AREA_STYLE_COLOUR('', #16722);
#16724 = FILL_AREA_STYLE('', (#16723));
#16725 = SURFACE_STYLE_FILL_AREA(#16724);
#16726 = SURFACE_SIDE_STYLE('', (#16725));
#16727 = SURFACE_STYLE_USAGE(.BOTH., #16726);
#16728 = PRESENTATION_STYLE_ASSIGNMENT((#16727));
#16729 = STYLED_ITEM('', (#16728), #15063);
#16730 = MECHANICAL_DESIGN_GEOMETRIC_PRESENTATION_REPRESENTATION('', (#16729), #4);
#16731 = PRODUCT_CONTEXT('', #15161, 'mechanical');
#16732 = PRODUCT('UNIDENTIFIED_PRODUCT', '', $, (#16731));
#16733 = PRODUCT_DEFINITION_FORMATION('', $, #16732);
#16734 = PRODUCT_DEFINITION('design', $, #16733, #15162);
#16735 = PRODUCT_DEFINITION_SHAPE('', '', #16734);
#16736 = ADVANCED_BREP_SHAPE_REPRESENTATION('', (#15062), #4);
#16737 = SHAPE_DEFINITION_REPRESENTATION(#16735, #16736);
#16738 = COLOUR_RGB('', 0.20392157, 0.21960784, 0.23921569);
#16739 = FILL_AREA_STYLE_COLOUR('', #16738);
#16740 = FILL_AREA_STYLE('', (#16739));
#16741 = SURFACE_STYLE_FILL_AREA(#16740);
#16742 = SURFACE_SIDE_STYLE('', (#16741));
#16743 = SURFACE_STYLE_USAGE(.BOTH., #16742);
#16744 = PRESENTATION_STYLE_ASSIGNMENT((#16743));
#16745 = STYLED_ITEM('', (#16744), #15062);
#16746 = MECHANICAL_DESIGN_GEOMETRIC_PRESENTATION_REPRESENTATION('', (#16745), #4);
#16747 = PRODUCT_CONTEXT('', #15161, 'mechanical');
#16748 = PRODUCT('UNIDENTIFIED_PRODUCT', '', $, (#16747));
#16749 = PRODUCT_DEFINITION_FORMATION('', $, #16748);
#16750 = PRODUCT_DEFINITION('design', $, #16749, #15162);
#16751 = PRODUCT_DEFINITION_SHAPE('', '', #16750);
#16752 = ADVANCED_BREP_SHAPE_REPRESENTATION('', (#15061), #4);
#16753 = SHAPE_DEFINITION_REPRESENTATION(#16751, #16752);
#16754 = COLOUR_RGB('', 0.19215687, 0.22745098, 0.25882354);
#16755 = FILL_AREA_STYLE_COLOUR('', #16754);
#16756 = FILL_AREA_STYLE('', (#16755));
#16757 = SURFACE_STYLE_FILL_AREA(#16756);
#16758 = SURFACE_SIDE_STYLE('', (#16757));
#16759 = SURFACE_STYLE_USAGE(.BOTH., #16758);
#16760 = PRESENTATION_STYLE_ASSIGNMENT((#16759));
#16761 = STYLED_ITEM('', (#16760), #15061);
#16762 = MECHANICAL_DESIGN_GEOMETRIC_PRESENTATION_REPRESENTATION('', (#16761), #4);
#16763 = PRODUCT_CONTEXT('', #15161, 'mechanical');
#16764 = PRODUCT('UNIDENTIFIED_PRODUCT', '', $, (#16763));
#16765 = PRODUCT_DEFINITION_FORMATION('', $, #16764);
#16766 = PRODUCT_DEFINITION('design', $, #16765, #15162);
#16767 = PRODUCT_DEFINITION_SHAPE('', '', #16766);
#16768 = ADVANCED_BREP_SHAPE_REPRESENTATION('', (#15060), #4);
#16769 = SHAPE_DEFINITION_REPRESENTATION(#16767, #16768);
#16770 = COLOUR_RGB('', 0.8509804, 0.50980395, 0.16862746);
#16771 = FILL_AREA_STYLE_COLOUR('', #16770);
#16772 = FILL_AREA_STYLE('', (#16771));
#16773 = SURFACE_STYLE_FILL_AREA(#16772);
#16774 = SURFACE_SIDE_STYLE('', (#16773));
#16775 = SURFACE_STYLE_USAGE(.BOTH., #16774);
#16776 = PRESENTATION_STYLE_ASSIGNMENT((#16775));
#16777 = STYLED_ITEM('', (#16776), #15060);
#16778 = MECHANICAL_DESIGN_GEOMETRIC_PRESENTATION_REPRESENTATION('', (#16777), #4);
ENDSEC;
END-ISO-10303-21;
